{
"type": "FeatureCollection",
"name": "Erosion laminar y surcos",
"crs": { "type": "name", "properties": { "name": "urn:ogc:def:crs:OGC:1.3:CRS84" } },
"features": [
{ "type": "Feature", "properties": { "fid": 65803, "Shape_Area": 7.7288148326999997e-05, "area_ha": 94.502992156087373, "tipo": "hidrica", "clas": "laminar y surcos", "gra": "ligera" }, "geometry": { "type": "MultiPolygon", "coordinates": [ [ [ [ -73.294741247292848, 5.850650286730127 ], [ -73.292806725850042, 5.850387655608451 ], [ -73.290069608842074, 5.850360195004622 ], [ -73.288251781947437, 5.851019273921081 ], [ -73.287748566261385, 5.851435128937499 ], [ -73.287749824017396, 5.851433747154374 ], [ -73.287966138554566, 5.851174540899649 ], [ -73.288160858067613, 5.850915304932016 ], [ -73.288096528394078, 5.850590827419637 ], [ -73.287772633068585, 5.850568745355815 ], [ -73.287470212278663, 5.850633197002139 ], [ -73.287168032997954, 5.850524641826439 ], [ -73.287152373105812, 5.850505769075596 ], [ -73.287152373272647, 5.850086242919247 ], [ -73.28710478399114, 5.849610350394016 ], [ -73.286819247753897, 5.849134458198648 ], [ -73.28662889144141, 5.848325441833822 ], [ -73.28724755069544, 5.847992317255944 ], [ -73.287661311136844, 5.848084263082569 ], [ -73.287754436275009, 5.848146625146001 ], [ -73.288034957708476, 5.848298399830185 ], [ -73.288315480192637, 5.848450175270557 ], [ -73.288639403881575, 5.84845063057179 ], [ -73.28894182425023, 5.84838617835436 ], [ -73.289244061772479, 5.84845147960533 ], [ -73.289546208912839, 5.848581659310923 ], [ -73.28987013445078, 5.84858211389718 ], [ -73.290172613759296, 5.848474408910931 ], [ -73.290475125166779, 5.848345078163732 ], [ -73.290756071209671, 5.848194090306492 ], [ -73.291015450972566, 5.848021447182361 ], [ -73.291274861860984, 5.847827177438432 ], [ -73.291426418802018, 5.847546253075677 ], [ -73.29121080162929, 5.847308067189601 ], [ -73.290908563647349, 5.847242766071133 ], [ -73.290606325727879, 5.847177464786398 ], [ -73.290304119197685, 5.847090537731333 ], [ -73.290066876657647, 5.846873945602169 ], [ -73.289894480968201, 5.846614193605205 ], [ -73.289887493596723, 5.846589574303039 ], [ -73.28981736920457, 5.845327320765477 ], [ -73.290245671590014, 5.844946606553833 ], [ -73.291102278014932, 5.845279731897506 ], [ -73.291149867204865, 5.845708034323536 ], [ -73.291102277710991, 5.846326694132642 ], [ -73.291530580874792, 5.846707407560189 ], [ -73.292006472562434, 5.846992942769873 ], [ -73.292292008008928, 5.846850176331884 ], [ -73.292529954667941, 5.84708812210539 ], [ -73.292767900970034, 5.847754371232725 ], [ -73.292990038181188, 5.848376354665675 ], [ -73.293005846965855, 5.84842062021562 ], [ -73.293386559965825, 5.84870615492332 ], [ -73.294000220034889, 5.848899942866183 ], [ -73.294037479117378, 5.848933959025828 ], [ -73.29429634811828, 5.849128953152842 ], [ -73.294555218199832, 5.849323947149628 ], [ -73.294857456732075, 5.849389246223666 ], [ -73.295159877624315, 5.849324789763784 ], [ -73.295419258245829, 5.849152143747858 ], [ -73.295473278373208, 5.849052011958975 ], [ -73.295505697668204, 5.849109012715815 ], [ -73.29567809758538, 5.849368763703808 ], [ -73.296001993204584, 5.849390840320439 ], [ -73.2963040827687, 5.849564268367089 ], [ -73.296305787438371, 5.849566549845065 ], [ -73.296337091604812, 5.849848296565028 ], [ -73.296622627236502, 5.850086243359783 ], [ -73.296479860044371, 5.850466956393632 ], [ -73.295956551781444, 5.850609676650436 ], [ -73.295956378295955, 5.850609723801313 ], [ -73.295766021114559, 5.850942848581553 ], [ -73.29630280038478, 5.851434896997413 ], [ -73.294741247292848, 5.850650286730127 ] ] ], [ [ [ -73.285417320952376, 5.85309470435951 ], [ -73.284709135014964, 5.85330636893392 ], [ -73.283764321286796, 5.853990296421784 ], [ -73.283220406030068, 5.854840201274721 ], [ -73.282968104378526, 5.85609426769341 ], [ -73.282959342929246, 5.856098632088163 ], [ -73.282965596150746, 5.856106734005664 ], [ -73.282965596285521, 5.856106734180273 ], [ -73.282963048879708, 5.856119396071557 ], [ -73.282963048641705, 5.856119396074234 ], [ -73.282707618651727, 5.856122266117438 ], [ -73.282641654675331, 5.856286734799141 ], [ -73.282569579891856, 5.856573712979412 ], [ -73.282569478594496, 5.856645483109844 ], [ -73.28228280366551, 5.856645077274322 ], [ -73.281996129633171, 5.8566446703868 ], [ -73.281709454690542, 5.856644263353473 ], [ -73.281422984436745, 5.856500315897904 ], [ -73.281208282693058, 5.856284700675872 ], [ -73.280921812743259, 5.856140753852742 ], [ -73.280635138935736, 5.856140346257007 ], [ -73.280348362634413, 5.856211708659885 ], [ -73.280061587157377, 5.856283070918948 ], [ -73.279974162367751, 5.856326689762227 ], [ -73.280212717769132, 5.855760194550783 ], [ -73.280188454400047, 5.854753996338047 ], [ -73.280117334445492, 5.854753895208091 ], [ -73.279759161964137, 5.854633769346094 ], [ -73.279580416406475, 5.854334472932862 ], [ -73.279401669236563, 5.854035176451418 ], [ -73.279222923165264, 5.853735879900455 ], [ -73.279223431878336, 5.853377030015906 ], [ -73.279283664627769, 5.853018265333617 ], [ -73.279403536226312, 5.852719393853477 ], [ -73.279523406800138, 5.852420522350997 ], [ -73.279643278156186, 5.852121649920036 ], [ -73.279822870576652, 5.851822862623465 ], [ -73.280062104379283, 5.851583970227978 ], [ -73.280301336170567, 5.851345075929316 ], [ -73.280540566855336, 5.851106182441754 ], [ -73.280839353078193, 5.850986989026239 ], [ -73.281197861149337, 5.850867881377383 ], [ -73.281254538631686, 5.850860868277948 ], [ -73.282165436877676, 5.85005866292795 ], [ -73.283413630566088, 5.848725383716101 ], [ -73.283529682901474, 5.849017122293787 ], [ -73.283708429577871, 5.849316416579995 ], [ -73.284006792929233, 5.849496264251854 ], [ -73.284118417924958, 5.849636398583016 ], [ -73.284305323791045, 5.8495564948592 ], [ -73.284604191944823, 5.849377490612426 ], [ -73.284903144408929, 5.849138679125929 ], [ -73.285261483209638, 5.849139184955277 ], [ -73.285619736667627, 5.849199499451572 ], [ -73.285858293411138, 5.849439069549931 ], [ -73.285857788812223, 5.849797920191236 ], [ -73.285857284223653, 5.85015677082805 ], [ -73.285856778741675, 5.850515620555939 ], [ -73.285736911954416, 5.85081449505941 ], [ -73.285378319667814, 5.850993413547997 ], [ -73.285318582866694, 5.85100329833449 ], [ -73.285318259890744, 5.851232562738403 ], [ -73.285258032061165, 5.851591329706139 ], [ -73.285138163844238, 5.851890203192454 ], [ -73.28510222114528, 5.852015514332265 ], [ -73.285153626044803, 5.851989810987391 ], [ -73.2852572539025, 5.852102860099819 ], [ -73.285286832699512, 5.852252056770169 ], [ -73.285372787407823, 5.852554939692993 ], [ -73.285631684116595, 5.85272831225052 ], [ -73.285952245360363, 5.852750167226594 ], [ -73.285417320952376, 5.85309470435951 ] ] ] ] } },
{ "type": "Feature", "properties": { "fid": 80477, "Shape_Area": 0.0025605230592800001, "area_ha": 3130.9991232043749, "tipo": "hidrica", "clas": "laminar y surcos", "gra": "moderada" }, "geometry": { "type": "MultiPolygon", "coordinates": [ [ [ [ -73.346056611153088, 5.841894813813449 ], [ -73.345749401659077, 5.842248863037922 ], [ -73.345776979744841, 5.842371805202259 ], [ -73.345776979702066, 5.842371805226662 ], [ -73.345667206386054, 5.842434434233326 ], [ -73.345532332727771, 5.842670088805278 ], [ -73.345296666232116, 5.842804543100101 ], [ -73.345027576809969, 5.842770501807479 ], [ -73.344876424340782, 5.842736656805812 ], [ -73.344901890189249, 5.842329199637391 ], [ -73.34487433755794, 5.842315423694856 ], [ -73.344786652178868, 5.842331199764715 ], [ -73.344692889378507, 5.842351148805733 ], [ -73.344442072616118, 5.842408777150297 ], [ -73.344335521301787, 5.842430882400549 ], [ -73.344249402412515, 5.842445911722336 ], [ -73.344185535862721, 5.842452212415651 ], [ -73.344122529148535, 5.842453307111725 ], [ -73.34405162983677, 5.842450217464261 ], [ -73.343982634556994, 5.842442644260302 ], [ -73.343933748082918, 5.842433728417689 ], [ -73.343858602367391, 5.842417295555322 ], [ -73.343474059999949, 5.842322867615906 ], [ -73.343437293026113, 5.84231578686871 ], [ -73.34340342475889, 5.842311174047495 ], [ -73.34337129145996, 5.842309363803054 ], [ -73.343338376033387, 5.842309792962908 ], [ -73.343267028417472, 5.842315451058369 ], [ -73.343189851462796, 5.842326073823131 ], [ -73.343093836572962, 5.842342980516776 ], [ -73.343045260260567, 5.842353665441351 ], [ -73.343013183962341, 5.842362367428564 ], [ -73.342963168155734, 5.842380599881267 ], [ -73.342912526955274, 5.842403218260586 ], [ -73.342821307249949, 5.84244880724242 ], [ -73.342732012649776, 5.842497826733336 ], [ -73.342689281397043, 5.842524974237449 ], [ -73.342647738566598, 5.842553748173771 ], [ -73.342587974837272, 5.842597459105889 ], [ -73.342532793228372, 5.842640444157666 ], [ -73.342501789613152, 5.842667055085371 ], [ -73.342474686914954, 5.842693212952497 ], [ -73.342445642473876, 5.842724281537016 ], [ -73.342417554429801, 5.842757338691172 ], [ -73.342393584536353, 5.842789030429685 ], [ -73.342372917003331, 5.842821229661411 ], [ -73.342352240231207, 5.842859050655534 ], [ -73.342333038805691, 5.842899248141407 ], [ -73.342317406543657, 5.842937333031671 ], [ -73.342304540595137, 5.842975654247027 ], [ -73.342293792771102, 5.843015289113112 ], [ -73.342285699354477, 5.843055406528606 ], [ -73.342281088788525, 5.843095620465533 ], [ -73.342279414547249, 5.843136262481494 ], [ -73.342280297088109, 5.843175850444425 ], [ -73.342284305055955, 5.843214759576028 ], [ -73.342291429171382, 5.843248125595835 ], [ -73.342301595524305, 5.843280727766569 ], [ -73.342317096598947, 5.843321229002527 ], [ -73.342334877866335, 5.843362056452918 ], [ -73.342368367913537, 5.843428259117275 ], [ -73.342385999935686, 5.84345694811401 ], [ -73.342406677621284, 5.843486047021486 ], [ -73.342472826086748, 5.843567429878931 ], [ -73.342565003418201, 5.843674168069811 ], [ -73.342598161495118, 5.843715986141831 ], [ -73.342624725095675, 5.843754335811411 ], [ -73.342647862654019, 5.843795360889544 ], [ -73.3426666834157, 5.843838032048723 ], [ -73.342677584907733, 5.843875766827409 ], [ -73.342681899954982, 5.843914333682392 ], [ -73.342680323919694, 5.843948495955942 ], [ -73.342673233214327, 5.8439820172444 ], [ -73.342660933023524, 5.844014470209345 ], [ -73.342643659534758, 5.844044906284012 ], [ -73.342618915526032, 5.844077222038891 ], [ -73.342586416531503, 5.844113226708544 ], [ -73.342480849595972, 5.844218225696693 ], [ -73.34244604039975, 5.844255113221038 ], [ -73.342417904237607, 5.844287920631473 ], [ -73.34239660320452, 5.844317197155249 ], [ -73.342378667486173, 5.844347953085503 ], [ -73.342362527946591, 5.844382603874408 ], [ -73.342349511225848, 5.844418225616778 ], [ -73.342340201405989, 5.844450851415729 ], [ -73.342333573827148, 5.844483650241784 ], [ -73.342333534308636, 5.844484051173538 ], [ -73.342427250990227, 5.844661072162125 ], [ -73.343188677790863, 5.845136963630978 ], [ -73.343188677989758, 5.845607561271436 ], [ -73.343198360855695, 5.845610304694901 ], [ -73.343214622229027, 5.845616954531692 ], [ -73.343230315515086, 5.845625630972904 ], [ -73.343260862456589, 5.845648740964691 ], [ -73.343284467583487, 5.845672350223083 ], [ -73.343306036050251, 5.845699331787614 ], [ -73.343336333614445, 5.845744738000121 ], [ -73.343382454882487, 5.845818544677115 ], [ -73.343408512436554, 5.84585369911116 ], [ -73.343436107056846, 5.845885710502728 ], [ -73.343475658265618, 5.845926453099423 ], [ -73.343518442632273, 5.845965319495576 ], [ -73.343555580393058, 5.845993200130408 ], [ -73.343594639798994, 5.846015814394832 ], [ -73.343631975996743, 5.846032700261617 ], [ -73.343670470822303, 5.84604530394131 ], [ -73.343709578626488, 5.846052437524634 ], [ -73.343750687551392, 5.846055711937197 ], [ -73.343808509252426, 5.846055997817643 ], [ -73.343868957918289, 5.846051754453242 ], [ -73.343921093249492, 5.846044035607065 ], [ -73.34396772225557, 5.846031619645089 ], [ -73.343994124467429, 5.846021401601433 ], [ -73.344019712929537, 5.846008999425464 ], [ -73.344041946258471, 5.845995540473268 ], [ -73.344062034955073, 5.845980304541683 ], [ -73.344083900011128, 5.84596015798752 ], [ -73.344104913920489, 5.845937262615394 ], [ -73.344123509045858, 5.84591352256507 ], [ -73.344139677938756, 5.845888579467726 ], [ -73.344151827045891, 5.845864812596233 ], [ -73.344162342122615, 5.845839299203078 ], [ -73.3441817296154, 5.845778318607699 ], [ -73.344204154211525, 5.845685977579194 ], [ -73.344236182623547, 5.845540960643689 ], [ -73.344252791251051, 5.845478479477151 ], [ -73.344271231156313, 5.845424067827878 ], [ -73.34428005619344, 5.845404250527906 ], [ -73.344290133869663, 5.845386125683547 ], [ -73.344300998479127, 5.845370669152032 ], [ -73.344313513337795, 5.845356885827869 ], [ -73.344326021373035, 5.845346725155196 ], [ -73.344339958627302, 5.845338847783751 ], [ -73.344354858977056, 5.845333545403832 ], [ -73.344370496608349, 5.845330993720381 ], [ -73.344383505233452, 5.845331098868769 ], [ -73.344398298051885, 5.845333201125811 ], [ -73.34442554059126, 5.845342102128086 ], [ -73.344456382022884, 5.845359069752192 ], [ -73.344486044924338, 5.845380266178495 ], [ -73.344525223423716, 5.845412925618803 ], [ -73.344563321276667, 5.845448798409222 ], [ -73.344645390426024, 5.845538877146055 ], [ -73.344710073005672, 5.845601437856772 ], [ -73.344741167438031, 5.845627178214897 ], [ -73.344773928142047, 5.845651230659939 ], [ -73.344807292380949, 5.845672117101287 ], [ -73.344844553004805, 5.845692490738315 ], [ -73.344959317454027, 5.845748354564932 ], [ -73.345103663474333, 5.845813506134732 ], [ -73.345232179203663, 5.845869091768975 ], [ -73.345336435048694, 5.84591070396425 ], [ -73.345377473898509, 5.845923507772397 ], [ -73.345417052635526, 5.845930813798248 ], [ -73.345455393915358, 5.845931718732345 ], [ -73.34549359408328, 5.845926506970443 ], [ -73.345514234582708, 5.845921087000931 ], [ -73.345534310985386, 5.84591387460631 ], [ -73.345552308095137, 5.845905337690112 ], [ -73.345569004650486, 5.845895085725658 ], [ -73.345587185558827, 5.845881229204906 ], [ -73.345604394824932, 5.84586560946957 ], [ -73.345636952894949, 5.845828856175615 ], [ -73.345662864494386, 5.845789400165643 ], [ -73.345673081050961, 5.845769399183609 ], [ -73.345681487091269, 5.84574869523874 ], [ -73.345687337888478, 5.845728615494636 ], [ -73.345691305914272, 5.845707897086129 ], [ -73.345694145476102, 5.845664008186304 ], [ -73.34569013676861, 5.845621374187431 ], [ -73.345679725198067, 5.845579812008452 ], [ -73.345661694342141, 5.845539220134413 ], [ -73.345638381158949, 5.845501111163344 ], [ -73.345612870090122, 5.845467218954468 ], [ -73.345582722807251, 5.845434298833084 ], [ -73.345510943585737, 5.845368913614777 ], [ -73.345466567983522, 5.845324537911665 ], [ -73.345434719406683, 5.845284787109904 ], [ -73.345406837943415, 5.845241971404448 ], [ -73.345387410355329, 5.845204873612772 ], [ -73.345372685450229, 5.845166138529919 ], [ -73.345361498800401, 5.845122034721442 ], [ -73.345354418953661, 5.845077197161856 ], [ -73.345351793893826, 5.845042053757197 ], [ -73.345351267863236, 5.845006530779585 ], [ -73.34535262529073, 5.844969822925918 ], [ -73.345353702336638, 5.844957788703596 ], [ -73.345425372320392, 5.845136963871823 ], [ -73.345901263706139, 5.8456604453728 ], [ -73.346143400934636, 5.845908790975386 ], [ -73.346402688127057, 5.846006549388505 ], [ -73.346638006372928, 5.846141615910369 ], [ -73.34680591037403, 5.846377664843317 ], [ -73.346940127686139, 5.846647360974885 ], [ -73.346906136061762, 5.846916837910385 ], [ -73.346759586253313, 5.847042302932948 ], [ -73.346670381361491, 5.847118673402179 ], [ -73.346367602922896, 5.847118278317339 ], [ -73.346098512294361, 5.847084237668241 ], [ -73.345829506834946, 5.846982817232458 ], [ -73.345594189303256, 5.846847750384825 ], [ -73.345559773207071, 5.846847704592619 ], [ -73.345435344557814, 5.847094104845212 ], [ -73.345187425776032, 5.846945354086984 ], [ -73.344759122838582, 5.846802587308673 ], [ -73.344330820046594, 5.847135710995929 ], [ -73.34437840925392, 5.848087495073571 ], [ -73.344378408595617, 5.848610977102851 ], [ -73.344330819604806, 5.849610350116905 ], [ -73.343902516960611, 5.85041936707006 ], [ -73.343569391766152, 5.8510856159931 ], [ -73.343331446186198, 5.851894632760093 ], [ -73.343093499588065, 5.852513292592619 ], [ -73.342998322344783, 5.853084363419157 ], [ -73.342617608218973, 5.85351266571007 ], [ -73.342427250658943, 5.853893379810131 ], [ -73.342570018581512, 5.854274094128868 ], [ -73.342580736068385, 5.854291240632108 ], [ -73.342455504654822, 5.854491310213461 ], [ -73.34232062791898, 5.854726965066391 ], [ -73.342185705599434, 5.854996308818841 ], [ -73.342118069262654, 5.855265740914888 ], [ -73.34205043196431, 5.855535173004512 ], [ -73.342050035300815, 5.85583838419916 ], [ -73.342083325419821, 5.856107948386637 ], [ -73.342116614674467, 5.856377512568088 ], [ -73.342183547104923, 5.856647122276513 ], [ -73.342183346425259, 5.856801467251046 ], [ -73.341827249327309, 5.856979195073507 ], [ -73.341253469194498, 5.857243167075978 ], [ -73.341140057725738, 5.857083723775645 ], [ -73.341005841234221, 5.85681402724407 ], [ -73.340871667712406, 5.856510639027135 ], [ -73.340636347131351, 5.856375570309865 ], [ -73.340367163783753, 5.856408905929641 ], [ -73.340131445679503, 5.8565770473312 ], [ -73.339962924334259, 5.856812656029831 ], [ -73.33996252658352, 5.857115866370009 ], [ -73.339995814916506, 5.857385430723241 ], [ -73.340062747395621, 5.85765503982185 ], [ -73.340197008351481, 5.857891046750694 ], [ -73.340331267616364, 5.858127053639748 ], [ -73.340398200363154, 5.858396662676739 ], [ -73.340498773732293, 5.858666316423182 ], [ -73.3405993490112, 5.858935969237393 ], [ -73.340624563354197, 5.858961285295948 ], [ -73.34060637370527, 5.859323975558482 ], [ -73.340607187193882, 5.859561320448734 ], [ -73.34060703065694, 5.859669850637829 ], [ -73.340606772246133, 5.85986824842081 ], [ -73.340167385991379, 5.860195451305515 ], [ -73.340059432238604, 5.860181792758681 ], [ -73.339891528298608, 5.859945741091792 ], [ -73.339858238889065, 5.85967617676306 ], [ -73.339824950422326, 5.859406612427563 ], [ -73.339623404435656, 5.859170515892913 ], [ -73.339388082973358, 5.859035445806569 ], [ -73.339119030666097, 5.858967711391017 ], [ -73.338849757345372, 5.859068426937313 ], [ -73.33868123385048, 5.859304035304433 ], [ -73.338562261741515, 5.859541531354296 ], [ -73.338528445811789, 5.859541486623129 ], [ -73.33824195469856, 5.859397567261169 ], [ -73.337955528036559, 5.859205799426491 ], [ -73.337669163191094, 5.858966184021142 ], [ -73.337430577679299, 5.858726632904961 ], [ -73.33728761669289, 5.858439359570923 ], [ -73.337192498380659, 5.858104302342042 ], [ -73.337145160106786, 5.857769307757053 ], [ -73.337145600883559, 5.857434376738127 ], [ -73.337146041671303, 5.857099445715335 ], [ -73.337146483373544, 5.856764514688393 ], [ -73.337194703984096, 5.856429647235188 ], [ -73.337195144776103, 5.856094716202222 ], [ -73.337243365322308, 5.855759847837021 ], [ -73.337243806107665, 5.855424916797858 ], [ -73.337244246903992, 5.855089985754432 ], [ -73.336957821025408, 5.854898219045936 ], [ -73.33667089155324, 5.855089228859754 ], [ -73.336574891883231, 5.855424033567829 ], [ -73.336574450699516, 5.855758964629558 ], [ -73.336574008622904, 5.856093895687877 ], [ -73.336573568364599, 5.85642882674108 ], [ -73.336573127213569, 5.85676375779093 ], [ -73.336572685169642, 5.857098688837368 ], [ -73.336381188033215, 5.857385519739523 ], [ -73.336094319798349, 5.857528682807754 ], [ -73.335759925004538, 5.857480393254093 ], [ -73.335521341829974, 5.857240840324209 ], [ -73.335282821601368, 5.856953440757138 ], [ -73.335044239758531, 5.856713887594765 ], [ -73.334757814610384, 5.856522118872476 ], [ -73.334567074875906, 5.856234781830665 ], [ -73.334328492739814, 5.85599522922854 ], [ -73.333994162718284, 5.855899092027244 ], [ -73.33380342358862, 5.855611754685242 ], [ -73.33366046528613, 5.855324481147818 ], [ -73.333575655598281, 5.855196720729737 ], [ -73.333575655995219, 5.855083110866531 ], [ -73.332528693078871, 5.854083737072358 ], [ -73.332052800951999, 5.853274719810599 ], [ -73.331942669039336, 5.853040690041382 ], [ -73.332204980011852, 5.852909783593759 ], [ -73.332491846157154, 5.852766622569732 ], [ -73.332826363898221, 5.852719220268796 ], [ -73.333112850282987, 5.852863141801095 ], [ -73.333447242171474, 5.852911433110876 ], [ -73.333781697898416, 5.8529118758712 ], [ -73.334116152711488, 5.852912319337463 ], [ -73.334450544681545, 5.852960610042544 ], [ -73.334785001308717, 5.852961053107549 ], [ -73.335119456117184, 5.852961495068996 ], [ -73.335453849072564, 5.853009785169093 ], [ -73.335788303887682, 5.853010226730191 ], [ -73.336122885880116, 5.852914975040278 ], [ -73.33640987715404, 5.852676117210933 ], [ -73.33664915226916, 5.852389349083296 ], [ -73.336745150576235, 5.852054544358907 ], [ -73.336793372087925, 5.851719675988363 ], [ -73.336793812372321, 5.851384744886843 ], [ -73.336555230613271, 5.851145193127252 ], [ -73.336220714242131, 5.851192599392334 ], [ -73.336029156052405, 5.851527276657407 ], [ -73.335837660363381, 5.851814109147824 ], [ -73.335646165386436, 5.852100939770537 ], [ -73.33531158377383, 5.852196192060489 ], [ -73.334977127618686, 5.852195749283453 ], [ -73.334642673260703, 5.852195307211161 ], [ -73.334308344587328, 5.852099169154144 ], [ -73.333974016018317, 5.852003031795618 ], [ -73.333639687553159, 5.851906894231433 ], [ -73.333257516825824, 5.851858539975183 ], [ -73.332923062610917, 5.85185809596129 ], [ -73.332588545389513, 5.851905499196732 ], [ -73.332254090220886, 5.851905054786187 ], [ -73.331919826007095, 5.851761068724386 ], [ -73.331681246940263, 5.851521515691161 ], [ -73.331538289945229, 5.85123424235627 ], [ -73.331395396202765, 5.850899119707663 ], [ -73.331300281971437, 5.850564062927504 ], [ -73.33130072556321, 5.850229131629874 ], [ -73.331253453914996, 5.849846290568053 ], [ -73.331253897558611, 5.849511360165536 ], [ -73.331349899637701, 5.849176556174427 ], [ -73.331636828169735, 5.848985548205519 ], [ -73.33192375469514, 5.848794540100585 ], [ -73.332067472363292, 5.848507646620931 ], [ -73.332067915566711, 5.848172716229215 ], [ -73.332068358780816, 5.847837785833633 ], [ -73.332355284583912, 5.847646776637248 ], [ -73.33268967421202, 5.847695067681514 ], [ -73.333024000004741, 5.847791205977728 ], [ -73.333406230885089, 5.84779171310629 ], [ -73.333740619750245, 5.847840002610269 ], [ -73.334075073358235, 5.847840446272244 ], [ -73.334409525147521, 5.847840888830603 ], [ -73.334743976925893, 5.847841331190011 ], [ -73.335078618911211, 5.847698231922095 ], [ -73.335270112818364, 5.847411400612486 ], [ -73.334983691611853, 5.847219631676239 ], [ -73.334601650624563, 5.847075585066932 ], [ -73.334219483155721, 5.847027232179926 ], [ -73.333885093847982, 5.846978942030432 ], [ -73.333550706393908, 5.846930651676871 ], [ -73.333216317178767, 5.846882361122198 ], [ -73.33292983390146, 5.846738440345575 ], [ -73.332739097761589, 5.846451103246011 ], [ -73.332643983643607, 5.846116044833536 ], [ -73.332357500896308, 5.845972122825401 ], [ -73.332023177196447, 5.845875984962902 ], [ -73.331688725591562, 5.845875540917064 ], [ -73.331354274879743, 5.845875096671705 ], [ -73.331067918858878, 5.845635479951113 ], [ -73.330972805884585, 5.845300422086439 ], [ -73.330935179830021, 5.845224811085927 ], [ -73.330692903841964, 5.845278390368833 ], [ -73.33052477480453, 5.845474295366671 ], [ -73.330349698156851, 5.84543913201054 ], [ -73.330334243288803, 5.845485361369697 ], [ -73.330111332235902, 5.845676187112474 ], [ -73.329856697682658, 5.845803264386859 ], [ -73.329699486742356, 5.845862063026061 ], [ -73.329602104918251, 5.845898486072485 ], [ -73.329315788765769, 5.845929959226737 ], [ -73.32902947438015, 5.84596143133075 ], [ -73.328743242063297, 5.845929195948372 ], [ -73.328456883848446, 5.84599252234085 ], [ -73.32817048266719, 5.846087701360034 ], [ -73.327915891256907, 5.846182923207664 ], [ -73.327661213007957, 5.846341853200386 ], [ -73.327533640884155, 5.846596513369605 ], [ -73.327787936673815, 5.8467242683069 ], [ -73.328074211362832, 5.846724649577766 ], [ -73.328360569999631, 5.846661324263493 ], [ -73.328646885698618, 5.846629851573482 ], [ -73.328933202261624, 5.846598379643865 ], [ -73.329219518784555, 5.846566907570036 ], [ -73.329505665808313, 5.846662850933001 ], [ -73.329696219225355, 5.846886081129412 ], [ -73.329791304751211, 5.847141039061739 ], [ -73.329790924987776, 5.847427722971929 ], [ -73.329695160878771, 5.84768242643986 ], [ -73.329440526242024, 5.847809501762356 ], [ -73.329154335801377, 5.847745412976565 ], [ -73.328899700097907, 5.847872488967539 ], [ -73.328772129146046, 5.848127150296534 ], [ -73.328771747083749, 5.848413834226278 ], [ -73.328834983250545, 5.848700603069403 ], [ -73.32899368609219, 5.848955645128171 ], [ -73.32918423923968, 5.849178876353676 ], [ -73.329311134134343, 5.849433876318642 ], [ -73.329342560646239, 5.849720603098206 ], [ -73.329342179822504, 5.850007286995265 ], [ -73.329278182415635, 5.850293886039708 ], [ -73.329055311999582, 5.850452857791709 ], [ -73.32880071702175, 5.850548080129272 ], [ -73.328514484172615, 5.850515844764516 ], [ -73.328323929892065, 5.850292613333295 ], [ -73.328133375764025, 5.850069381827154 ], [ -73.327942822692592, 5.84984615115053 ], [ -73.327784120036313, 5.849591107885431 ], [ -73.327774899147016, 5.849576287812454 ], [ -73.327198701297334, 5.8491820479436 ], [ -73.326770397866824, 5.848801334155326 ], [ -73.325771024014273, 5.84846820902726 ], [ -73.325247543236344, 5.848182673959855 ], [ -73.324800198942285, 5.847900141422258 ], [ -73.324256207196242, 5.848352300299155 ], [ -73.324248169331895, 5.848420620441061 ], [ -73.324724060726453, 5.848610976858424 ], [ -73.325485489304015, 5.848753745285194 ], [ -73.326532452116794, 5.849182047610554 ], [ -73.327246289549521, 5.849705529364144 ], [ -73.327389057834182, 5.850229009558632 ], [ -73.327008343913064, 5.850419366937388 ], [ -73.326770397576752, 5.850704903270241 ], [ -73.326056559297683, 5.850942848834507 ], [ -73.325199954030154, 5.851371152019965 ], [ -73.32500959676139, 5.850942848850309 ], [ -73.324676471731664, 5.850466956312118 ], [ -73.324676472433964, 5.8498007074013 ], [ -73.324438525729931, 5.849086868942209 ], [ -73.324057812074841, 5.849229636614382 ], [ -73.323460771362761, 5.848915405441062 ], [ -73.323234280924908, 5.849072131768253 ], [ -73.323108902271315, 5.849130132933738 ], [ -73.3231088469567, 5.849170745071376 ], [ -73.323172080380459, 5.849457513795699 ], [ -73.323267164416052, 5.84971247204453 ], [ -73.323425907380226, 5.849935662108805 ], [ -73.32361645787455, 5.850158895321727 ], [ -73.323838860867454, 5.850350316155016 ], [ -73.324061264010652, 5.85054173779497 ], [ -73.324283708596226, 5.850701305657935 ], [ -73.324506155112829, 5.850860873423699 ], [ -73.324664898897879, 5.851084063083476 ], [ -73.324632707358319, 5.851370703958423 ], [ -73.324346302736956, 5.851465881197328 ], [ -73.324060070450116, 5.851433642667985 ], [ -73.323773878604072, 5.851369551215839 ], [ -73.32348764638374, 5.851337313294891 ], [ -73.323201370125219, 5.851336928005026 ], [ -73.322915093858967, 5.851336542569015 ], [ -73.322628860777002, 5.851304304206963 ], [ -73.322342627719308, 5.851272064791942 ], [ -73.322056394687138, 5.851239826134304 ], [ -73.321770119343228, 5.851239441015878 ], [ -73.321515822672325, 5.851111683410693 ], [ -73.321293463371546, 5.850888407040657 ], [ -73.321198380888063, 5.850633449334339 ], [ -73.321188168356741, 5.850540263433004 ], [ -73.32116670056979, 5.85053784492726 ], [ -73.320884641660314, 5.850474676296926 ], [ -73.320880511240148, 5.850473751048469 ], [ -73.320658065831992, 5.85031418268369 ], [ -73.320594835359941, 5.850027412713644 ], [ -73.320499753353147, 5.849772454855781 ], [ -73.320277351661787, 5.849581031715843 ], [ -73.320086801734817, 5.84935779909199 ], [ -73.319800613105144, 5.849293704620209 ], [ -73.319577696815543, 5.849484526437777 ], [ -73.319577311915339, 5.849771209700691 ], [ -73.319640541838851, 5.850057978912957 ], [ -73.31973562442397, 5.850312937836634 ], [ -73.319735237819145, 5.850599621088008 ], [ -73.319575896161268, 5.85082238254779 ], [ -73.319416554379586, 5.851045143967724 ], [ -73.319193638193212, 5.851235964760178 ], [ -73.318938999360512, 5.851363036428552 ], [ -73.318652593620413, 5.851458209909367 ], [ -73.318366276448216, 5.851489676757524 ], [ -73.318080043421901, 5.851457436065459 ], [ -73.317793852981026, 5.851393340621485 ], [ -73.317539601427086, 5.851233728373586 ], [ -73.317476372396072, 5.850946957980739 ], [ -73.317417691633523, 5.850680824099982 ], [ -73.31682425099325, 5.850562134803681 ], [ -73.315682110203227, 5.850229009705686 ], [ -73.31558693084645, 5.849657940386408 ], [ -73.315539342348529, 5.848182674024542 ], [ -73.315597756113903, 5.848205140949233 ], [ -73.315550291667478, 5.848121698987256 ], [ -73.315416044185554, 5.847885687179087 ], [ -73.315349125680427, 5.847616077035809 ], [ -73.315450416062902, 5.847346694593057 ], [ -73.315551750738223, 5.847043623112256 ], [ -73.315553355795828, 5.847030900826496 ], [ -73.315539341769863, 5.846897765393464 ], [ -73.31487309296574, 5.84594598115541 ], [ -73.314692158367166, 5.845506568043447 ], [ -73.313162510213772, 5.845225506155714 ], [ -73.313145956506389, 5.845215861898055 ], [ -73.313112752127836, 5.845200964426738 ], [ -73.313080214593072, 5.845190801468448 ], [ -73.313046708838272, 5.845184850852434 ], [ -73.313017177058839, 5.84518297407709 ], [ -73.312987096351208, 5.84518364966641 ], [ -73.312954537391988, 5.845186971908674 ], [ -73.312953622943724, 5.845187124455776 ], [ -73.312935124357125, 5.845183725678169 ], [ -73.312483258632938, 5.845200534824926 ], [ -73.312472354419924, 5.845185319930181 ], [ -73.312458488293998, 5.845159379883114 ], [ -73.312447293169612, 5.845131263668861 ], [ -73.312431679099291, 5.845073975877256 ], [ -73.312424522411163, 5.845053736224486 ], [ -73.312416525879655, 5.845036183942341 ], [ -73.312406989052931, 5.845021150187847 ], [ -73.31239494854799, 5.84500854318776 ], [ -73.312380296295089, 5.844999035406886 ], [ -73.312362959075301, 5.844992590686047 ], [ -73.312344514918095, 5.844989551137701 ], [ -73.312312101395548, 5.844991130258563 ], [ -73.312279215020794, 5.844998829156054 ], [ -73.312240659946099, 5.845013300497556 ], [ -73.312203461456761, 5.845031305958457 ], [ -73.312163512075415, 5.845054093081615 ], [ -73.312124661132884, 5.84507934296397 ], [ -73.31206264963879, 5.84512759054536 ], [ -73.312014219624587, 5.845162699229832 ], [ -73.311976795614385, 5.845184725654462 ], [ -73.31193825329143, 5.845202680260797 ], [ -73.311898505533634, 5.845215897931666 ], [ -73.311860083215777, 5.845222098507008 ], [ -73.311841893784674, 5.84522212851374 ], [ -73.311823604804658, 5.845220267154161 ], [ -73.311805690756444, 5.845216593803968 ], [ -73.311788363978849, 5.845211057665665 ], [ -73.31177312036624, 5.845204180991516 ], [ -73.311758962867941, 5.845195454827888 ], [ -73.311746100150231, 5.845184723400621 ], [ -73.311734738519306, 5.845172466238921 ], [ -73.311723949318662, 5.8451576557934 ], [ -73.311714782396393, 5.845141495113353 ], [ -73.311700302136671, 5.845104734467952 ], [ -73.311691234048965, 5.845061402429906 ], [ -73.311688491821712, 5.845016508496201 ], [ -73.311690648086199, 5.844948015237151 ], [ -73.311696462766065, 5.844865336101236 ], [ -73.311696354801654, 5.844831896019798 ], [ -73.311693456330431, 5.844801871093921 ], [ -73.311686019100762, 5.844771055918272 ], [ -73.311673398475421, 5.844742159473583 ], [ -73.311654785240023, 5.844716067284537 ], [ -73.311631937406617, 5.844693391051237 ], [ -73.311607165974863, 5.844674618184058 ], [ -73.31157992022662, 5.844659076582957 ], [ -73.311549143796526, 5.844646849187711 ], [ -73.311516970281559, 5.844637918524711 ], [ -73.311481784215573, 5.844631243850586 ], [ -73.311445853034968, 5.844626976850122 ], [ -73.311365759262912, 5.844622221196346 ], [ -73.311297240853037, 5.844615872677082 ], [ -73.31125142478237, 5.844607692550994 ], [ -73.311207672381727, 5.844593962807608 ], [ -73.311164604558201, 5.844574562943706 ], [ -73.311124412866434, 5.844551329772059 ], [ -73.311093641247226, 5.844531421730778 ], [ -73.310989355271829, 5.844458634411865 ], [ -73.310948032645683, 5.844432972869811 ], [ -73.310922134598513, 5.844419566256761 ], [ -73.310895897966532, 5.844408335416631 ], [ -73.310871080853019, 5.844400062189777 ], [ -73.310846079016528, 5.844394391803974 ], [ -73.310805388102494, 5.84439007219072 ], [ -73.310764184441041, 5.844390020773005 ], [ -73.310713662338799, 5.844393945584727 ], [ -73.310662314002116, 5.844400671781045 ], [ -73.31061198257953, 5.844409521413354 ], [ -73.310561198596929, 5.844420354116096 ], [ -73.310468432972641, 5.844444440007464 ], [ -73.310384831070792, 5.844464217611858 ], [ -73.310320321568895, 5.844476146574038 ], [ -73.310256357134961, 5.844485060718682 ], [ -73.310186197476185, 5.84449152847867 ], [ -73.310116980073587, 5.844495830982851 ], [ -73.310137966187426, 5.844327947165596 ], [ -73.310423500632055, 5.84394723282071 ], [ -73.310566269389653, 5.843423752428009 ], [ -73.310375912445238, 5.842757502633447 ], [ -73.310185554987527, 5.842329199881476 ], [ -73.309614483641667, 5.841567772339261 ], [ -73.309995197756052, 5.840901523327602 ], [ -73.310280733418438, 5.840473220386912 ], [ -73.310187557747611, 5.840430867758869 ], [ -73.309757251936105, 5.840235274079987 ], [ -73.308948234772174, 5.840044917278533 ], [ -73.308900646107531, 5.839711792556272 ], [ -73.309471716849089, 5.839711792582534 ], [ -73.309947609159678, 5.839806971240762 ], [ -73.310185554586951, 5.839664204221549 ], [ -73.310471090354952, 5.839664204107862 ], [ -73.310756625177419, 5.839569024626144 ], [ -73.310946982330051, 5.839140722395143 ], [ -73.310709036328944, 5.838855186819671 ], [ -73.310270948264872, 5.838855187052559 ], [ -73.310137965617116, 5.838855187099625 ], [ -73.309804841096081, 5.839235901217819 ], [ -73.309757252368286, 5.839283489900367 ], [ -73.309186180738209, 5.839093132568337 ], [ -73.308662700163609, 5.839093133250628 ], [ -73.308234396671821, 5.839140721590127 ], [ -73.308139218414567, 5.839569025162064 ], [ -73.308234397340357, 5.839854561415734 ], [ -73.308424754383907, 5.839997328163861 ], [ -73.308377165288562, 5.840330452657383 ], [ -73.307948861770058, 5.840568399319579 ], [ -73.307425380409029, 5.840615987642025 ], [ -73.306949488326836, 5.840568399206916 ], [ -73.30614047088244, 5.840330453237016 ], [ -73.306092881634072, 5.840853934317693 ], [ -73.305997703617209, 5.841472594310801 ], [ -73.306320646595793, 5.841723772134742 ], [ -73.306301423302898, 5.841746809090409 ], [ -73.306109853296562, 5.842081476155101 ], [ -73.306061615713816, 5.842416339341014 ], [ -73.30611479901512, 5.842603718631779 ], [ -73.306078615302056, 5.842603417973066 ], [ -73.306005467597686, 5.842607077750415 ], [ -73.305932386052632, 5.842616085953523 ], [ -73.305855975158636, 5.842631441725473 ], [ -73.305778958510643, 5.84265127840581 ], [ -73.305676342773609, 5.842682055808666 ], [ -73.30553652538498, 5.842726857182299 ], [ -73.305477736215721, 5.842743675737381 ], [ -73.30542282199599, 5.842757067710977 ], [ -73.305362570325201, 5.842768270701526 ], [ -73.305302638201965, 5.842775482520892 ], [ -73.305242197896291, 5.842778785972314 ], [ -73.305181514235983, 5.842778266885659 ], [ -73.305123037166311, 5.842774023478967 ], [ -73.305065843157763, 5.84276612141349 ], [ -73.305017193594551, 5.842755061731395 ], [ -73.304970592806512, 5.842739210838033 ], [ -73.304931816851081, 5.842721354769765 ], [ -73.304893949919176, 5.84269999771692 ], [ -73.304816720349606, 5.842648715999701 ], [ -73.304753890601603, 5.842610037453653 ], [ -73.304709647549089, 5.842587504647099 ], [ -73.304663737825194, 5.842569470524495 ], [ -73.304615957167243, 5.842555881802127 ], [ -73.304567402200632, 5.842545910727324 ], [ -73.304519180242551, 5.842540119601381 ], [ -73.304470761603511, 5.842538269795568 ], [ -73.304403927277235, 5.842542386582807 ], [ -73.304337425293227, 5.842552804604964 ], [ -73.30426375755394, 5.842570791283606 ], [ -73.304190544413359, 5.842593894501988 ], [ -73.304083954412079, 5.842633482910458 ], [ -73.303978339988362, 5.842675705188412 ], [ -73.303782147510901, 5.84276182121539 ], [ -73.303668213775154, 5.84280919911879 ], [ -73.303612997937648, 5.842829805636143 ], [ -73.303559371420647, 5.842846576860552 ], [ -73.303495057877967, 5.842861604511882 ], [ -73.303417618830963, 5.842875946022275 ], [ -73.303153656341692, 5.842917194782558 ], [ -73.303018796073218, 5.84294143428167 ], [ -73.302887854974529, 5.842970526891804 ], [ -73.30282486256931, 5.842987207166914 ], [ -73.302763118114399, 5.843005503069321 ], [ -73.302706054090777, 5.843024256177728 ], [ -73.302649237212563, 5.843045517770918 ], [ -73.302502422545444, 5.843107773037445 ], [ -73.302355824476649, 5.843176296089894 ], [ -73.302303334936653, 5.843203578009422 ], [ -73.302256091468053, 5.843231190137999 ], [ -73.302209496815294, 5.843262124120827 ], [ -73.302160701831667, 5.843298395991155 ], [ -73.302026667383359, 5.843408627580118 ], [ -73.301909628036242, 5.843496024427964 ], [ -73.301838183574887, 5.843555296919021 ], [ -73.301779035900381, 5.843611815257475 ], [ -73.301708178447143, 5.843683919228283 ], [ -73.301547975846688, 5.843853454077362 ], [ -73.301432838418407, 5.843972622095237 ], [ -73.301364810418363, 5.844038147062918 ], [ -73.301328230908211, 5.844070186930196 ], [ -73.301299014123458, 5.844092805552748 ], [ -73.301282022347664, 5.844110206703988 ], [ -73.301269012373155, 5.844131275441669 ], [ -73.301260233212474, 5.844155253254144 ], [ -73.301254895056672, 5.844183856420045 ], [ -73.301253183584265, 5.844214493862296 ], [ -73.301254333409759, 5.844247235675084 ], [ -73.301258432831617, 5.8442883506562 ], [ -73.301273731513788, 5.844384964293511 ], [ -73.301278003045525, 5.84442007821292 ], [ -73.301280459641077, 5.844463024862705 ], [ -73.301278110273358, 5.844495553164506 ], [ -73.301274778043648, 5.844510146961284 ], [ -73.301269682882321, 5.844523358883293 ], [ -73.301262447964291, 5.844535213567156 ], [ -73.301253418596104, 5.844545893635143 ], [ -73.301242439449823, 5.844555598267277 ], [ -73.301229896069799, 5.844563709150805 ], [ -73.301215839035137, 5.844570174674232 ], [ -73.301200740014451, 5.844574888701402 ], [ -73.301172423534354, 5.844579398045937 ], [ -73.301141775206133, 5.844579906786919 ], [ -73.301106103109191, 5.844576727681385 ], [ -73.30106722653062, 5.844570162019636 ], [ -73.300967331181653, 5.844545158259677 ], [ -73.300818394416865, 5.844499743419078 ], [ -73.30071927620196, 5.844472934653709 ], [ -73.300675938333313, 5.844463374939664 ], [ -73.300634774191792, 5.844456174265474 ], [ -73.300597322934948, 5.84445166393823 ], [ -73.300561032438452, 5.844449642606833 ], [ -73.300524743502706, 5.844450547095448 ], [ -73.300481105438166, 5.844455909858311 ], [ -73.300331624909575, 5.844487166584543 ], [ -73.300259248474163, 5.844499002678958 ], [ -73.300179284619617, 5.844509055468507 ], [ -73.300080325067029, 5.844518808887187 ], [ -73.299893448486614, 5.844533908826122 ], [ -73.299707939547034, 5.844546312017314 ], [ -73.299566041815524, 5.844550413074899 ], [ -73.29940297083931, 5.844548061961632 ], [ -73.299263610002129, 5.844542418499259 ], [ -73.299102117782184, 5.844529877207492 ], [ -73.298981481238059, 5.844523967595137 ], [ -73.298883109776057, 5.844526572902396 ], [ -73.298782815542268, 5.844534818189913 ], [ -73.298699983180825, 5.844546280456029 ], [ -73.298606074276961, 5.844564516996343 ], [ -73.298465633987803, 5.844595572950595 ], [ -73.298271516766818, 5.844641043951071 ], [ -73.298158732363333, 5.844665895940125 ], [ -73.298092749057503, 5.844678706657589 ], [ -73.298012880361227, 5.844691131062916 ], [ -73.297932791444111, 5.844700673189493 ], [ -73.29772783777247, 5.844716643547656 ], [ -73.297644044051367, 5.844725103422093 ], [ -73.297562003631754, 5.844735554232614 ], [ -73.297452214094108, 5.844755454215601 ], [ -73.29731952840325, 5.844783398961852 ], [ -73.297446718429399, 5.844593913274991 ], [ -73.298652687133142, 5.844168351270298 ], [ -73.299575937210136, 5.843316287701668 ], [ -73.300810955950112, 5.842906250742431 ], [ -73.301070905724544, 5.842819945013787 ], [ -73.299621187103128, 5.841591632225061 ], [ -73.299530312271543, 5.840396819675732 ], [ -73.299933413741371, 5.839556812829414 ], [ -73.300004641905616, 5.83955691239106 ], [ -73.300280484246855, 5.83933654375852 ], [ -73.300501294447372, 5.839060913310277 ], [ -73.300666996217444, 5.838785206364491 ], [ -73.300997791747818, 5.83867528795696 ], [ -73.301273557009097, 5.838510106840886 ], [ -73.301494290168137, 5.838289663099204 ], [ -73.301494366401016, 5.83823447513123 ], [ -73.301274315944397, 5.837958235297378 ], [ -73.30099900774087, 5.837792294008068 ], [ -73.300668136403544, 5.837957398555716 ], [ -73.300447403028841, 5.838177842890673 ], [ -73.300116606757229, 5.838287760062542 ], [ -73.29978596314794, 5.838287302903609 ], [ -73.299510654275252, 5.838121359968852 ], [ -73.299408940699834, 5.838104239272866 ], [ -73.299345179624197, 5.838231506285297 ], [ -73.299321918981548, 5.838260541608577 ], [ -73.297592468236815, 5.837961850550187 ], [ -73.296134812024377, 5.838401756961218 ], [ -73.296126843167485, 5.838465037889307 ], [ -73.295997186903719, 5.839994069980094 ], [ -73.295513590379755, 5.840165963388586 ], [ -73.294631999001012, 5.840479320091504 ], [ -73.294518030944062, 5.84048253821021 ], [ -73.293631956933098, 5.840511019182657 ], [ -73.293628769782572, 5.840502608081124 ], [ -73.293600536962458, 5.840438461005249 ], [ -73.293573024822251, 5.840387305555055 ], [ -73.29354338627445, 5.840337793765912 ], [ -73.29351144333026, 5.840288259648275 ], [ -73.293477439067317, 5.840240413501476 ], [ -73.293447446498419, 5.840201716494846 ], [ -73.293415812878891, 5.840164817648372 ], [ -73.293385840199619, 5.840134805794946 ], [ -73.293353101331206, 5.840106489519883 ], [ -73.293308924973587, 5.840072014432792 ], [ -73.293262832885944, 5.840039412760632 ], [ -73.293222087400409, 5.84001455951659 ], [ -73.293179506424508, 5.839992959752465 ], [ -73.293138546243085, 5.8399757791002 ], [ -73.293096274971447, 5.839962363877646 ], [ -73.293051050420331, 5.839952332130281 ], [ -73.293005420253223, 5.839946040000086 ], [ -73.29295815931431, 5.839943945144057 ], [ -73.292910427501511, 5.839945222513961 ], [ -73.292865784072546, 5.839949208709868 ], [ -73.292822179028349, 5.839956781732951 ], [ -73.292777256827208, 5.839968630601163 ], [ -73.292733657387487, 5.839983524061097 ], [ -73.292690533415907, 5.84000215758482 ], [ -73.292648086108215, 5.840023905721466 ], [ -73.292615345595948, 5.840042845151174 ], [ -73.292583925347742, 5.840063500653912 ], [ -73.292551971946693, 5.840087682265107 ], [ -73.292520410913596, 5.84011393880769 ], [ -73.292429693458814, 5.840196780617703 ], [ -73.292340330773925, 5.840283448903392 ], [ -73.292275684174001, 5.840341237931 ], [ -73.292253700058325, 5.840358229645346 ], [ -73.292231896239684, 5.840372632095239 ], [ -73.292209104562232, 5.840385035034387 ], [ -73.292185338644231, 5.8403955597243 ], [ -73.292162282613276, 5.84040355550826 ], [ -73.292138693215975, 5.840409434801927 ], [ -73.292087898846205, 5.840416077558473 ], [ -73.292027326649588, 5.840417527138698 ], [ -73.291941652375613, 5.840414554401605 ], [ -73.291902132508142, 5.840414524241396 ], [ -73.291855385883537, 5.84041797388835 ], [ -73.291806879580292, 5.840426260699758 ], [ -73.291762820198187, 5.840436100873603 ], [ -73.291699686567881, 5.840452513912851 ], [ -73.291627437931481, 5.840475032195911 ], [ -73.291579532567255, 5.840495550492676 ], [ -73.291556585892124, 5.840508835850187 ], [ -73.291534440772068, 5.840523848412602 ], [ -73.291492122004115, 5.840558420982632 ], [ -73.291474255450169, 5.840576215972305 ], [ -73.291458102020556, 5.840595260766861 ], [ -73.291446794521732, 5.840611550980668 ], [ -73.291437545209817, 5.840628810274552 ], [ -73.291431135517655, 5.840646549549831 ], [ -73.291426945767967, 5.84066525058148 ], [ -73.291424415396079, 5.840689614167161 ], [ -73.291424397616765, 5.840714661526363 ], [ -73.29143082926339, 5.840770866990454 ], [ -73.291447645984988, 5.840847942426251 ], [ -73.291470125355886, 5.8409340738541 ], [ -73.291476951638515, 5.840968757595533 ], [ -73.291480593971357, 5.84100116513315 ], [ -73.291479649508176, 5.841027165019455 ], [ -73.291477153117171, 5.841038595405905 ], [ -73.291472889652027, 5.841049305432875 ], [ -73.291466881983297, 5.841058086025157 ], [ -73.291459312985239, 5.841065576008873 ], [ -73.291440400553597, 5.841075799506825 ], [ -73.291415998828597, 5.841081912679726 ], [ -73.291389225473097, 5.841083825222256 ], [ -73.291356436307638, 5.841082266632725 ], [ -73.291319458651799, 5.841077372616496 ], [ -73.291228409833707, 5.841058200562486 ], [ -73.291089569960263, 5.841022019558181 ], [ -73.291040952942637, 5.841012027417889 ], [ -73.290995469787163, 5.841005315137409 ], [ -73.290962353810357, 5.841002620933807 ], [ -73.290929727285061, 5.841002759992307 ], [ -73.290901745655503, 5.841006327454579 ], [ -73.290874328072903, 5.841013686523127 ], [ -73.290841737045582, 5.841026583172891 ], [ -73.290810640557027, 5.841042688135076 ], [ -73.290784563654768, 5.841059816755546 ], [ -73.290760604182083, 5.841080643870498 ], [ -73.290740554345234, 5.841103807451418 ], [ -73.290722353791637, 5.841129397252985 ], [ -73.290686415276184, 5.841190919722237 ], [ -73.290651164401879, 5.841243571142172 ], [ -73.290635806790362, 5.84126207160557 ], [ -73.290619278139275, 5.841279083063966 ], [ -73.290602914189719, 5.841293038292577 ], [ -73.290585532485125, 5.841304841080444 ], [ -73.290567654290896, 5.841314179842243 ], [ -73.290548575870162, 5.841321506530619 ], [ -73.29050517540901, 5.841331795143788 ], [ -73.290448017046174, 5.841338167739082 ], [ -73.29038486985155, 5.841340809442102 ], [ -73.290325831068458, 5.841345717821014 ], [ -73.290280140375387, 5.841353689925597 ], [ -73.290236528518676, 5.841367634778692 ], [ -73.290215190256845, 5.841377261292337 ], [ -73.290194377970977, 5.841388706559314 ], [ -73.290155677547148, 5.841416529576634 ], [ -73.290112920313391, 5.841454565664151 ], [ -73.290071569533609, 5.841496749487874 ], [ -73.290037607610657, 5.841525536579525 ], [ -73.29002105838839, 5.84153598777425 ], [ -73.290003665024301, 5.841544488249951 ], [ -73.28998576451221, 5.841550881269598 ], [ -73.289967560104287, 5.841555017405483 ], [ -73.289945568243866, 5.841557182620647 ], [ -73.289923376200818, 5.841556680938595 ], [ -73.289900669501606, 5.841553527906285 ], [ -73.289876471238756, 5.841547676062987 ], [ -73.289814296862801, 5.841526647240414 ], [ -73.289728514406363, 5.84149286662813 ], [ -73.28964075311444, 5.841461280713077 ], [ -73.289572330421151, 5.841441505775322 ], [ -73.28950448509579, 5.841428593056264 ], [ -73.289429224449918, 5.841419808176909 ], [ -73.289396132522597, 5.841418234244998 ], [ -73.289363288436732, 5.841418872879046 ], [ -73.289331528949958, 5.841421618670211 ], [ -73.289299577199131, 5.841426556439501 ], [ -73.289270746840998, 5.841433385835728 ], [ -73.289242858422256, 5.841442563189901 ], [ -73.289202845423461, 5.841460854580191 ], [ -73.28918543964636, 5.841471603932689 ], [ -73.289169595298233, 5.841483847521943 ], [ -73.289154078586023, 5.841498833055823 ], [ -73.289139834142816, 5.841515350079476 ], [ -73.28911311593356, 5.841554375141413 ], [ -73.289089789121704, 5.841600199443462 ], [ -73.289072025617543, 5.841648229054329 ], [ -73.289061464783288, 5.841693325514939 ], [ -73.289051285959545, 5.84175732788367 ], [ -73.289037358342341, 5.84182073488796 ], [ -73.289021852771214, 5.841876863884522 ], [ -73.289001829434426, 5.84193076259794 ], [ -73.288990861537968, 5.841952174824257 ], [ -73.288978260951922, 5.841972352580967 ], [ -73.288964574947215, 5.841990588791191 ], [ -73.288949261520088, 5.842007288263005 ], [ -73.28893419565793, 5.842020375799791 ], [ -73.288917730779929, 5.842031485751477 ], [ -73.288901175802607, 5.842039595713629 ], [ -73.288883654333631, 5.842045061797023 ], [ -73.288866650315185, 5.842048059711487 ], [ -73.288849339019123, 5.842049246902263 ], [ -73.288813208342447, 5.842046655482534 ], [ -73.288773433916504, 5.842036833268025 ], [ -73.28873483454754, 5.842022234825038 ], [ -73.288695040786081, 5.842002884900353 ], [ -73.288654532138025, 5.841979861088191 ], [ -73.288642323857403, 5.841972032875788 ], [ -73.288070999085903, 5.843186101434185 ], [ -73.287864958217483, 5.843345084007581 ], [ -73.287854224244995, 5.843361067070816 ], [ -73.287838467297604, 5.843372967590142 ], [ -73.287823084273782, 5.843377393621097 ], [ -73.28777271810236, 5.84341625697931 ], [ -73.287391967696124, 5.843712975710844 ], [ -73.286971593339388, 5.844088757007739 ], [ -73.286483342764029, 5.844577444558638 ], [ -73.285881436551449, 5.844841070132077 ], [ -73.285316843116846, 5.845027913224897 ], [ -73.284828218261055, 5.844989912740004 ], [ -73.28451330445165, 5.844989465966364 ], [ -73.284320328418005, 5.844903248590185 ], [ -73.284013149891223, 5.844869850613406 ], [ -73.283793394343036, 5.845089301879227 ], [ -73.283672296228303, 5.845374820800828 ], [ -73.283485396323442, 5.845638271284486 ], [ -73.28327659584437, 5.845868725115963 ], [ -73.283122597357249, 5.846143208805245 ], [ -73.282990526046319, 5.846428712312672 ], [ -73.282902297618818, 5.846747242075594 ], [ -73.282671537719182, 5.846988652599862 ], [ -73.282468931206381, 5.847078485947009 ], [ -73.282455186733898, 5.847058288089045 ], [ -73.281814092713262, 5.847094694756436 ], [ -73.281631468277396, 5.847735256641897 ], [ -73.281066623874267, 5.848110820260331 ], [ -73.280311968345075, 5.848637569585549 ], [ -73.279403373694606, 5.849464756666691 ], [ -73.278617812427569, 5.850292101234345 ], [ -73.277976561655464, 5.851232663421229 ], [ -73.277412498645901, 5.851834287558233 ], [ -73.276733780984614, 5.85213510063204 ], [ -73.276657406438119, 5.852662788310113 ], [ -73.27631393700085, 5.852930162707253 ], [ -73.276103520226116, 5.852929869005493 ], [ -73.275398592645729, 5.852928882418325 ], [ -73.275001186870668, 5.852244506731495 ], [ -73.274925864582542, 5.85223433355759 ], [ -73.27414696774332, 5.85212913230788 ], [ -73.273636281222878, 5.85173057016317 ], [ -73.273722538639106, 5.851724871915451 ], [ -73.274490717707465, 5.85167413225571 ], [ -73.275062936842289, 5.8516749452981 ], [ -73.275125267558337, 5.851655792329666 ], [ -73.275249063422905, 5.851556905037512 ], [ -73.275313348229133, 5.851279748741376 ], [ -73.275299267571768, 5.851092973200252 ], [ -73.275292446451544, 5.851002472235621 ], [ -73.275207655740132, 5.850725103977879 ], [ -73.275144162632728, 5.850447765985621 ], [ -73.275208447390071, 5.850170609693748 ], [ -73.275379150957519, 5.849936260565016 ], [ -73.275634950039034, 5.849766011600764 ], [ -73.275890778275027, 5.849574437355045 ], [ -73.276103983891744, 5.84940412767105 ], [ -73.276210860291656, 5.849127032687647 ], [ -73.276424094935464, 5.848935396816728 ], [ -73.276488378919112, 5.848658242211343 ], [ -73.276552661940855, 5.848381085789242 ], [ -73.276744660942711, 5.848146765612626 ], [ -73.276894128929939, 5.847869731874482 ], [ -73.277064801848496, 5.847656708355089 ], [ -73.277299302885297, 5.84748642756864 ], [ -73.277512507290453, 5.847316118299773 ], [ -73.277661912576718, 5.8470817374332 ], [ -73.277683602836817, 5.846804519602813 ], [ -73.277683631775176, 5.846784397163503 ], [ -73.27721456184679, 5.846581788313983 ], [ -73.27700815592533, 5.846494476375653 ], [ -73.276039249124153, 5.846881882299328 ], [ -73.275550843351709, 5.84746441281618 ], [ -73.275127587770726, 5.848061979995691 ], [ -73.275138996385124, 5.84813113637324 ], [ -73.275193632159073, 5.848462336441514 ], [ -73.275138052086618, 5.848793377847528 ], [ -73.274862196665254, 5.849013731153093 ], [ -73.274531548765196, 5.849013257631384 ], [ -73.274256244944297, 5.848847303181913 ], [ -73.273925754895004, 5.848736456765778 ], [ -73.273650530290126, 5.848515314830081 ], [ -73.273320039637667, 5.848404468041792 ], [ -73.272989313076948, 5.848459180771101 ], [ -73.272658586443583, 5.848513894213568 ], [ -73.272327937875332, 5.848513420285485 ], [ -73.271997449255139, 5.848402571800591 ], [ -73.271722146430704, 5.848236616961742 ], [ -73.271446842860428, 5.848070661074303 ], [ -73.271335157890974, 5.847958494583281 ], [ -73.270911687411513, 5.847856725766974 ], [ -73.270866562194328, 5.847845351006299 ], [ -73.269797749042141, 5.847843820271635 ], [ -73.269760357800919, 5.847810064938926 ], [ -73.269610771381849, 5.847901953376379 ], [ -73.269355064374622, 5.848008217766733 ], [ -73.269078153065379, 5.848050473258979 ], [ -73.26880139504317, 5.847986093644295 ], [ -73.268524666672306, 5.847900388705682 ], [ -73.26839430488161, 5.847817049014793 ], [ -73.268365797565821, 5.847710403301221 ], [ -73.268463009932418, 5.847395625043873 ], [ -73.26868106563046, 5.847153694919029 ], [ -73.268959491075009, 5.846984525011294 ], [ -73.269249942389479, 5.846863820438557 ], [ -73.269564512889247, 5.84679159981016 ], [ -73.26986700593784, 5.846707248905204 ], [ -73.270193672213168, 5.846635045649407 ], [ -73.270532276147037, 5.846671868663179 ], [ -73.270834561416564, 5.846732864054161 ], [ -73.271148992988401, 5.846757539816736 ], [ -73.271463477555756, 5.846745880058961 ], [ -73.271765971152149, 5.846661528145034 ], [ -73.272044360974292, 5.84651658062154 ], [ -73.272262414746933, 5.846274649185261 ], [ -73.272420062792264, 5.84598418072585 ], [ -73.272493083450968, 5.845669368350912 ], [ -73.272614481417918, 5.845354623896412 ], [ -73.272651232678186, 5.845027646136714 ], [ -73.272687967173624, 5.844712779851307 ], [ -73.272700511631001, 5.844397880053521 ], [ -73.272737246074485, 5.844083014666239 ], [ -73.272919032204982, 5.843828917648693 ], [ -73.273149126708802, 5.843623339813917 ], [ -73.273330911605001, 5.84336924267501 ], [ -73.273389570084248, 5.843179294918855 ], [ -73.273428119617051, 5.843054463673923 ], [ -73.273412427648168, 5.842951336928763 ], [ -73.273365931854471, 5.842980874864963 ], [ -73.273237158164363, 5.843096605969265 ], [ -73.273146340909648, 5.843081314169808 ], [ -73.272847557884404, 5.843200503403921 ], [ -73.272727687239808, 5.843499372747772 ], [ -73.272369181739691, 5.843618475788446 ], [ -73.272010762883383, 5.843677771443254 ], [ -73.271711980182829, 5.843796959191479 ], [ -73.271353390089587, 5.843975869672022 ], [ -73.270994883959986, 5.844094971861466 ], [ -73.270696015668932, 5.844273968066148 ], [ -73.270337510097363, 5.844393068944839 ], [ -73.270038641427732, 5.844572064814713 ], [ -73.269739857796196, 5.844691251551808 ], [ -73.2694410740325, 5.844810439040316 ], [ -73.269322230338162, 5.844878220908072 ], [ -73.26902267398998, 5.845049069875586 ], [ -73.268664168434157, 5.845168170626721 ], [ -73.26836529788801, 5.845347164740474 ], [ -73.268066514361806, 5.845466350619063 ], [ -73.267708180108343, 5.845465834610309 ], [ -73.26758916535988, 5.845166622127749 ], [ -73.267589680832089, 5.844807772703973 ], [ -73.267769276773208, 5.844508989900532 ], [ -73.268008511158882, 5.844270101580719 ], [ -73.268158734379654, 5.844120093047138 ], [ -73.268247742630479, 5.844031213167511 ], [ -73.268546697902138, 5.843792411053926 ], [ -73.268845566680113, 5.843613415969742 ], [ -73.26914443616721, 5.8434344207339 ], [ -73.269443389828325, 5.843195618170739 ], [ -73.269742257991709, 5.84301662263357 ], [ -73.270100676737229, 5.842957330242712 ], [ -73.270399460284466, 5.842838142447079 ], [ -73.27075796396241, 5.842719039759174 ], [ -73.271056832334182, 5.8425400435504 ], [ -73.271296062657086, 5.842301153918015 ], [ -73.27153529368087, 5.842062264190474 ], [ -73.271834074616436, 5.841943075665313 ], [ -73.272132857226723, 5.841823886985765 ], [ -73.272431637897171, 5.841704698153592 ], [ -73.272790227108374, 5.841525787053627 ], [ -73.273089008372096, 5.841406597884315 ], [ -73.273387875269179, 5.841227599589558 ], [ -73.273686910732863, 5.840928985917856 ], [ -73.273985947686924, 5.840630372097962 ], [ -73.274284728202701, 5.840511182323439 ], [ -73.274643316028914, 5.840332269192004 ], [ -73.274942180937103, 5.84015327101929 ], [ -73.275240960978351, 5.840034079850909 ], [ -73.275718907042119, 5.839915144599559 ], [ -73.276077409416075, 5.839796039550549 ], [ -73.276435910725297, 5.839676934280021 ], [ -73.276794328267442, 5.83961763593561 ], [ -73.277093192070595, 5.839438635760416 ], [ -73.277392055679627, 5.83925963633942 ], [ -73.277690919997269, 5.839080635861535 ], [ -73.278049505752165, 5.838901720642696 ], [ -73.278348285311836, 5.838782527880369 ], [ -73.278647149056781, 5.838603527822954 ], [ -73.278946011702885, 5.838424526710185 ], [ -73.279185237764864, 5.838185633020089 ], [ -73.279484270282808, 5.837887014643854 ], [ -73.279723581000269, 5.837588311793638 ], [ -73.279962806379046, 5.837349416893346 ], [ -73.28008267196202, 5.837050545280022 ], [ -73.280202538327046, 5.836751671833838 ], [ -73.280382210077335, 5.836393076401578 ], [ -73.2805020761582, 5.836094203803611 ], [ -73.280621942118387, 5.835795331183078 ], [ -73.280861249568432, 5.835496626993915 ], [ -73.281160026693783, 5.835377432838527 ], [ -73.281518440885975, 5.835318131629094 ], [ -73.281816795969348, 5.835497980039918 ], [ -73.281995454960168, 5.835857083301164 ], [ -73.282054669725881, 5.836216018323171 ], [ -73.282113886385105, 5.83657495333 ], [ -73.282113295961835, 5.836993611374453 ], [ -73.282112790412441, 5.837352461380306 ], [ -73.28181392759592, 5.837531464107826 ], [ -73.281574702965315, 5.837770359759702 ], [ -73.281335394097198, 5.838069064256899 ], [ -73.281036361610461, 5.83836768266832 ], [ -73.280797052207561, 5.838666386051273 ], [ -73.280498274191473, 5.838785580087233 ], [ -73.28025904756629, 5.839024474316943 ], [ -73.280258522233169, 5.839396683805774 ], [ -73.280299524921531, 5.83933107883098 ], [ -73.280727828225452, 5.839473847071417 ], [ -73.280791750101628, 5.839644305988656 ], [ -73.280888431143467, 5.839451349395915 ], [ -73.281144131921167, 5.839345077295093 ], [ -73.281420918608603, 5.839388123098786 ], [ -73.281654962891935, 5.839537740828007 ], [ -73.281782377191291, 5.839793843090092 ], [ -73.281845873888528, 5.840071180337645 ], [ -73.281855071018526, 5.840082726097762 ], [ -73.281873393584931, 5.840193793410435 ], [ -73.281928034101838, 5.840524991859354 ], [ -73.281927567087962, 5.840856112955066 ], [ -73.281706825847095, 5.841076549426987 ], [ -73.281486708051546, 5.840855488600994 ], [ -73.281156142428244, 5.84079983431144 ], [ -73.280880372407921, 5.840965004085831 ], [ -73.280604601318373, 5.841130173732154 ], [ -73.280493918204058, 5.841461138999762 ], [ -73.280603664874661, 5.841792416883322 ], [ -73.280878890445706, 5.842013554585606 ], [ -73.281209378566757, 5.842124397059479 ], [ -73.281539867713207, 5.842235239331728 ], [ -73.281870513251363, 5.842235707106681 ], [ -73.282201156973372, 5.842236174688196 ], [ -73.282476928083497, 5.842071005166417 ], [ -73.282697670283483, 5.84185056930022 ], [ -73.28290017237066, 5.84159780819823 ], [ -73.282883960230151, 5.841460883447212 ], [ -73.282741391447928, 5.841187374418837 ], [ -73.282702843566767, 5.840874968223318 ], [ -73.282755266923914, 5.840562690938441 ], [ -73.282885628845975, 5.840276553045101 ], [ -73.283093892592831, 5.8400425837944 ], [ -73.283178068727068, 5.839882202773936 ], [ -73.283094751993474, 5.839923774652675 ], [ -73.283001789193804, 5.839923643166003 ], [ -73.28301384685534, 5.839907087571248 ], [ -73.282959374089558, 5.839286350732607 ], [ -73.283622531215656, 5.838014663376669 ], [ -73.283798915121736, 5.837687993894122 ], [ -73.283894321879586, 5.837592715612118 ], [ -73.284118726211091, 5.837368620356528 ], [ -73.284343191785297, 5.837099641174689 ], [ -73.284478086335923, 5.836785653260392 ], [ -73.284657733619554, 5.836516610653007 ], [ -73.284792627867773, 5.836202622672147 ], [ -73.284748252406871, 5.835888382422525 ], [ -73.284614241364977, 5.835574014655663 ], [ -73.284390470233006, 5.835349286993448 ], [ -73.284077001353637, 5.835169313673248 ], [ -73.283921432837985, 5.835013081637953 ], [ -73.283889950168145, 5.835044522347175 ], [ -73.283722640165934, 5.835211604284609 ], [ -73.283684092605881, 5.835167662988681 ], [ -73.283843718444928, 5.834818663210285 ], [ -73.283783030902896, 5.833814912934145 ], [ -73.283462155597533, 5.833264037832009 ], [ -73.28331785793057, 5.833142910759705 ], [ -73.283246594134198, 5.833119008763219 ], [ -73.282934825800112, 5.83302746665106 ], [ -73.282622929658658, 5.833027026935554 ], [ -73.282508278420039, 5.832996901296326 ], [ -73.28249310228324, 5.832935740716437 ], [ -73.282402552820542, 5.832636275562095 ], [ -73.282273000291411, 5.832349771282566 ], [ -73.282117436817032, 5.832076243963911 ], [ -73.28203990309936, 5.831763782898747 ], [ -73.282079329644432, 5.831451486769311 ], [ -73.28226163601397, 5.831191451829966 ], [ -73.282534745436067, 5.831048675949091 ], [ -73.282846677153543, 5.831023087363405 ], [ -73.283158536434598, 5.831049557220638 ], [ -73.283444274817214, 5.831167091883003 ], [ -73.283445615406208, 5.831169786264979 ], [ -73.283431022679622, 5.831349278232778 ], [ -73.283378583344415, 5.831674570275482 ], [ -73.283430107637798, 5.83200000908505 ], [ -73.283611680953925, 5.832260558041867 ], [ -73.283910397883687, 5.832391125873301 ], [ -73.284222202593014, 5.832456638152621 ], [ -73.284547020903858, 5.832509154375828 ], [ -73.284846068200181, 5.832405457968605 ], [ -73.285080282263891, 5.832197554025299 ], [ -73.285275564382459, 5.831950549773921 ], [ -73.285405922316784, 5.831664411368706 ], [ -73.285510325328175, 5.831352206134397 ], [ -73.285653660862806, 5.831079100175032 ], [ -73.285784037139251, 5.830779947041663 ], [ -73.285901416731519, 5.830480775139506 ], [ -73.286044751871259, 5.830207668187313 ], [ -73.286291978940483, 5.829986766973548 ], [ -73.28634138400389, 5.829970350704684 ], [ -73.286382966195731, 5.829973879833688 ], [ -73.286694806268258, 5.830013362404827 ], [ -73.286967495763236, 5.830169919593402 ], [ -73.287266248717174, 5.830274457276062 ], [ -73.287578053448101, 5.830339967739633 ], [ -73.287864175309323, 5.830184193410389 ], [ -73.288189101803368, 5.830158618787038 ], [ -73.28850099711849, 5.830159056401271 ], [ -73.288774105232392, 5.830016276685569 ], [ -73.28898238059395, 5.829769289922808 ], [ -73.289125731781041, 5.829483169424464 ], [ -73.289372920905691, 5.829288294413402 ], [ -73.289607131973298, 5.829080386899989 ], [ -73.289685524185757, 5.82878116013984 ], [ -73.289633994892995, 5.828455721123817 ], [ -73.289400365095617, 5.828247159898297 ], [ -73.289220654648318, 5.828341111249699 ], [ -73.288963062201731, 5.828319070304985 ], [ -73.288833812072198, 5.827930070261232 ], [ -73.289451624073763, 5.827607694965877 ], [ -73.290031061661011, 5.8272524759318 ], [ -73.289581405577508, 5.826798631937606 ], [ -73.289205974584661, 5.82689484672909 ], [ -73.288704186553957, 5.827023444976874 ], [ -73.287941242906527, 5.827544352198231 ], [ -73.287897616389898, 5.827674815925889 ], [ -73.287621853826181, 5.827839991387123 ], [ -73.287291140114007, 5.827894713731098 ], [ -73.286960503128682, 5.827894249636756 ], [ -73.286630020703683, 5.827783411945177 ], [ -73.286299383765595, 5.8277829483647 ], [ -73.286023621548452, 5.827948122163093 ], [ -73.285692829745813, 5.828058030737964 ], [ -73.285362192620369, 5.82805756571031 ], [ -73.285031634281552, 5.828001914231663 ], [ -73.284701075094517, 5.827946261651505 ], [ -73.284370360051128, 5.828000984108144 ], [ -73.284039645837254, 5.828055704563326 ], [ -73.283763882776952, 5.828220878197897 ], [ -73.283433169263503, 5.828275599210372 ], [ -73.283157405002726, 5.828440770751172 ], [ -73.282771740209228, 5.82838503975762 ], [ -73.282721641123999, 5.828359866388098 ], [ -73.282531906372981, 5.828666037891537 ], [ -73.281432623896194, 5.829506538318697 ], [ -73.280716217795259, 5.830120350791901 ], [ -73.280105999028706, 5.830669913303097 ], [ -73.279296843183999, 5.831445257378618 ], [ -73.278678374166589, 5.831444381885547 ], [ -73.277709906375208, 5.831540194634215 ], [ -73.27670993719056, 5.831571538009769 ], [ -73.275413562441315, 5.832120131999204 ], [ -73.274505155914994, 5.832830881940765 ], [ -73.273665905902362, 5.833315695220563 ], [ -73.272986843182707, 5.833864006965371 ], [ -73.272598687098025, 5.83460828834825 ], [ -73.271913328294886, 5.834996559967522 ], [ -73.271629562074793, 5.835157319988298 ], [ -73.270622531147239, 5.835381913188883 ], [ -73.270519041031832, 5.83528910648522 ], [ -73.270370062046936, 5.835155506583419 ], [ -73.270240656348335, 5.834896507297174 ], [ -73.270111311571952, 5.834571945059338 ], [ -73.270660186662838, 5.834313913152016 ], [ -73.271141467563325, 5.833958569893525 ], [ -73.271439123761411, 5.83337691265865 ], [ -73.271957749169587, 5.832957225888833 ], [ -73.272277686894711, 5.832568882278053 ], [ -73.272278343104745, 5.832115663155037 ], [ -73.272636561830893, 5.831791787693817 ], [ -73.273216656250156, 5.831792632318297 ], [ -73.273734499144837, 5.831114101093817 ], [ -73.273681656159852, 5.831004024842628 ], [ -73.273376686605673, 5.830368757151007 ], [ -73.273414812081626, 5.829753944807237 ], [ -73.274192936957547, 5.82936625726046 ], [ -73.274704280839615, 5.829302570165737 ], [ -73.275161906267215, 5.828914413098175 ], [ -73.275481998744965, 5.828430006727501 ], [ -73.275520093329703, 5.827814070330191 ], [ -73.275810748782646, 5.827394038330056 ], [ -73.276329498670691, 5.826877132009088 ], [ -73.276458999192187, 5.827071726301938 ], [ -73.276573981992101, 5.827023461090221 ], [ -73.277229155974453, 5.826748444992347 ], [ -73.277686749411885, 5.826393070179563 ], [ -73.278297936719241, 5.825940694835083 ], [ -73.278755248754692, 5.825779726444637 ], [ -73.279236280774228, 5.825586007050333 ], [ -73.27920540639218, 5.825068319576644 ], [ -73.278465343413359, 5.824872882141676 ], [ -73.278594686910935, 5.824387069697536 ], [ -73.279144343372195, 5.824356194687994 ], [ -73.279854281100256, 5.824324413349871 ], [ -73.280143937012667, 5.824583662952136 ], [ -73.280823217779869, 5.824681820395881 ], [ -73.28147159255127, 5.824262287947988 ], [ -73.281730592994279, 5.823874976154002 ], [ -73.280762156394303, 5.823969663187313 ], [ -73.2804027809687, 5.823515944652911 ], [ -73.280631748727671, 5.822804225894174 ], [ -73.280491076819089, 5.822707909993994 ], [ -73.280380311633621, 5.822632069956455 ], [ -73.280120593244931, 5.822740195023755 ], [ -73.279518343170366, 5.823246820035422 ], [ -73.278594655738914, 5.823613976164381 ], [ -73.27735112397778, 5.824303913403469 ], [ -73.277082275240218, 5.824612637072278 ], [ -73.276757341412633, 5.824985764591247 ], [ -73.276731334203077, 5.82507643559012 ], [ -73.276591235876538, 5.825402535878766 ], [ -73.276358110718775, 5.825681889272118 ], [ -73.276078573837424, 5.825867949125552 ], [ -73.275752621701827, 5.825960712654137 ], [ -73.275473150315349, 5.826100157985479 ], [ -73.275147264704401, 5.826146307841327 ], [ -73.274821445831094, 5.826145844177745 ], [ -73.274495626045734, 5.826145380326238 ], [ -73.274169741206151, 5.826191529621781 ], [ -73.274029707085447, 5.826471015102754 ], [ -73.27398269679162, 5.826797246920705 ], [ -73.273796117450956, 5.8270766653838 ], [ -73.273516511191644, 5.827309337366671 ], [ -73.273422994933071, 5.827335951439181 ], [ -73.273162406018287, 5.827892100790848 ], [ -73.272606406342675, 5.828398787852223 ], [ -73.271873498768286, 5.828719851381777 ], [ -73.271270248646942, 5.829133787688875 ], [ -73.271034945627207, 5.829276774410175 ], [ -73.270210717836051, 5.82977763159613 ], [ -73.269523686991931, 5.831158912896626 ], [ -73.269470814677561, 5.831533035671157 ], [ -73.269432499193556, 5.831804162723188 ], [ -73.269287092683328, 5.8324493199122 ], [ -73.268508780918694, 5.832954538448689 ], [ -73.267493780776192, 5.833229975702352 ], [ -73.266979063217661, 5.833469182658291 ], [ -73.266845435650055, 5.833531283989487 ], [ -73.266804839427493, 5.833639226909156 ], [ -73.266664798998022, 5.833918709835359 ], [ -73.266431732883007, 5.834151444266354 ], [ -73.26610577599439, 5.834244201574677 ], [ -73.265779885603195, 5.834290346250327 ], [ -73.265454062692072, 5.834289875574541 ], [ -73.26514545212234, 5.834245270189911 ], [ -73.265128307343048, 5.834242792258635 ], [ -73.264849231026687, 5.834102547016016 ], [ -73.26457015574789, 5.833962301627423 ], [ -73.264291079700001, 5.833822056998883 ], [ -73.264012004689619, 5.833681812224654 ], [ -73.263732996596389, 5.83349495213281 ], [ -73.263671075420746, 5.83346383430991 ], [ -73.263500075039644, 5.833298223123488 ], [ -73.263040249065156, 5.833102612763055 ], [ -73.262509944620192, 5.832694236360711 ], [ -73.261607710122448, 5.832497982017418 ], [ -73.261093008096694, 5.832471461498983 ], [ -73.261093007675584, 5.832471461287355 ], [ -73.260988329975646, 5.832418856573497 ], [ -73.260709257325232, 5.832278610086348 ], [ -73.260383569577243, 5.832184908765328 ], [ -73.260057883737886, 5.832091209060138 ], [ -73.259778810559908, 5.831950962093345 ], [ -73.259499804655206, 5.831764100695693 ], [ -73.259314026779805, 5.831484146901857 ], [ -73.259221407925281, 5.831157715091592 ], [ -73.259175335440261, 5.830831349622031 ], [ -73.259129262113959, 5.830504985952757 ], [ -73.259036642646834, 5.830178554089514 ], [ -73.258850865550528, 5.829898600093884 ], [ -73.25871163389553, 5.829618714243566 ], [ -73.2587586532253, 5.829292485129088 ], [ -73.258898694804429, 5.829013004904539 ], [ -73.259131761235039, 5.828780274410292 ], [ -73.259331917295015, 5.828680412513734 ], [ -73.259411237416145, 5.828640837856938 ], [ -73.259690712551446, 5.828501402075801 ], [ -73.25997025736774, 5.828315351871254 ], [ -73.260203389252467, 5.828036005766933 ], [ -73.260378338042926, 5.827826378888233 ], [ -73.2603678122166, 5.827828476090644 ], [ -73.260276843145562, 5.827505100708038 ], [ -73.261337312352339, 5.826999162665061 ], [ -73.262168405591012, 5.826678257031119 ], [ -73.262809905726158, 5.826357070321876 ], [ -73.263222311687628, 5.826034412552758 ], [ -73.263916248738553, 5.825344850930549 ], [ -73.264809975873789, 5.825218408241881 ], [ -73.265001609145429, 5.825246105913607 ], [ -73.26532729258372, 5.825339803828797 ], [ -73.265606363676341, 5.825480048165275 ], [ -73.265885435806354, 5.825620292355779 ], [ -73.266211188000455, 5.825667374565739 ], [ -73.266490260361422, 5.825807618444799 ], [ -73.266769331952503, 5.825947862179305 ], [ -73.26707938982014, 5.825859626306453 ], [ -73.267079835756306, 5.825548770099033 ], [ -73.267079953371649, 5.825466816843459 ], [ -73.267142431293905, 5.825435643807396 ], [ -73.267421971115994, 5.825249590065937 ], [ -73.267701444263025, 5.825110148649628 ], [ -73.267980917268289, 5.824970708910257 ], [ -73.268241731973717, 5.824859210438092 ], [ -73.268306934955035, 5.824831334670989 ], [ -73.268540062108229, 5.824551985335177 ], [ -73.268587075437381, 5.824225753807866 ], [ -73.268447838785676, 5.823945869557861 ], [ -73.268168766923509, 5.82380562661865 ], [ -73.267883734598399, 5.823764430306653 ], [ -73.267843015697338, 5.823758544590021 ], [ -73.267517198913936, 5.823758076639763 ], [ -73.267191314685249, 5.823804222772367 ], [ -73.266865497859101, 5.823803755351605 ], [ -73.266539680120559, 5.823803285933138 ], [ -73.266213863278324, 5.823802818135789 ], [ -73.265888179709691, 5.823709120694332 ], [ -73.265609109447951, 5.82356887735699 ], [ -73.265283426100098, 5.823475179554805 ], [ -73.265003953091536, 5.823614618865918 ], [ -73.264724480843881, 5.823754058043619 ], [ -73.264444940790725, 5.823940111369097 ], [ -73.264362835604004, 5.824008433214146 ], [ -73.263915905668625, 5.824007788287531 ], [ -73.262946530764566, 5.82474328812566 ], [ -73.262215156234276, 5.82557294497218 ], [ -73.261577036121707, 5.825960152104983 ], [ -73.261382656066701, 5.82607810102229 ], [ -73.260969843761302, 5.826190545549935 ], [ -73.260857453435904, 5.826358851631937 ], [ -73.260624388702524, 5.82659158368881 ], [ -73.26034491383848, 5.826731020795307 ], [ -73.260019095151961, 5.826730547683269 ], [ -73.259740024690814, 5.826590302361979 ], [ -73.259693950590361, 5.82626393687957 ], [ -73.25969442330603, 5.825937640441339 ], [ -73.259694896029146, 5.825611343094693 ], [ -73.259741912749405, 5.825285113892505 ], [ -73.259928498699139, 5.825005700678503 ], [ -73.260161630216601, 5.824726354618406 ], [ -73.260394692606951, 5.824493622764351 ], [ -73.260674167279774, 5.824354185671552 ], [ -73.260857880505057, 5.82426252649708 ], [ -73.260953640906791, 5.824214749351142 ], [ -73.261233182318222, 5.824028697700612 ], [ -73.261274822470455, 5.823945593924805 ], [ -73.261373220554447, 5.823749216922351 ], [ -73.261327146726217, 5.823422853381885 ], [ -73.261225149237532, 5.823217816172985 ], [ -73.261187914705886, 5.823142967158333 ], [ -73.261002138139418, 5.822863013747167 ], [ -73.260956063715412, 5.822536650153722 ], [ -73.2610030804301, 5.82221041994984 ], [ -73.261143186314939, 5.82188432492984 ], [ -73.26132976960082, 5.821604911300028 ], [ -73.261376323758782, 5.821598318590702 ], [ -73.261562429128844, 5.82165186206953 ], [ -73.261841496606849, 5.821792108412581 ], [ -73.262167179394794, 5.821885805562374 ], [ -73.262446248031154, 5.822026051592786 ], [ -73.262725316800754, 5.822166296572675 ], [ -73.263050999027655, 5.822259995005197 ], [ -73.263376681355055, 5.822353694149285 ], [ -73.263702362878576, 5.822447392195727 ], [ -73.264028112204585, 5.822494475764074 ], [ -73.264353928348953, 5.822494945763765 ], [ -73.264679743581098, 5.822495414670641 ], [ -73.265005560613645, 5.822495885198407 ], [ -73.265203519803492, 5.822397115600609 ], [ -73.265098918553065, 5.822309562607302 ], [ -73.265006297237505, 5.821983131724949 ], [ -73.265006766090266, 5.821656833561349 ], [ -73.265286237249541, 5.821517395188721 ], [ -73.265611986126942, 5.821564477862296 ], [ -73.2659377350505, 5.821611561249938 ], [ -73.266263417401547, 5.821705256914697 ], [ -73.26658916734749, 5.821752339919385 ], [ -73.26691484896827, 5.821846036104091 ], [ -73.267240664665167, 5.821846503547931 ], [ -73.267520202732612, 5.821660449816932 ], [ -73.267799808007567, 5.821427780776958 ], [ -73.268032866717419, 5.821195045037655 ], [ -73.268358749361994, 5.821148899391972 ], [ -73.268684631944097, 5.821102751750516 ], [ -73.26901038077466, 5.821149833364871 ], [ -73.269289452388932, 5.821290075046079 ], [ -73.269357870887177, 5.821347341832563 ], [ -73.269382475989232, 5.821336823146055 ], [ -73.26970842490374, 5.821244061551567 ], [ -73.270034307394781, 5.821197914038009 ], [ -73.27036012263801, 5.821198379696966 ], [ -73.270685938777774, 5.821198846977438 ], [ -73.270965409089797, 5.821059404053017 ], [ -73.271151988929319, 5.820779985589184 ], [ -73.271152454268076, 5.820453687570023 ], [ -73.270920061385993, 5.820220286431777 ], [ -73.270594378349017, 5.820126591637461 ], [ -73.270268562825379, 5.82012612608537 ], [ -73.269942747293044, 5.820125659440521 ], [ -73.269710355027087, 5.819892255961577 ], [ -73.269477962049677, 5.819658853281851 ], [ -73.269198959407277, 5.819471997379537 ], [ -73.268919888730295, 5.819331754696975 ], [ -73.268594207393392, 5.819238059610825 ], [ -73.268268392329674, 5.819237592880143 ], [ -73.268035333586965, 5.81947032869158 ], [ -73.267988755961028, 5.819493569248436 ], [ -73.267988389400102, 5.819749945948558 ], [ -73.267941376880117, 5.820076176570979 ], [ -73.267801275391207, 5.820402274007165 ], [ -73.267521738025778, 5.820588328757822 ], [ -73.267195789067557, 5.820681089089987 ], [ -73.266916317922551, 5.820820529277739 ], [ -73.266636780949341, 5.821006583609687 ], [ -73.266310898200572, 5.821052729168571 ], [ -73.265985082937163, 5.821052261166528 ], [ -73.265659467675391, 5.820911950134075 ], [ -73.265380397972876, 5.820771705699713 ], [ -73.265148008129302, 5.820538301177123 ], [ -73.265055386218478, 5.82021187027101 ], [ -73.265102400420574, 5.819885638908886 ], [ -73.265335458781351, 5.81965290515484 ], [ -73.26556851785341, 5.819420170406033 ], [ -73.265783526642679, 5.81920545971667 ], [ -73.26595259336375, 5.818757381695036 ], [ -73.266350225296549, 5.818357374780305 ], [ -73.266868061744219, 5.817836444775082 ], [ -73.267699656099921, 5.81793032018436 ], [ -73.268432312293669, 5.817792351213711 ], [ -73.268761156237474, 5.817470695082818 ], [ -73.26912643682823, 5.817748132244958 ], [ -73.269947715302862, 5.818355665428896 ], [ -73.270187281362837, 5.818532881809176 ], [ -73.271468717670928, 5.818949537867411 ], [ -73.271850774228426, 5.819076838985723 ], [ -73.272163593011783, 5.819181069745923 ], [ -73.272476437377122, 5.819015381606619 ], [ -73.272231937357503, 5.818734726449691 ], [ -73.272537155756595, 5.818372382196628 ], [ -73.272666936652286, 5.81838497579281 ], [ -73.272669082526988, 5.818354357132705 ], [ -73.272673616590339, 5.818289651773568 ], [ -73.272696873866323, 5.817957787923945 ], [ -73.272849842787423, 5.817542100930666 ], [ -73.272804748593899, 5.816712445021722 ], [ -73.272384687305816, 5.816087944945366 ], [ -73.272285281106917, 5.815361070412166 ], [ -73.272499031277903, 5.815025694684266 ], [ -73.272804468197933, 5.814532226211043 ], [ -73.273269967854162, 5.814947663102885 ], [ -73.273735374059299, 5.81541513202211 ], [ -73.274360843394902, 5.816038756606588 ], [ -73.275184093244263, 5.816455882085847 ], [ -73.275909937064853, 5.817131662914278 ], [ -73.276840123576051, 5.81775572642681 ], [ -73.277206249282074, 5.81822303816665 ], [ -73.277321611712523, 5.818352090035773 ], [ -73.277671592570698, 5.818743601092422 ], [ -73.2782895933193, 5.819055288209427 ], [ -73.278968937083334, 5.819108256647212 ], [ -73.279487312371145, 5.818849038286487 ], [ -73.279447973729589, 5.818351041125823 ], [ -73.279434092788108, 5.818175319844784 ], [ -73.278914999397955, 5.817342757234599 ], [ -73.278244156027881, 5.816875006857856 ], [ -73.277260092671554, 5.816042882378326 ], [ -73.276687093018779, 5.815835256557421 ], [ -73.276687812205523, 5.815315319635147 ], [ -73.276947061574788, 5.814744944867414 ], [ -73.276981300954276, 5.814740124387754 ], [ -73.276981551931669, 5.814562253941233 ], [ -73.276982071107568, 5.814195515599295 ], [ -73.276982514704628, 5.813881169868353 ], [ -73.276878259088505, 5.813619066235844 ], [ -73.27661684222619, 5.813513913233123 ], [ -73.276302964155832, 5.813513467765631 ], [ -73.275989160858103, 5.813460631313603 ], [ -73.275727892018551, 5.813250696265413 ], [ -73.275571324436442, 5.812988518337193 ], [ -73.275519456209508, 5.812674096715284 ], [ -73.275467588952154, 5.812359675987068 ], [ -73.275363334337158, 5.812097572014238 ], [ -73.275154378934133, 5.811887710699239 ], [ -73.274893038056746, 5.811730166021334 ], [ -73.274631771331258, 5.811520230396013 ], [ -73.274422817313166, 5.811310368782927 ], [ -73.27426624999265, 5.811048190421616 ], [ -73.274109682820722, 5.810786012007839 ], [ -73.274005429145745, 5.810523907726463 ], [ -73.273848862247291, 5.810261729222873 ], [ -73.273744607894855, 5.809999624878913 ], [ -73.273640355451278, 5.809737521412899 ], [ -73.273536175421611, 5.809423026189222 ], [ -73.273431922287216, 5.809160921765397 ], [ -73.27343195735358, 5.809136201938657 ], [ -73.273475421428145, 5.809145934896378 ], [ -73.273519308178095, 5.809153324626095 ], [ -73.273552651876571, 5.809156237943512 ], [ -73.273580186518529, 5.809154377531627 ], [ -73.273591295105462, 5.809151072560212 ], [ -73.273599998294571, 5.809146053796326 ], [ -73.273606656532706, 5.809139106583018 ], [ -73.273611146134272, 5.809130464467557 ], [ -73.273613632367528, 5.809119926462415 ], [ -73.273614114648808, 5.809108155020624 ], [ -73.273609561833041, 5.809079432833187 ], [ -73.273599017252991, 5.809047446531054 ], [ -73.273581705426182, 5.809008107743352 ], [ -73.273559164951394, 5.808964556945682 ], [ -73.273494266312184, 5.808854749679824 ], [ -73.273432493982, 5.808757459622939 ], [ -73.273432812779333, 5.808532229103037 ], [ -73.273432814705018, 5.808530601024529 ], [ -73.2734355694584, 5.808531595181478 ], [ -73.273484341941185, 5.808553633440852 ], [ -73.273540418852633, 5.808582032053209 ], [ -73.273610429007647, 5.808620034912735 ], [ -73.273803470444079, 5.808730569262764 ], [ -73.273917950561213, 5.808793539131045 ], [ -73.274008000104402, 5.808837895213912 ], [ -73.274104872972259, 5.80888032667832 ], [ -73.274159367478319, 5.808906434558082 ], [ -73.274205742505444, 5.808933719238382 ], [ -73.274249306462423, 5.808965008955511 ], [ -73.274287122169881, 5.808997671613668 ], [ -73.274317672480436, 5.809031820168798 ], [ -73.274337015467722, 5.80905941841263 ], [ -73.274354675166649, 5.809089255513641 ], [ -73.274371173220061, 5.809121839823092 ], [ -73.274387526230043, 5.809159066802124 ], [ -73.274415102942783, 5.809231062580125 ], [ -73.274471166659566, 5.809394357129918 ], [ -73.274501479493836, 5.809495990002347 ], [ -73.274529120057537, 5.809599005185248 ], [ -73.274573047967749, 5.809790155782082 ], [ -73.274601452817592, 5.80990391101119 ], [ -73.274651816219944, 5.810064700575424 ], [ -73.274683282207604, 5.81017947061423 ], [ -73.274703934236243, 5.810245428023165 ], [ -73.274720126170621, 5.810287658757431 ], [ -73.274740672048665, 5.810328485544574 ], [ -73.274762496881806, 5.810360625613498 ], [ -73.274789006172682, 5.810389050229048 ], [ -73.274813974826031, 5.810408278177704 ], [ -73.274841765394626, 5.810423486596392 ], [ -73.274872964482654, 5.81043497384627 ], [ -73.274906965764615, 5.810442770086411 ], [ -73.274933638403468, 5.810446520964206 ], [ -73.274976362268205, 5.810450142761852 ], [ -73.27507701423383, 5.810452949019805 ], [ -73.275164994009003, 5.810460306290679 ], [ -73.275275315426768, 5.810477258230094 ], [ -73.275369997570351, 5.810495968924613 ], [ -73.275427121789107, 5.810510754868119 ], [ -73.275480115962694, 5.810528373628074 ], [ -73.275527612120641, 5.81054910098959 ], [ -73.275573115045802, 5.810573927114035 ], [ -73.275613384601286, 5.81060161465075 ], [ -73.275650310834124, 5.81063328124668 ], [ -73.275683955352861, 5.810669258098585 ], [ -73.275713627357106, 5.810708676753904 ], [ -73.275735345771295, 5.810744821414517 ], [ -73.275756047374273, 5.810786079764171 ], [ -73.275799056260496, 5.810885120795149 ], [ -73.275832283127215, 5.81095597072715 ], [ -73.275858854368835, 5.811003829014226 ], [ -73.275888881037304, 5.811047798680022 ], [ -73.27591781616502, 5.811080730713627 ], [ -73.27595045495525, 5.811109233725688 ], [ -73.275984883415504, 5.81113126970763 ], [ -73.27602241489069, 5.811147580109719 ], [ -73.276043355153888, 5.811153720192124 ], [ -73.276064746370707, 5.811158083557984 ], [ -73.276108648518118, 5.811161464869031 ], [ -73.276154699655137, 5.811157715614968 ], [ -73.276200835185648, 5.811147280249827 ], [ -73.276243691933132, 5.811132345968304 ], [ -73.27628596745285, 5.811113321413188 ], [ -73.276333078143409, 5.81108835142129 ], [ -73.276390805392509, 5.811055420465152 ], [ -73.276439436979899, 5.811030626193826 ], [ -73.276479370827076, 5.811014620007029 ], [ -73.276520002946086, 5.81100368413496 ], [ -73.276559365139462, 5.810999511871671 ], [ -73.27659723328577, 5.811002059887869 ], [ -73.276614651906129, 5.811006000737109 ], [ -73.276632061512146, 5.811011837544413 ], [ -73.276664431526001, 5.81102836129304 ], [ -73.276687834914924, 5.811045217941739 ], [ -73.276709082580567, 5.811064648531499 ], [ -73.276728165596751, 5.811086878409697 ], [ -73.276744628143263, 5.811111115028268 ], [ -73.276757183996949, 5.811134796086094 ], [ -73.276766594862181, 5.811159647025875 ], [ -73.276772604418341, 5.811186307801677 ], [ -73.276775505068713, 5.81121401083891 ], [ -73.276774638030815, 5.811255646231984 ], [ -73.276767377611804, 5.811298830479643 ], [ -73.27675222007656, 5.811356350921358 ], [ -73.276724298352235, 5.811452105295587 ], [ -73.27670025458599, 5.811561751175134 ], [ -73.27669561933692, 5.811592207262436 ], [ -73.276693582568896, 5.811620032176336 ], [ -73.27669457329614, 5.811642936987027 ], [ -73.276699002524879, 5.811664317015584 ], [ -73.27670383655601, 5.811676387214106 ], [ -73.276710387049661, 5.811687536197212 ], [ -73.276718670316882, 5.81169785717077 ], [ -73.276728336437657, 5.81170691591069 ], [ -73.276739076225738, 5.811714421161867 ], [ -73.27675107140891, 5.811720571027877 ], [ -73.276776866553519, 5.811727754872152 ], [ -73.276804266976967, 5.811728393040823 ], [ -73.276831472571246, 5.811722362432988 ], [ -73.276856995790354, 5.811709341600931 ], [ -73.276879414205666, 5.811690971988924 ], [ -73.276896933141813, 5.811670849096629 ], [ -73.276912257902495, 5.811648587883099 ], [ -73.276926751337896, 5.811622674537318 ], [ -73.276938999648451, 5.811595764087656 ], [ -73.276951464486785, 5.811562602766116 ], [ -73.276962830491527, 5.811525725189426 ], [ -73.276971038556326, 5.811491259148738 ], [ -73.276976352312715, 5.811458731205164 ], [ -73.276980167652937, 5.811420279027004 ], [ -73.276983078445141, 5.811365173667298 ], [ -73.276984749458961, 5.811289756415817 ], [ -73.276984085076492, 5.811226467174265 ], [ -73.276981797788608, 5.811183569961884 ], [ -73.276979874965832, 5.811163471077521 ], [ -73.277038529266235, 5.811261688935758 ], [ -73.277247410420387, 5.811523941249675 ], [ -73.277456366421347, 5.811733801762784 ], [ -73.277717634234079, 5.811943736930914 ], [ -73.277978903141445, 5.812153671061935 ], [ -73.278240171337245, 5.812363605966993 ], [ -73.278396740836911, 5.812625784015154 ], [ -73.278448609738291, 5.812940204393044 ], [ -73.278552866830864, 5.813202307712686 ], [ -73.278709435817348, 5.813464484743918 ], [ -73.278918393084894, 5.813674346451648 ], [ -73.279179810399285, 5.813779498364624 ], [ -73.279388767050023, 5.813989358072547 ], [ -73.279597650316532, 5.814251609391874 ], [ -73.27975422098956, 5.814513786086081 ], [ -73.279806090862053, 5.814828207178778 ], [ -73.279910274549877, 5.815142701878926 ], [ -73.280066844726434, 5.815404879364735 ], [ -73.280223415954936, 5.815667055892504 ], [ -73.280432300249231, 5.815929306839109 ], [ -73.280641258173716, 5.81613916691208 ], [ -73.28085021715674, 5.816349026898536 ], [ -73.281111561752823, 5.816506570422746 ], [ -73.281410893134534, 5.816457041442732 ], [ -73.281189467804666, 5.816233787706835 ], [ -73.281737999038342, 5.815392538307492 ], [ -73.281807030625544, 5.814454538384553 ], [ -73.281128374289949, 5.813934819876522 ], [ -73.280578781175905, 5.813125913018212 ], [ -73.280548218110596, 5.812381037567661 ], [ -73.280418687118811, 5.811410007240227 ], [ -73.280402885696844, 5.811407329073006 ], [ -73.279907561564414, 5.811323381671116 ], [ -73.279602249390905, 5.810960132392609 ], [ -73.27954831207478, 5.810804100834275 ], [ -73.279129467902351, 5.810907475820386 ], [ -73.278922749246135, 5.811841882127908 ], [ -73.278510967830584, 5.811737320031682 ], [ -73.278404030877596, 5.810750475882685 ], [ -73.278717499016693, 5.810128162555088 ], [ -73.278770156284565, 5.809609445264641 ], [ -73.278564217683083, 5.809193226114985 ], [ -73.278411531317147, 5.808622257231434 ], [ -73.278534662446646, 5.808326714648672 ], [ -73.27852253729543, 5.808293172646074 ], [ -73.278632543621256, 5.808000633837594 ], [ -73.278671208395849, 5.807739881750649 ], [ -73.27867130070058, 5.807673958618295 ], [ -73.278542066372268, 5.807396825691399 ], [ -73.278378047213209, 5.80713133987939 ], [ -73.278122569605785, 5.806957191679317 ], [ -73.277821286700146, 5.806883593059354 ], [ -73.277538334225824, 5.806764285995712 ], [ -73.277337745666273, 5.806526188312091 ], [ -73.277173727325476, 5.806260702103657 ], [ -73.276964006117453, 5.806022591548697 ], [ -73.276818266767805, 5.805747984824848 ], [ -73.276891756171494, 5.805446248667181 ], [ -73.276946993172885, 5.80513534031337 ], [ -73.276947432335362, 5.804824353806794 ], [ -73.277212516894735, 5.804660087703155 ], [ -73.277495469141684, 5.804779395896674 ], [ -73.277778368931877, 5.804935289097443 ], [ -73.277816336359933, 5.804947650714951 ], [ -73.277912870879391, 5.804979079752627 ], [ -73.278088744792512, 5.805036340722438 ], [ -73.278399393372524, 5.804945314236022 ], [ -73.278691851069254, 5.804799379941528 ], [ -73.278947815689151, 5.804625953613254 ], [ -73.279231103015036, 5.804507446581738 ], [ -73.279541582869115, 5.804535325299696 ], [ -73.279605087618222, 5.804837255578889 ], [ -73.2795407327053, 5.805139004703449 ], [ -73.279458112690804, 5.805440729361464 ], [ -73.279402851728605, 5.805769932277087 ], [ -73.279356737262049, 5.806090001129917 ], [ -73.279347153800359, 5.806410120712655 ], [ -73.27939235472968, 5.806739465842156 ], [ -73.279410156723941, 5.807068771107708 ], [ -73.27942797321748, 5.807388929627848 ], [ -73.279473186959819, 5.807709127994883 ], [ -73.279491015283099, 5.808020139764778 ], [ -73.279554507825424, 5.808331216733791 ], [ -73.279654545197957, 5.808633198562461 ], [ -73.279772862300092, 5.808926059880605 ], [ -73.280055816291565, 5.80904536574235 ], [ -73.280348225000864, 5.808936018387499 ], [ -73.280649703410745, 5.808872417235079 ], [ -73.280832001940723, 5.809128780874005 ], [ -73.281023447211908, 5.809376011264476 ], [ -73.281297218107738, 5.809531889868367 ], [ -73.281598476645684, 5.809623781823234 ], [ -73.281881394374295, 5.80977052694152 ], [ -73.281882341693517, 5.809771150911899 ], [ -73.282100621987524, 5.809771458295529 ], [ -73.282328108764773, 5.809942830272917 ], [ -73.282498583901599, 5.810171138206556 ], [ -73.282555115597575, 5.810456303828346 ], [ -73.282554716442007, 5.810741389310294 ], [ -73.282440451790194, 5.811026313614718 ], [ -73.282269336997103, 5.811254141551672 ], [ -73.28209814111176, 5.811538987444351 ], [ -73.281983876987624, 5.811823910761802 ], [ -73.282040408632611, 5.812109077327932 ], [ -73.282210804313536, 5.812394402399548 ], [ -73.282495384233073, 5.812451820208935 ], [ -73.282780204145354, 5.812338186596889 ], [ -73.282901258225081, 5.812177011618303 ], [ -73.282862643251917, 5.812001825896516 ], [ -73.28275560243037, 5.811678708637032 ], [ -73.282684391874, 5.811355643107106 ], [ -73.282828120359, 5.811068763714729 ], [ -73.283150553302278, 5.811105103171997 ], [ -73.283329357773084, 5.81135654993443 ], [ -73.283652041763617, 5.811213463048091 ], [ -73.283795820421744, 5.810890698767025 ], [ -73.283939547320244, 5.810603819121127 ], [ -73.284190617642651, 5.81042474573087 ], [ -73.284513150689747, 5.81038931418999 ], [ -73.284835482922915, 5.81049742112333 ], [ -73.285086002329933, 5.810713084075189 ], [ -73.285300639407012, 5.810964580880977 ], [ -73.285319930341984, 5.811140701971851 ], [ -73.28540066745046, 5.811201522633212 ], [ -73.285514132599985, 5.811486767710051 ], [ -73.285627597869791, 5.811772012755569 ], [ -73.285627200291856, 5.812057099055721 ], [ -73.285569868947277, 5.812342103727872 ], [ -73.285512539359956, 5.812627110202982 ], [ -73.285398275890714, 5.812912035937359 ], [ -73.285227160893953, 5.813139863820709 ], [ -73.285056045761849, 5.813367692561997 ], [ -73.284827998400033, 5.81359544227638 ], [ -73.284600030644697, 5.813766173015438 ], [ -73.284315130619177, 5.813936824638233 ], [ -73.28414401488169, 5.814164653126568 ], [ -73.284086682622046, 5.814449657673833 ], [ -73.283972419906604, 5.814734584058499 ], [ -73.283858156177416, 5.815019508613375 ], [ -73.283686880192306, 5.815361371142956 ], [ -73.28368640004112, 5.815703472725602 ], [ -73.283666827962634, 5.815800770718909 ], [ -73.283714593229945, 5.815848569972161 ], [ -73.283904687048846, 5.816302037841126 ], [ -73.284225592832058, 5.816820162794386 ], [ -73.284456613315058, 5.816935035259348 ], [ -73.284652731799781, 5.816788158009786 ], [ -73.284880700709778, 5.816617426303992 ], [ -73.285108670384375, 5.816446695416118 ], [ -73.285393332280478, 5.816447093667136 ], [ -73.285677994170896, 5.816447493584576 ], [ -73.285962734792008, 5.816390876290257 ], [ -73.286190704030616, 5.816220144079807 ], [ -73.286418672226205, 5.81604941178324 ], [ -73.286532934823811, 5.815764485868556 ], [ -73.286590265940504, 5.81547948023524 ], [ -73.286647596102171, 5.815194473691008 ], [ -73.286704927117398, 5.814909468950702 ], [ -73.286876041997175, 5.81468163973193 ], [ -73.28716078158925, 5.814625020974916 ], [ -73.287331261007125, 5.814853328152367 ], [ -73.287444727931529, 5.815138572720798 ], [ -73.287501261806938, 5.815423737651713 ], [ -73.287557796650617, 5.81570890438087 ], [ -73.287557399234117, 5.815993988785863 ], [ -73.287500068570239, 5.816278995395805 ], [ -73.287385806377301, 5.81656392057738 ], [ -73.287271544075907, 5.816848846643438 ], [ -73.287157280761619, 5.817133772689772 ], [ -73.287099949807043, 5.817418779263448 ], [ -73.287156484698414, 5.817703944202776 ], [ -73.287269952178349, 5.817989188753756 ], [ -73.287269553769136, 5.818274274953069 ], [ -73.287269452478256, 5.818347113944242 ], [ -73.287269156269758, 5.818559360244251 ], [ -73.287154891747662, 5.818844286290357 ], [ -73.287097561564281, 5.81912929194965 ], [ -73.287097163095211, 5.81941437723691 ], [ -73.287267643122561, 5.819642685230917 ], [ -73.287495134568701, 5.819814054796609 ], [ -73.287608602691762, 5.820099300133961 ], [ -73.287551271739403, 5.820384305822017 ], [ -73.287323302225843, 5.820555037714257 ], [ -73.287038398868162, 5.820725689893436 ], [ -73.286753655317966, 5.820782307824004 ], [ -73.286535785143883, 5.820825629037131 ], [ -73.286415031248112, 5.821647070059896 ], [ -73.286643468171462, 5.822133412680842 ], [ -73.287582249037371, 5.822263569897189 ], [ -73.288451873754695, 5.82262081985732 ], [ -73.288451593147954, 5.82362447598814 ], [ -73.288643217554352, 5.824595600876535 ], [ -73.288971249056488, 5.824887662694493 ], [ -73.289261887591863, 5.824964415942532 ], [ -73.289521213819285, 5.825032899044515 ], [ -73.289830792199098, 5.824476667946897 ], [ -73.289721042255678, 5.824145391760169 ], [ -73.289500925689254, 5.823924335577033 ], [ -73.289335992682709, 5.823648169756154 ], [ -73.28917106074465, 5.823372002970871 ], [ -73.289116417260516, 5.82304080424592 ], [ -73.289116877842332, 5.822709682238951 ], [ -73.289337609218705, 5.822489242306688 ], [ -73.289466368355363, 5.822360651555471 ], [ -73.289613059729163, 5.822544813827051 ], [ -73.289833174869784, 5.822765870002343 ], [ -73.290163655752167, 5.822876705949 ], [ -73.290494213233671, 5.822932354550119 ], [ -73.290824770770826, 5.822988002954048 ], [ -73.29115540477693, 5.822988464018806 ], [ -73.291431163926234, 5.822823286969367 ], [ -73.291541834694328, 5.82249231892331 ], [ -73.291542294774843, 5.822161196073125 ], [ -73.291487650065278, 5.821829996722158 ], [ -73.291487839844535, 5.821693231142831 ], [ -73.291656092628841, 5.821654413372528 ], [ -73.292267281165948, 5.821202038076876 ], [ -73.29219152213534, 5.820338492077724 ], [ -73.291875535079612, 5.820285296620284 ], [ -73.291544901770294, 5.820284835899201 ], [ -73.291214270259559, 5.82028437588815 ], [ -73.290883713384915, 5.820228727630592 ], [ -73.290608493361049, 5.820007595225434 ], [ -73.290498743063154, 5.819676319117718 ], [ -73.290609413861887, 5.819345351221102 ], [ -73.290664980010092, 5.819014304904158 ], [ -73.290610335302404, 5.81868310629585 ], [ -73.290607320852303, 5.818678059821536 ], [ -73.290400292226593, 5.818677770918214 ], [ -73.290115707637085, 5.818620356394604 ], [ -73.289888295182891, 5.818391969943491 ], [ -73.289888359177667, 5.818345774760701 ], [ -73.289888692270154, 5.818106883808525 ], [ -73.289946020956108, 5.817821877930271 ], [ -73.290003349591132, 5.817536872045935 ], [ -73.290174464739664, 5.817309041874523 ], [ -73.290345579752056, 5.817081210751098 ], [ -73.290516693725976, 5.816853381391638 ], [ -73.290687809370979, 5.816625551078971 ], [ -73.290745136633404, 5.816340544227614 ], [ -73.290802465652803, 5.816055538274554 ], [ -73.290887322966057, 5.81584393443876 ], [ -73.291175510750122, 5.815728952771735 ], [ -73.291330143279538, 5.815458816228556 ], [ -73.291349853636632, 5.815149869156585 ], [ -73.291485231121783, 5.81486039385328 ], [ -73.29179377171431, 5.814841513000317 ], [ -73.292044733816851, 5.814629442154285 ], [ -73.292218646647655, 5.814359331621404 ], [ -73.292411843020091, 5.81408924816111 ], [ -73.292701260955369, 5.813954473933904 ], [ -73.292990038067842, 5.813882597511963 ], [ -73.293009882162721, 5.813877658648948 ], [ -73.293280071151514, 5.813704236618946 ], [ -73.293550287917014, 5.813511502900894 ], [ -73.293820503591633, 5.81331876906205 ], [ -73.294052182384235, 5.813106671214882 ], [ -73.294206811944946, 5.812836533059681 ], [ -73.294265086195821, 5.812527639158418 ], [ -73.2941305123598, 5.812237788911148 ], [ -73.293918757319545, 5.811986454371663 ], [ -73.293629713859275, 5.811850877192512 ], [ -73.293321147948689, 5.811889069627682 ], [ -73.293050958907941, 5.812062492549728 ], [ -73.292990038192613, 5.812109290342391 ], [ -73.292800026267741, 5.812255253122601 ], [ -73.292529782728025, 5.812467298040929 ], [ -73.29237515243608, 5.812737434870826 ], [ -73.292316878032295, 5.813046327722361 ], [ -73.292027486640393, 5.813161791075004 ], [ -73.29181570502459, 5.812929766389686 ], [ -73.291681133210716, 5.812639916409239 ], [ -73.291585151424556, 5.812330808218121 ], [ -73.291585175723071, 5.812313055040477 ], [ -73.291775775096596, 5.812122700840007 ], [ -73.292117603698102, 5.811952124764105 ], [ -73.292340850105518, 5.811863053419643 ], [ -73.29231303089847, 5.811814319690086 ], [ -73.292419085361473, 5.811754814287838 ], [ -73.292492477402448, 5.811559633575712 ], [ -73.292396495394144, 5.811250527333641 ], [ -73.29220404855738, 5.810979906737998 ], [ -73.292146632185279, 5.810670852890041 ], [ -73.292455143377595, 5.810671280643021 ], [ -73.292724877112221, 5.810826142926544 ], [ -73.292990038247069, 5.810926147932946 ], [ -73.293033227794126, 5.810942437053598 ], [ -73.29334184642363, 5.810865621664334 ], [ -73.293477221049329, 5.810576145942889 ], [ -73.293612594639455, 5.810286671098595 ], [ -73.293709431630248, 5.809977831397077 ], [ -73.293729141548738, 5.809668884256837 ], [ -73.293922307747437, 5.809418110110528 ], [ -73.294230846140749, 5.809399227170672 ], [ -73.294519913658405, 5.809515493449567 ], [ -73.2947123871337, 5.809766800768728 ], [ -73.294904859878613, 5.810018108917063 ], [ -73.294942996796351, 5.810327136283263 ], [ -73.29494257111844, 5.810636109561131 ], [ -73.294787940659376, 5.810906248796357 ], [ -73.294774268983645, 5.811120570798153 ], [ -73.295044141589074, 5.811433024752375 ], [ -73.295057009253583, 5.811543880938473 ], [ -73.295172274564322, 5.811853014585324 ], [ -73.295461345335013, 5.811969280297944 ], [ -73.295673767211099, 5.811737844155914 ], [ -73.295828395635226, 5.811467704696838 ], [ -73.29607935470608, 5.811255632184896 ], [ -73.296368772067979, 5.811120856181958 ], [ -73.296677417189414, 5.811024728332256 ], [ -73.296966833374768, 5.810889952035438 ], [ -73.297275504270999, 5.810774513214142 ], [ -73.297545691321488, 5.81060108655106 ], [ -73.297796623344482, 5.81040832488253 ], [ -73.29804755429052, 5.810215562205258 ], [ -73.298240718677448, 5.809964785770603 ], [ -73.298318272228755, 5.809655919381782 ], [ -73.298202977947312, 5.80936609616839 ], [ -73.298114326894336, 5.809324514374339 ], [ -73.298125656379796, 5.809236386966973 ], [ -73.298134374202334, 5.809168569780752 ], [ -73.298217562162506, 5.80859225735918 ], [ -73.297350307709337, 5.808808267988297 ], [ -73.297335741642769, 5.809036614187676 ], [ -73.297200370265728, 5.809326090729769 ], [ -73.297007204699639, 5.809576865922395 ], [ -73.296698587361107, 5.809653683256045 ], [ -73.296448187941564, 5.809460227659429 ], [ -73.296332896449314, 5.809170404915847 ], [ -73.296024491329035, 5.809092734791989 ], [ -73.295715847114593, 5.80918886314862 ], [ -73.295445661013616, 5.809362287129261 ], [ -73.295137069627287, 5.809419792955282 ], [ -73.294848001145169, 5.809303526996302 ], [ -73.294694119136807, 5.809032962251649 ], [ -73.294829491761107, 5.808743485340244 ], [ -73.294903881643563, 5.808557975448139 ], [ -73.294258374203253, 5.807938038008274 ], [ -73.294020990826368, 5.807884760845184 ], [ -73.293866303891093, 5.80808558135061 ], [ -73.293653856392325, 5.808336328379823 ], [ -73.29355731264485, 5.808432748060056 ], [ -73.293538030942727, 5.808432720968142 ], [ -73.293229548059855, 5.808412983080359 ], [ -73.293268539016367, 5.8081040621272 ], [ -73.293153274686119, 5.807794927960572 ], [ -73.292990038241101, 5.807794701263845 ], [ -73.292844765077405, 5.807794499604711 ], [ -73.292555377338374, 5.807909964013447 ], [ -73.292246866747519, 5.807909535335 ], [ -73.292112295135098, 5.807619685357565 ], [ -73.291997005332689, 5.807329861580115 ], [ -73.291898263630685, 5.80727317066561 ], [ -73.29176559640598, 5.807348850966719 ], [ -73.291514664402655, 5.807541610918406 ], [ -73.291340753154998, 5.807811721211294 ], [ -73.291186123439502, 5.808081858629862 ], [ -73.291031492677348, 5.808351996011481 ], [ -73.290934655341573, 5.808660835331068 ], [ -73.290934225627097, 5.80896980873473 ], [ -73.290972361197703, 5.809278835587406 ], [ -73.29101020012979, 5.809400694585634 ], [ -73.290967208092127, 5.809483673434897 ], [ -73.290975977865287, 5.80950130081925 ], [ -73.29111697816154, 5.809784707842255 ], [ -73.291210781605685, 5.810115251053901 ], [ -73.291210389447087, 5.810398461192221 ], [ -73.291209996391444, 5.810681671328098 ], [ -73.291115341422369, 5.810964749940069 ], [ -73.290973619702129, 5.811200561679755 ], [ -73.290737635865582, 5.811436241807826 ], [ -73.290454653151755, 5.811577453402776 ], [ -73.290218735128519, 5.811765931788727 ], [ -73.289982816946633, 5.811954410082876 ], [ -73.289793964350054, 5.812190155245787 ], [ -73.289652241782505, 5.812425966686419 ], [ -73.289575214301578, 5.812554132700541 ], [ -73.289367182582168, 5.812713934557792 ], [ -73.289190810697789, 5.812942900206565 ], [ -73.289096615641256, 5.813157707733865 ], [ -73.288903446935308, 5.813408478557903 ], [ -73.288633255735931, 5.813581900366216 ], [ -73.288363065270232, 5.813755320242194 ], [ -73.288073672616179, 5.813870780719242 ], [ -73.287765133229811, 5.813889660424877 ], [ -73.287476090995199, 5.8137540800804 ], [ -73.287225694445397, 5.813560621261161 ], [ -73.287129714872208, 5.813251513114949 ], [ -73.2872458113888, 5.812962012325727 ], [ -73.287477518081573, 5.812730606386538 ], [ -73.287689943638611, 5.812499173074741 ], [ -73.287844576168879, 5.812229037416898 ], [ -73.287922134801818, 5.811920172178588 ], [ -73.287922565176757, 5.811611197822629 ], [ -73.287903740990203, 5.811282887322591 ], [ -73.287884915930704, 5.810954575912717 ], [ -73.287873117402512, 5.810907026555014 ], [ -73.287769601143225, 5.810684062809628 ], [ -73.28753854129161, 5.81045200998642 ], [ -73.287326817018652, 5.810181362107755 ], [ -73.28711506568203, 5.809930023905963 ], [ -73.286922623565374, 5.809659403160197 ], [ -73.286807335897322, 5.809369579138888 ], [ -73.286711358274772, 5.809060470829138 ], [ -73.286518889369233, 5.808809159684074 ], [ -73.286287829902676, 5.808577106271514 ], [ -73.286095388658225, 5.80830648518895 ], [ -73.285883612177145, 5.808074458029353 ], [ -73.285575209711453, 5.807996783004512 ], [ -73.28526672803099, 5.807977039840125 ], [ -73.284958164330817, 5.808015229446937 ], [ -73.284630237713543, 5.808111322622665 ], [ -73.284321513300597, 5.808265376867269 ], [ -73.284032123374175, 5.808380836103879 ], [ -73.28376193379404, 5.8085542537587 ], [ -73.283530253622189, 5.808766348424115 ], [ -73.283279292441989, 5.808978414654973 ], [ -73.283009129747654, 5.809132522195569 ], [ -73.282965593412769, 5.809137590214107 ], [ -73.282796025110144, 5.80906938365996 ], [ -73.282534607613457, 5.808964234236043 ], [ -73.282273338646348, 5.808754301293163 ], [ -73.28222146723067, 5.808439880399249 ], [ -73.28227422116106, 5.808125607265822 ], [ -73.282281271579791, 5.808108024321655 ], [ -73.282412826909706, 5.808108209299576 ], [ -73.282740753962685, 5.808012115581903 ], [ -73.283010916217563, 5.807858009091092 ], [ -73.283319614308311, 5.807723267139295 ], [ -73.283609111825456, 5.807530564645845 ], [ -73.283898555282633, 5.807376484278223 ], [ -73.284187944737084, 5.807261025129492 ], [ -73.284458160039151, 5.807068295715169 ], [ -73.284612791894745, 5.806798160887581 ], [ -73.28474817021322, 5.806508687946689 ], [ -73.284922084332607, 5.806238580438219 ], [ -73.28519224512155, 5.806084471155771 ], [ -73.285500806852554, 5.806046282376485 ], [ -73.285789844642863, 5.806181863080326 ], [ -73.2860595736135, 5.806336726956204 ], [ -73.286329303631305, 5.806491591599979 ], [ -73.286541079663039, 5.806723617720763 ], [ -73.286675649162135, 5.807013469185165 ], [ -73.286790936226453, 5.807303294189524 ], [ -73.286944814060234, 5.807573861314495 ], [ -73.287098664773396, 5.807863739062611 ], [ -73.287252542915155, 5.808134306083502 ], [ -73.287367803262384, 5.808443440702206 ], [ -73.287540963421407, 5.808714034926936 ], [ -73.287675533038794, 5.809003886084952 ], [ -73.287771512071515, 5.809312994205698 ], [ -73.287828926808913, 5.809622047733399 ], [ -73.287944215047276, 5.809911872420457 ], [ -73.288059503409215, 5.810201696170168 ], [ -73.288078354853553, 5.810510696908409 ], [ -73.288193643419731, 5.810800520614976 ], [ -73.288424729993835, 5.811013263381824 ], [ -73.288733215163973, 5.811033004732792 ], [ -73.289022658841191, 5.810878921740766 ], [ -73.28927359316765, 5.810686162801801 ], [ -73.289486017232662, 5.810454728872514 ], [ -73.289659930140374, 5.810184619090705 ], [ -73.289731182172659, 5.809900864891745 ], [ -73.289996855749735, 5.809531171847539 ], [ -73.289988662107078, 5.809509196583804 ], [ -73.290008400323302, 5.809180938798249 ], [ -73.290163030889516, 5.808910801669185 ], [ -73.290375453042373, 5.808679368347782 ], [ -73.290453009888836, 5.808370501911384 ], [ -73.29049200327006, 5.808061581977995 ], [ -73.290511713125852, 5.807752634845258 ], [ -73.290473577948887, 5.807443607927212 ], [ -73.290242491265872, 5.807230866842417 ], [ -73.289992095017226, 5.807037409109171 ], [ -73.289992524392517, 5.806728435660034 ], [ -73.29001223541519, 5.806419489423263 ], [ -73.290012663892185, 5.806110515968101 ], [ -73.290013093280095, 5.805801541604126 ], [ -73.290013521773403, 5.805492569047431 ], [ -73.290129615394903, 5.805203066833599 ], [ -73.290299817197763, 5.805093820619732 ], [ -73.290459393607193, 5.804828297244001 ], [ -73.290758318092969, 5.804589478131277 ], [ -73.291116793901836, 5.804470359187576 ], [ -73.291475105092672, 5.804470857035938 ], [ -73.291525857244494, 5.804470927716466 ], [ -73.29192865865565, 5.804269922833157 ], [ -73.29242653096685, 5.804021476076969 ], [ -73.292990038142534, 5.804153916525308 ], [ -73.293838999240052, 5.804353445249319 ], [ -73.294480159328884, 5.804933701978939 ], [ -73.294830874157071, 5.805251100650537 ], [ -73.296996748838808, 5.805914163041848 ], [ -73.297512723179068, 5.805400010393043 ], [ -73.297501094612755, 5.805317684272723 ], [ -73.297501527968507, 5.805003336274581 ], [ -73.297606513020355, 5.804741523064706 ], [ -73.297816049647281, 5.804532246401891 ], [ -73.298025659806797, 5.804270578033311 ], [ -73.298078403729392, 5.803956301121787 ], [ -73.298078835899048, 5.803641953125236 ], [ -73.298079268077345, 5.803327605124821 ], [ -73.297870378164134, 5.803065359855395 ], [ -73.297661417429481, 5.802855506134165 ], [ -73.297506980269873, 5.802731420203315 ], [ -73.297400144330936, 5.802645580274373 ], [ -73.297147554110836, 5.802543985915122 ], [ -73.297138726578169, 5.802540435755134 ], [ -73.296824853321084, 5.802540003193428 ], [ -73.296510980054961, 5.802539569552721 ], [ -73.296197178838725, 5.802486745902229 ], [ -73.295988218914545, 5.802276890611211 ], [ -73.295779258242419, 5.80206703704431 ], [ -73.295674994741091, 5.801804936185988 ], [ -73.295675428300854, 5.801490587194337 ], [ -73.29578041274209, 5.80122877518636 ], [ -73.295885397995221, 5.800966963160988 ], [ -73.295676509978705, 5.800704716963594 ], [ -73.295362781982249, 5.80059950113889 ], [ -73.295048981921582, 5.800546675883254 ], [ -73.294787638636876, 5.800389140352365 ], [ -73.29452636771515, 5.800179213035562 ], [ -73.294317480609664, 5.799916967187755 ], [ -73.294213219117978, 5.799654865080981 ], [ -73.294108955920876, 5.799392763853177 ], [ -73.293952382422162, 5.799130590211064 ], [ -73.293795808167886, 5.798868415611366 ], [ -73.293743929787297, 5.798553995937425 ], [ -73.293744363601604, 5.798239647762557 ], [ -73.293744797424097, 5.797925299584108 ], [ -73.293745231255627, 5.797610952307366 ], [ -73.293745665094832, 5.79729660412238 ], [ -73.293902960880473, 5.797034864834359 ], [ -73.29411249714542, 5.796825588655793 ], [ -73.294374199825484, 5.796721168100021 ], [ -73.294688069933272, 5.796721602184448 ], [ -73.294996816774244, 5.796825147781249 ], [ -73.295455843332945, 5.796422537756428 ], [ -73.295471251636059, 5.796387608909413 ], [ -73.295421010434723, 5.796303482902317 ], [ -73.295316748288144, 5.796041380957888 ], [ -73.295212485340016, 5.795779279892201 ], [ -73.295160605646913, 5.795464860339791 ], [ -73.295161038761535, 5.795150512169698 ], [ -73.295161471884398, 5.79483616399591 ], [ -73.295161905015107, 5.794521814913878 ], [ -73.295110026403563, 5.79420739533515 ], [ -73.294953452199934, 5.793945221873685 ], [ -73.294796879048249, 5.793683048358787 ], [ -73.294780845310868, 5.793642741243445 ], [ -73.294692616822715, 5.793420947141612 ], [ -73.294693049348268, 5.793106598936561 ], [ -73.294798105128621, 5.792792395420008 ], [ -73.295059950261134, 5.792583191295762 ], [ -73.295226604252093, 5.792611246061028 ], [ -73.295226499274804, 5.792504787719679 ], [ -73.295700468047585, 5.792505444743654 ], [ -73.296295592973536, 5.793039726375412 ], [ -73.296828967802639, 5.792507006972244 ], [ -73.297362937164962, 5.792389070388708 ], [ -73.297118905707805, 5.793396881845922 ], [ -73.297294311732799, 5.793872976028638 ], [ -73.297714687117434, 5.794288350666648 ], [ -73.297592061718149, 5.79482278838384 ], [ -73.297530717626842, 5.795119944733642 ], [ -73.297652843327512, 5.79577225717702 ], [ -73.298003873753032, 5.795713975971182 ], [ -73.298084567399201, 5.795576728166623 ], [ -73.298077892092863, 5.795515796973007 ], [ -73.298114166210439, 5.795192879690944 ], [ -73.298365225170016, 5.795013797765478 ], [ -73.298473159884793, 5.794690979378856 ], [ -73.29850943284373, 5.794368061172008 ], [ -73.298545705771403, 5.794045143866185 ], [ -73.298711948017058, 5.793926563361083 ], [ -73.298796765000361, 5.793866061774793 ], [ -73.298822963677537, 5.793871931292813 ], [ -73.298836030562654, 5.793756413442566 ], [ -73.299018999431382, 5.793638006841093 ], [ -73.299850093428063, 5.793281975929858 ], [ -73.299965436562104, 5.793104694572094 ], [ -73.300201937313375, 5.792630319972943 ], [ -73.29978890627757, 5.79179900684079 ], [ -73.29967471770442, 5.79114557027691 ], [ -73.300086780784966, 5.791027475726253 ], [ -73.301215937416089, 5.791385037996179 ], [ -73.301864343241846, 5.791741944620981 ], [ -73.302695967578586, 5.792633725758947 ], [ -73.302933187005976, 5.79328732017558 ], [ -73.303581280948492, 5.793881600555892 ], [ -73.304176811612592, 5.794119757409248 ], [ -73.30416859290267, 5.794357101348965 ], [ -73.303818186979925, 5.794772537813913 ], [ -73.302811217990381, 5.795008537657225 ], [ -73.302750030583866, 5.795185882024498 ], [ -73.303222811564297, 5.795246445318071 ], [ -73.303756437013362, 5.795365851420343 ], [ -73.304641842618821, 5.795723069914402 ], [ -73.305282059290676, 5.795690629872126 ], [ -73.305358499019349, 5.795686756955718 ], [ -73.305427342695793, 5.795682319791638 ], [ -73.305770436724742, 5.795664726363611 ], [ -73.305923055586277, 5.795730212171293 ], [ -73.30660281186988, 5.796021881631475 ], [ -73.307014812398052, 5.795963663238126 ], [ -73.306839468034582, 5.795428819788242 ], [ -73.307670468346714, 5.795133819944851 ], [ -73.307914668276396, 5.794987919054392 ], [ -73.307968655885361, 5.794955663089183 ], [ -73.307968160281291, 5.794759774179113 ], [ -73.307967906269084, 5.794659537844893 ], [ -73.307434437389361, 5.794420319738038 ], [ -73.307197623858713, 5.794302444966036 ], [ -73.307197936839259, 5.794063975908557 ], [ -73.30754818680947, 5.793768319991955 ], [ -73.308502031147668, 5.793591038380839 ], [ -73.308616406330202, 5.794125787808014 ], [ -73.308975593247851, 5.794719663262924 ], [ -73.309623217553565, 5.79483922606471 ], [ -73.310332967750867, 5.794898945252726 ], [ -73.310783835583891, 5.794759614175405 ], [ -73.311286968056379, 5.794604131683627 ], [ -73.311934998690504, 5.794426413102258 ], [ -73.312171968251448, 5.793596007083295 ], [ -73.312118281052506, 5.79323991313214 ], [ -73.312171624339612, 5.793002632174989 ], [ -73.312388994418541, 5.792569535523626 ], [ -73.31246924874074, 5.792409632449733 ], [ -73.312600201050884, 5.792395121168113 ], [ -73.312774502031857, 5.792375806699511 ], [ -73.312988018697865, 5.792127000947175 ], [ -73.313274855749569, 5.791983846306834 ], [ -73.3135974752837, 5.791876625083489 ], [ -73.313848529401639, 5.79169753570693 ], [ -73.314099583358882, 5.791518447131637 ], [ -73.314279072779016, 5.791267491434553 ], [ -73.314458562042546, 5.791016533877212 ], [ -73.31455269861533, 5.790969551717751 ], [ -73.314694600832752, 5.790898731000993 ], [ -73.314745398139394, 5.790873379442417 ], [ -73.315067774570707, 5.790945583105554 ], [ -73.315246591274388, 5.791197022273195 ], [ -73.315246157669435, 5.791519989929554 ], [ -73.315237509974224, 5.791558719153102 ], [ -73.315315436671142, 5.79152285098138 ], [ -73.315565619364122, 5.791476342934175 ], [ -73.316269248844833, 5.791345537628047 ], [ -73.316719561753132, 5.791317882317117 ], [ -73.316764842796488, 5.79122978817287 ], [ -73.31674965589491, 5.790775413351525 ], [ -73.31654381229788, 5.790263131671907 ], [ -73.316123498908098, 5.789790131912355 ], [ -73.316032373894586, 5.789580913395696 ], [ -73.316069949929954, 5.789354580422355 ], [ -73.316085842555651, 5.789258851037403 ], [ -73.316696280944143, 5.78931619529601 ], [ -73.317428812438607, 5.789222226360948 ], [ -73.317809843089719, 5.789546006585454 ], [ -73.317581186773793, 5.790056570169611 ], [ -73.317748467973786, 5.790701038292923 ], [ -73.318107749147316, 5.791250820225059 ], [ -73.318489062387357, 5.791333819721785 ], [ -73.318817280815438, 5.790638037641656 ], [ -73.319176124007356, 5.789806662933017 ], [ -73.319262215122421, 5.789719282301007 ], [ -73.319476498175959, 5.789767274362703 ], [ -73.319767121216216, 5.789735325603544 ], [ -73.319799019019229, 5.789731819795804 ], [ -73.320085852993031, 5.789588660952461 ], [ -73.320229557145865, 5.78930176858762 ], [ -73.320301647903307, 5.788978896341177 ], [ -73.320373737684406, 5.788656023181886 ], [ -73.32051744238197, 5.788369130755598 ], [ -73.320589531980886, 5.78804625757283 ], [ -73.320733282166429, 5.787723481428884 ], [ -73.32084120279103, 5.787400654929172 ], [ -73.320984952686388, 5.787077876921273 ], [ -73.321128655809389, 5.786790985268624 ], [ -73.321189465312273, 5.786693827628653 ], [ -73.321308188139994, 5.78650414117061 ], [ -73.321451890062178, 5.786217247638035 ], [ -73.321667204782273, 5.785966337402158 ], [ -73.321760973175856, 5.785886056228662 ], [ -73.322276634685977, 5.785727767344611 ], [ -73.322318811591344, 5.785714820175201 ], [ -73.322710112605307, 5.785595470725411 ], [ -73.323089906376765, 5.78547963167523 ], [ -73.323623124209746, 5.785064413049724 ], [ -73.323745406034959, 5.784757131907838 ], [ -73.323982031230116, 5.784174256777305 ], [ -73.32463087358849, 5.783344382294047 ], [ -73.325584874369156, 5.783048382196739 ], [ -73.325942561780153, 5.782218132072614 ], [ -73.326293967908953, 5.781030695196819 ], [ -73.326888531047416, 5.781151287586226 ], [ -73.327108028992711, 5.781656269622147 ], [ -73.327262530180292, 5.781559841144144 ], [ -73.327370019934733, 5.781559982811473 ], [ -73.32758499944083, 5.781560266989857 ], [ -73.327907420675899, 5.781596578117956 ], [ -73.328229748662864, 5.781704659987838 ], [ -73.328329420279942, 5.781790453023632 ], [ -73.328354778589983, 5.781748247883058 ], [ -73.328362350557313, 5.781782586843576 ], [ -73.328301125992425, 5.781920067092415 ], [ -73.328121645721751, 5.782171028611003 ], [ -73.328049561007049, 5.782493904345529 ], [ -73.328013306214984, 5.782816826342241 ], [ -73.328084541436965, 5.783139889850418 ], [ -73.328191605882125, 5.783463002313454 ], [ -73.328227011250078, 5.783786017720729 ], [ -73.328119096367629, 5.784108846297272 ], [ -73.328011179563759, 5.784431673047663 ], [ -73.328046584922333, 5.784754690267732 ], [ -73.32811781956417, 5.785077753735436 ], [ -73.328117394886362, 5.785400722873646 ], [ -73.328081140040922, 5.785723644850236 ], [ -73.327973223865285, 5.786046473402962 ], [ -73.327901137794299, 5.786369347298205 ], [ -73.327757439180402, 5.786656242282447 ], [ -73.327470559861524, 5.786835290290469 ], [ -73.327398474331346, 5.787158165039273 ], [ -73.327433878697263, 5.787481181371902 ], [ -73.327505114327664, 5.787804244885422 ], [ -73.327504687580756, 5.788127214918234 ], [ -73.32750426174681, 5.788450184041665 ], [ -73.327463793359414, 5.788571243924139 ], [ -73.327432411668838, 5.788593630592629 ], [ -73.327181362573015, 5.788772726596108 ], [ -73.326894482931095, 5.788951775274541 ], [ -73.326571867045629, 5.789059003844955 ], [ -73.32624920383978, 5.789202118604464 ], [ -73.32596232366916, 5.789381166837416 ], [ -73.325711225613361, 5.789596146788938 ], [ -73.325388610012567, 5.789703375621514 ], [ -73.325101776562406, 5.789846537075903 ], [ -73.324779350713527, 5.789810223712607 ], [ -73.324456923992045, 5.789773910164172 ], [ -73.324134498205353, 5.789737596429575 ], [ -73.323776241103246, 5.789701235093901 ], [ -73.323453815379764, 5.789664920967084 ], [ -73.32339237067464, 5.789644316879617 ], [ -73.323021187102142, 5.789654695049592 ], [ -73.322380281242545, 5.789574695097485 ], [ -73.321882196053366, 5.789782820046582 ], [ -73.321864068833008, 5.789814560083869 ], [ -73.321777474269254, 5.789984026409627 ], [ -73.321704124073449, 5.790139736647916 ], [ -73.321671284153524, 5.790220542560974 ], [ -73.321645783439692, 5.790296861908814 ], [ -73.321626898356953, 5.790372253511634 ], [ -73.321613563212338, 5.790449293567235 ], [ -73.321607778389762, 5.790500479291836 ], [ -73.321603871403113, 5.790551938162594 ], [ -73.321601465534627, 5.790603817905605 ], [ -73.321601141638439, 5.790654234008741 ], [ -73.321602452819207, 5.790702272688577 ], [ -73.32160564781492, 5.7907499691201 ], [ -73.321610809294157, 5.790796504242167 ], [ -73.321617890781908, 5.790842783068797 ], [ -73.321628975054011, 5.790898347505959 ], [ -73.321643262167811, 5.790956351780437 ], [ -73.321686075811897, 5.791101918172444 ], [ -73.321715064284319, 5.791215382562484 ], [ -73.321731558399449, 5.791307612187154 ], [ -73.321747971482296, 5.791430691051403 ], [ -73.321768140847837, 5.791552172290324 ], [ -73.321790445890088, 5.791661682053189 ], [ -73.321832601215192, 5.791847704429188 ], [ -73.32184845010238, 5.79191262100278 ], [ -73.321859303096858, 5.791950617956275 ], [ -73.32187172184814, 5.791986685493157 ], [ -73.321887792913572, 5.792024259569075 ], [ -73.321910297486738, 5.79206955224447 ], [ -73.321934714863403, 5.792113022998251 ], [ -73.321956374191302, 5.792146467157693 ], [ -73.321980629583948, 5.792176737862405 ], [ -73.322006838214406, 5.792201594729704 ], [ -73.322036125334762, 5.792223104110292 ], [ -73.32204648201423, 5.792228741724557 ], [ -73.322021280775232, 5.792229194960441 ], [ -73.321517592668897, 5.79165435081336 ], [ -73.320724562299915, 5.791412537708538 ], [ -73.320709780771608, 5.791506350690668 ], [ -73.320619097146732, 5.791993700392595 ], [ -73.320564280791473, 5.792288288378415 ], [ -73.320563736142276, 5.792293493266641 ], [ -73.320480842936718, 5.793084975712134 ], [ -73.320167686687057, 5.793482413040863 ], [ -73.319877905956901, 5.79414097555042 ], [ -73.32012953116265, 5.794185382344438 ], [ -73.320884311849568, 5.794319756860546 ], [ -73.320794875125671, 5.794570326885548 ], [ -73.320796266603566, 5.794570190349759 ], [ -73.321114320278753, 5.79457061382044 ], [ -73.321368591645751, 5.794698368744093 ], [ -73.321654754252677, 5.794762458623779 ], [ -73.321940831921552, 5.794890255855421 ], [ -73.322163215230546, 5.795081675336746 ], [ -73.322321903295006, 5.79533671804711 ], [ -73.322416980122398, 5.795591674735022 ], [ -73.322480209323658, 5.795878444428922 ], [ -73.322511591766897, 5.796197025329946 ], [ -73.322511211424171, 5.796483709048118 ], [ -73.322351845223068, 5.796738327277922 ], [ -73.322128995687535, 5.796897299140767 ], [ -73.321842705364588, 5.796928770811235 ], [ -73.321556415002533, 5.79696024324403 ], [ -73.321270166225474, 5.796959860879667 ], [ -73.320983918344893, 5.796959479275074 ], [ -73.320697626991887, 5.796990950372617 ], [ -73.320443056678243, 5.797086170566502 ], [ -73.320220207339958, 5.79724514261784 ], [ -73.320029035431787, 5.797499717603614 ], [ -73.319996847598134, 5.797786358715371 ], [ -73.320091882187512, 5.798073171367946 ], [ -73.320314306990099, 5.798232737769467 ], [ -73.320536690253334, 5.798424157825764 ], [ -73.320599918910773, 5.79871092683095 ], [ -73.320408789293765, 5.798933648199579 ], [ -73.320154176390815, 5.799060722963077 ], [ -73.319867883915947, 5.799092193700062 ], [ -73.319581720156577, 5.799028103036051 ], [ -73.319295427650957, 5.799059574389389 ], [ -73.319136060202482, 5.799314190905534 ], [ -73.31894492979427, 5.799536911817995 ], [ -73.318722078176222, 5.799695882437618 ], [ -73.318487530286404, 5.799742535289511 ], [ -73.318477985946231, 5.799735461850787 ], [ -73.318425871846955, 5.799692166724356 ], [ -73.318376663766514, 5.799645619245439 ], [ -73.318334525934802, 5.799599703991817 ], [ -73.31829762620788, 5.799551891652129 ], [ -73.31827185137746, 5.79950977899847 ], [ -73.318262102567132, 5.799489343537857 ], [ -73.318254768594784, 5.799469581839787 ], [ -73.318250470540249, 5.79945263565952 ], [ -73.318248498590435, 5.799436044736581 ], [ -73.318249237265604, 5.799420673117424 ], [ -73.318252539582545, 5.799405454809914 ], [ -73.318258611976319, 5.799389510955677 ], [ -73.318267217204209, 5.79937357020242 ], [ -73.318291419926709, 5.799341859427273 ], [ -73.318325941181286, 5.799308816138591 ], [ -73.318366859104117, 5.79927735388361 ], [ -73.318421493452774, 5.799241881154273 ], [ -73.318482315455412, 5.79920749816381 ], [ -73.31855488043675, 5.799170809893269 ], [ -73.318632459174864, 5.799135035544055 ], [ -73.318726627569504, 5.799094802025309 ], [ -73.318930065085965, 5.799011953561433 ], [ -73.318980248017908, 5.798993910622016 ], [ -73.319027510401668, 5.798980580685907 ], [ -73.319088159249247, 5.798972653213923 ], [ -73.319159946031618, 5.798969527652957 ], [ -73.319220498431434, 5.798970069993857 ], [ -73.319317116546074, 5.798975006516002 ], [ -73.319387452563262, 5.798975879976751 ], [ -73.319428247948224, 5.798972511226339 ], [ -73.319463851069543, 5.798964153495092 ], [ -73.319486968268393, 5.798954580169891 ], [ -73.31950850241509, 5.798941938021585 ], [ -73.319526802149369, 5.798927020750568 ], [ -73.319542693971812, 5.798909283994021 ], [ -73.319557187570126, 5.798887745271202 ], [ -73.319568529396633, 5.798864662609162 ], [ -73.319576517834435, 5.798839838835022 ], [ -73.319581239114257, 5.798813961689973 ], [ -73.319583305090077, 5.798784009077849 ], [ -73.319582021137876, 5.798753645682154 ], [ -73.319577416806624, 5.798722390033618 ], [ -73.319569744122361, 5.798691700828272 ], [ -73.319559927654439, 5.798665096133846 ], [ -73.319547007030792, 5.798639664243808 ], [ -73.319531265307035, 5.798615804097608 ], [ -73.319512599416669, 5.798593418014605 ], [ -73.319494777341674, 5.798575564534303 ], [ -73.319475674790226, 5.798559215863975 ], [ -73.319456758989361, 5.798545549468827 ], [ -73.319435985224004, 5.798533247936575 ], [ -73.319384825824272, 5.798510012295992 ], [ -73.319315523834007, 5.798483841149334 ], [ -73.319284027408173, 5.798469241560724 ], [ -73.319263644636067, 5.798458053840136 ], [ -73.319245669528812, 5.798446037603242 ], [ -73.319229197234961, 5.7984325978789 ], [ -73.319215471602774, 5.798418581939188 ], [ -73.319203671646278, 5.798403091594707 ], [ -73.319188310037873, 5.798375433898116 ], [ -73.319177267110149, 5.798345114010203 ], [ -73.319151756327585, 5.798219726157754 ], [ -73.319140300853235, 5.798177250716606 ], [ -73.319126618429948, 5.798137193749994 ], [ -73.319114050903011, 5.798109711853613 ], [ -73.319099314061418, 5.79808590723627 ], [ -73.319079492276671, 5.798061541676418 ], [ -73.319056719198841, 5.798038614898076 ], [ -73.319026873931705, 5.798013157234379 ], [ -73.318994939326672, 5.797990583129433 ], [ -73.318961732990147, 5.797972211593503 ], [ -73.318924579082022, 5.797956001577063 ], [ -73.318874096215779, 5.797938591811373 ], [ -73.318810317202349, 5.797918870044725 ], [ -73.318616736814192, 5.797865068009742 ], [ -73.318495716052155, 5.79782812121158 ], [ -73.318446000361121, 5.797810685635056 ], [ -73.318400543984751, 5.797792683852208 ], [ -73.318361467223383, 5.797774875766549 ], [ -73.318325569470971, 5.797755630581889 ], [ -73.318294244287188, 5.797735285980195 ], [ -73.318266572841708, 5.797712485903673 ], [ -73.318245718105459, 5.79768942859863 ], [ -73.318230104812017, 5.797664019906222 ], [ -73.318221293049703, 5.797638683410298 ], [ -73.318218278783263, 5.797611589791927 ], [ -73.318220650096009, 5.797579747394934 ], [ -73.318227665460824, 5.797546987446765 ], [ -73.318238055851225, 5.797514290761228 ], [ -73.318251513496193, 5.797480689174677 ], [ -73.318268558851742, 5.797444527173298 ], [ -73.318288704533472, 5.797406816806358 ], [ -73.318311663450913, 5.797368019777991 ], [ -73.318339555388718, 5.797324754770273 ], [ -73.318397516820198, 5.797244431737965 ], [ -73.318446041492223, 5.797184478024633 ], [ -73.318496837928876, 5.797131142105513 ], [ -73.318554249491228, 5.797082278527455 ], [ -73.318619280531948, 5.797035451403588 ], [ -73.318795783815403, 5.796922730070662 ], [ -73.318879262482483, 5.796873480744978 ], [ -73.31892186508793, 5.796851051995134 ], [ -73.318944810958214, 5.796840637154048 ], [ -73.318980371230737, 5.796826995264439 ], [ -73.319026064905245, 5.796812299690259 ], [ -73.319087996995563, 5.796795333402542 ], [ -73.31916754119726, 5.796776470286147 ], [ -73.319270358153176, 5.796756471857634 ], [ -73.319406613422416, 5.796736843700046 ], [ -73.319680756547484, 5.796703647969252 ], [ -73.319761938014267, 5.796691135045364 ], [ -73.319799236566269, 5.796683495808054 ], [ -73.31983353709694, 5.796674535170155 ], [ -73.319863608191611, 5.796664619442538 ], [ -73.319890864485899, 5.796653005737483 ], [ -73.319910494758972, 5.796642195441905 ], [ -73.319929027964406, 5.796629631900601 ], [ -73.319945678301337, 5.796615919183921 ], [ -73.319960627199293, 5.796600708769347 ], [ -73.319972244556141, 5.796585625124749 ], [ -73.31998190752978, 5.796569161573871 ], [ -73.319990098253868, 5.796550618289643 ], [ -73.319996290623237, 5.796531237211241 ], [ -73.320001036360736, 5.796508733840142 ], [ -73.32000347765819, 5.796485815476956 ], [ -73.320003457066036, 5.79646369308324 ], [ -73.320000906504788, 5.796441818274957 ], [ -73.319996226876185, 5.796422864157421 ], [ -73.319988946177659, 5.796404661743225 ], [ -73.319978774909998, 5.796386599424693 ], [ -73.319966486283363, 5.796369784468993 ], [ -73.319938126419459, 5.79634078841633 ], [ -73.31990502876198, 5.796316306397785 ], [ -73.31986226805526, 5.796293700441254 ], [ -73.319818676638818, 5.7962753854938 ], [ -73.319749466846531, 5.796250408915114 ], [ -73.319678396119457, 5.796229525728904 ], [ -73.319620158354439, 5.79621808607169 ], [ -73.319594019900194, 5.796215348754117 ], [ -73.319568330877814, 5.79621481844481 ], [ -73.31954135028991, 5.796216955859336 ], [ -73.319513223426043, 5.796221420640791 ], [ -73.319450056957749, 5.796236559593808 ], [ -73.319374500441938, 5.796260190683597 ], [ -73.31928988536788, 5.796290500243799 ], [ -73.31922665480505, 5.796317033900152 ], [ -73.319153956039827, 5.796351308713156 ], [ -73.318838832165, 5.796506267010727 ], [ -73.318762499615218, 5.796538365517677 ], [ -73.318730167788942, 5.79654849060671 ], [ -73.318699750468625, 5.796554960278968 ], [ -73.318675644343784, 5.796557275223677 ], [ -73.318651471436453, 5.796556519583703 ], [ -73.318627253332863, 5.796552513254881 ], [ -73.318602209380686, 5.796545375229243 ], [ -73.318545571158666, 5.796522956164608 ], [ -73.31847536417223, 5.79649058805569 ], [ -73.318419520526788, 5.7964670798317 ], [ -73.318366720620133, 5.796447465860808 ], [ -73.318313783445035, 5.796431214893516 ], [ -73.318278697427104, 5.796423624572753 ], [ -73.318244234260135, 5.796419729866727 ], [ -73.318209094319741, 5.796419116117136 ], [ -73.318174155192992, 5.796422108625961 ], [ -73.318139007367506, 5.796430006280048 ], [ -73.318106741103009, 5.796444267993081 ], [ -73.318074517653486, 5.796467220271381 ], [ -73.31804483523041, 5.79649515217011 ], [ -73.318005574251742, 5.796540339404146 ], [ -73.317965159922892, 5.796592997952075 ], [ -73.317870853050977, 5.796727503912791 ], [ -73.317826632636525, 5.796788147478651 ], [ -73.317802348223665, 5.796819072749713 ], [ -73.317777566365862, 5.796847566597876 ], [ -73.317752805569398, 5.796871715590555 ], [ -73.317730038759123, 5.796888898682653 ], [ -73.317705700821136, 5.796901687132959 ], [ -73.317683223513029, 5.796908183068126 ], [ -73.317660370284216, 5.796909798617776 ], [ -73.317637421219615, 5.796906471180648 ], [ -73.317628565861924, 5.796903294211916 ], [ -73.317603675947794, 5.79697774336023 ], [ -73.317531581970513, 5.797300615313247 ], [ -73.317511024834175, 5.797362106233152 ], [ -73.317423657860957, 5.797623440372888 ], [ -73.317279950378577, 5.797910330325749 ], [ -73.317100458589323, 5.798161286957622 ], [ -73.316920969355749, 5.798412244442773 ], [ -73.316705647126867, 5.798663153141774 ], [ -73.316454590115598, 5.798842242954436 ], [ -73.316303120889927, 5.798892583337135 ], [ -73.315857343020014, 5.799775506925073 ], [ -73.315811217585974, 5.800501069926554 ], [ -73.315728457916805, 5.800546388981729 ], [ -73.315762928775143, 5.80061566914577 ], [ -73.315794349798011, 5.800902394987929 ], [ -73.315730354141579, 5.801188993061203 ], [ -73.315602747249216, 5.801475506240592 ], [ -73.315596922565021, 5.801501585788174 ], [ -73.315570910985741, 5.801527567993901 ], [ -73.315355635764831, 5.8017425907654 ], [ -73.315068697889842, 5.801957516711241 ], [ -73.314781952179885, 5.802028900584844 ], [ -73.314495109710208, 5.802172056192376 ], [ -73.314208364709032, 5.802243439784036 ], [ -73.313921522877081, 5.802386595112864 ], [ -73.31376621444474, 5.802464104721196 ], [ -73.313654659804286, 5.80264232598239 ], [ -73.313367817621042, 5.802785480142234 ], [ -73.313045385670364, 5.802749158668576 ], [ -73.312722856850996, 5.802784608894797 ], [ -73.312471748721407, 5.802999581667564 ], [ -73.312220689332491, 5.803178668845533 ], [ -73.312041193680443, 5.803429624038301 ], [ -73.311897482093286, 5.803716512793187 ], [ -73.311717938077379, 5.804003353387486 ], [ -73.311538394787874, 5.804290193026304 ], [ -73.311358899400375, 5.804541147122393 ], [ -73.311107740982209, 5.804792004839385 ], [ -73.310928245250068, 5.80504295881326 ], [ -73.310677087324677, 5.805293816356141 ], [ -73.310461759760699, 5.805544722003731 ], [ -73.310282262607757, 5.805795675794286 ], [ -73.310174332041584, 5.806118497875502 ], [ -73.310173895996968, 5.806441466419301 ], [ -73.310030083735285, 5.806800123940263 ], [ -73.309850538754461, 5.807086964013024 ], [ -73.309670992692531, 5.807373803130815 ], [ -73.309491399170099, 5.807696526787652 ], [ -73.309347684389195, 5.807983414978764 ], [ -73.309239752027338, 5.808306236002693 ], [ -73.309239314610807, 5.808629203645012 ], [ -73.309274708006228, 5.808952219553987 ], [ -73.309381764905822, 5.809275333790822 ], [ -73.309488821935929, 5.809598447997359 ], [ -73.309595879097003, 5.809921562173315 ], [ -73.309595441930469, 5.81024452888181 ], [ -73.309595003870527, 5.810567497397187 ], [ -73.309522903066295, 5.810890366705166 ], [ -73.309379187577804, 5.811177254914014 ], [ -73.309056702758085, 5.811176816005172 ], [ -73.309003828361483, 5.811150249153911 ], [ -73.308992820479489, 5.811167178438211 ], [ -73.308957872512394, 5.81121377182069 ], [ -73.308924029022421, 5.811255834230224 ], [ -73.308857870045927, 5.811334933718797 ], [ -73.308795443970666, 5.811405747810284 ], [ -73.308749103457103, 5.811463237120847 ], [ -73.308691749646073, 5.811546007838899 ], [ -73.308614052487655, 5.811664009964886 ], [ -73.308543936410729, 5.811759722625766 ], [ -73.308505230557273, 5.811815361574702 ], [ -73.308486233560586, 5.811847147866331 ], [ -73.308462550630679, 5.811891148616041 ], [ -73.30841157809175, 5.811998600261859 ], [ -73.308354788005261, 5.812099557269221 ], [ -73.308307742201634, 5.812199575006787 ], [ -73.308282804805572, 5.812258172071779 ], [ -73.308259726625408, 5.812317578990246 ], [ -73.30824360891495, 5.812366581994411 ], [ -73.308229951027272, 5.812417478699729 ], [ -73.308212844964487, 5.812495146814001 ], [ -73.308183841462096, 5.812643970625231 ], [ -73.308138263658975, 5.812829763162995 ], [ -73.30811427399459, 5.812971178723501 ], [ -73.308094801016864, 5.813069971436903 ], [ -73.308072603880646, 5.81316269769485 ], [ -73.30804557424409, 5.813260707189272 ], [ -73.30803072251615, 5.813303112139408 ], [ -73.308013672529228, 5.813344397008393 ], [ -73.307990360172084, 5.81339204463859 ], [ -73.307946574816469, 5.813474295669664 ], [ -73.30792910021853, 5.813514120118271 ], [ -73.307910378148449, 5.813563093764571 ], [ -73.307876946761894, 5.813658833413513 ], [ -73.307847425408454, 5.813751245100718 ], [ -73.30780241282838, 5.813914915793873 ], [ -73.307773426167273, 5.81401354082999 ], [ -73.307751875577537, 5.814078961444523 ], [ -73.307727886513021, 5.814143551703353 ], [ -73.307708007344843, 5.814190118707643 ], [ -73.307684712960395, 5.814237687583272 ], [ -73.307629151941228, 5.814337816700004 ], [ -73.307576084658479, 5.814439074783138 ], [ -73.30755031708469, 5.814491808859088 ], [ -73.307532755350508, 5.814534352831913 ], [ -73.307519575263257, 5.814575045528954 ], [ -73.30750691817758, 5.814623683730304 ], [ -73.30747662095763, 5.814763556078503 ], [ -73.307445708441605, 5.814886959799139 ], [ -73.307410081478224, 5.814998450115695 ], [ -73.307368140854237, 5.81511343983334 ], [ -73.307345312876862, 5.815168022095463 ], [ -73.307323757440315, 5.815214680499139 ], [ -73.307271251833072, 5.815322122031262 ], [ -73.307210596218511, 5.815441140067264 ], [ -73.307133553156632, 5.815587036993577 ], [ -73.306991229110395, 5.815847871138828 ], [ -73.306855732489453, 5.816109687072924 ], [ -73.306743381905392, 5.816320245489294 ], [ -73.306677841125918, 5.816447863510348 ], [ -73.306638112985411, 5.816537278844692 ], [ -73.306601753327641, 5.816629499618102 ], [ -73.306573342560057, 5.816715879808555 ], [ -73.306543711649624, 5.816816882542355 ], [ -73.3065195160965, 5.816887747147064 ], [ -73.306489616951922, 5.816957339720204 ], [ -73.30645486076935, 5.817028705084624 ], [ -73.306420229151342, 5.817091482953572 ], [ -73.306386827791812, 5.817144992176793 ], [ -73.30632515123682, 5.817238294561264 ], [ -73.306203345540098, 5.817415675745849 ], [ -73.306104563090855, 5.817565116508717 ], [ -73.306038399376689, 5.817672591592327 ], [ -73.306013647435748, 5.817715691465139 ], [ -73.305992346324729, 5.817756772249254 ], [ -73.305970385955334, 5.817808634505582 ], [ -73.305951667296256, 5.817862793671623 ], [ -73.305937819270127, 5.817911912132047 ], [ -73.305928398454398, 5.817961497880901 ], [ -73.305924682882335, 5.818002031567516 ], [ -73.305925575887386, 5.818042535606423 ], [ -73.305932004772558, 5.818074948771539 ], [ -73.305937876997916, 5.818090615445897 ], [ -73.305945060437523, 5.818104654241949 ], [ -73.305954265968467, 5.818118196008413 ], [ -73.305965247216818, 5.818130163944033 ], [ -73.30597786660536, 5.81814014454352 ], [ -73.30599203752945, 5.818148407540548 ], [ -73.306008489428393, 5.81815531724925 ], [ -73.306026165608557, 5.818160260660648 ], [ -73.30604461596954, 5.818163081456305 ], [ -73.306063396812817, 5.818163764491828 ], [ -73.306103042259736, 5.818160029826629 ], [ -73.306150823281655, 5.818149706961947 ], [ -73.306207532516567, 5.818133059721902 ], [ -73.306303461858192, 5.818099847116798 ], [ -73.306383365765498, 5.818067993437069 ], [ -73.306429115802302, 5.818046770173964 ], [ -73.306231984712099, 5.818309254742928 ], [ -73.306204046416156, 5.818337157994392 ], [ -73.306016699723159, 5.818524271645174 ], [ -73.305729748993031, 5.818739191555323 ], [ -73.30558602884588, 5.819026078021921 ], [ -73.305442308558384, 5.819312963551624 ], [ -73.305298589034464, 5.819599849048871 ], [ -73.305298098577452, 5.819958702172983 ], [ -73.305226042797187, 5.820245686430155 ], [ -73.305225650952138, 5.82053276765788 ], [ -73.305225290366423, 5.820797377123256 ], [ -73.304748124449361, 5.821244132378638 ], [ -73.303901968342473, 5.822700976202896 ], [ -73.303131281047797, 5.824234819919241 ], [ -73.302597123850546, 5.825308945128484 ], [ -73.302436593286359, 5.827151006575491 ], [ -73.30290187403574, 5.827765381564802 ], [ -73.303214847760728, 5.827865652343121 ], [ -73.303385224266322, 5.827801933683816 ], [ -73.30367161757772, 5.827706765688902 ], [ -73.303957879646248, 5.827707158852434 ], [ -73.304244012424533, 5.827803113166453 ], [ -73.30453014438956, 5.827899067330009 ], [ -73.304720680736978, 5.828122304301473 ], [ -73.304815710025764, 5.828409117551246 ], [ -73.30491078277322, 5.828664077015276 ], [ -73.305069513282149, 5.828887271326323 ], [ -73.305355645020086, 5.828983224126546 ], [ -73.305609970583305, 5.829079134303015 ], [ -73.305832360051284, 5.82927056136748 ], [ -73.305863774823194, 5.829557286752731 ], [ -73.305831532815375, 5.829875780071745 ], [ -73.305672149372413, 5.830130390587726 ], [ -73.305481001865189, 5.830353104829442 ], [ -73.305258091187795, 5.830543921859714 ], [ -73.305035136112053, 5.830766591663746 ], [ -73.304780547910582, 5.830861803831624 ], [ -73.304494239987889, 5.830893264026258 ], [ -73.304239913755453, 5.830797354289928 ], [ -73.304017569373912, 5.830574072846275 ], [ -73.303795180850841, 5.830382645068312 ], [ -73.303572793381704, 5.830191218097866 ], [ -73.303477720933529, 5.829936258404132 ], [ -73.303541728053062, 5.829649662410816 ], [ -73.303511342434149, 5.829372320094762 ], [ -73.302894343194566, 5.829146506731888 ], [ -73.301750062003578, 5.829069225868068 ], [ -73.301132562205964, 5.82998950683384 ], [ -73.300826874285121, 5.831523945194192 ], [ -73.300285499000097, 5.83290438165659 ], [ -73.300369467577241, 5.833396132362338 ], [ -73.300430687186179, 5.834026913009609 ], [ -73.300582405716909, 5.834476944666676 ], [ -73.300697718152946, 5.835167695196901 ], [ -73.300880718291523, 5.835857382321024 ], [ -73.301129150924055, 5.836241439138121 ], [ -73.301179245732783, 5.83601714290819 ], [ -73.301433836906824, 5.835921934044109 ], [ -73.301720191130869, 5.835858620602153 ], [ -73.301943060676251, 5.835699660410796 ], [ -73.301948805179109, 5.83568248157593 ], [ -73.302038878430096, 5.835413109042577 ], [ -73.302007464205531, 5.835126383419436 ], [ -73.301880584901255, 5.834871379035576 ], [ -73.30184917170368, 5.834584651582077 ], [ -73.302103849109756, 5.834425734921297 ], [ -73.302358439401814, 5.834330524773748 ], [ -73.302644573557131, 5.834426479718559 ], [ -73.302817818627318, 5.834600455384077 ], [ -73.30350543664639, 5.834514882256315 ], [ -73.303848781292061, 5.833507163087745 ], [ -73.303977999297615, 5.833104975872459 ], [ -73.304717687032507, 5.832769194998434 ], [ -73.305121998686786, 5.832568570251397 ], [ -73.305191498818829, 5.832098475973737 ], [ -73.305457811837414, 5.831291851446792 ], [ -73.306267187424965, 5.831158444796756 ], [ -73.306602655993174, 5.830957726181509 ], [ -73.306731968432473, 5.830487725893931 ], [ -73.307342686994616, 5.82954706988204 ], [ -73.307746342901282, 5.829009632051964 ], [ -73.307479967821052, 5.828203381627304 ], [ -73.307253529077286, 5.827894171551804 ], [ -73.307295096551286, 5.827646479275529 ], [ -73.307405761381744, 5.827315505883348 ], [ -73.30768151922905, 5.827150321044257 ], [ -73.307956824778444, 5.827316259295969 ], [ -73.308176949582617, 5.827537308712124 ], [ -73.308452256362898, 5.827703246701503 ], [ -73.308727563300863, 5.827869185451675 ], [ -73.308892506828954, 5.82814534681728 ], [ -73.309057451427009, 5.828421509027578 ], [ -73.309112107178862, 5.828752707844728 ], [ -73.309166763907854, 5.829083905743857 ], [ -73.309331708030413, 5.829360067843652 ], [ -73.309662273357674, 5.829415705800841 ], [ -73.309959076361281, 5.829317076380278 ], [ -73.309959030863979, 5.829349445066157 ], [ -73.310268488691065, 5.829384124831847 ], [ -73.310561623570834, 5.829416976302014 ], [ -73.310966561908799, 5.828746163209132 ], [ -73.312034218160306, 5.828747600932331 ], [ -73.312105246099122, 5.828574331769573 ], [ -73.312530155766638, 5.827537787947961 ], [ -73.312675592560936, 5.826827070168406 ], [ -73.312421308291619, 5.825157766053167 ], [ -73.312184991970639, 5.825157445391312 ], [ -73.311877160203721, 5.82515702664449 ], [ -73.311607962932044, 5.825041053956681 ], [ -73.311415829654038, 5.824848114691918 ], [ -73.311185217003015, 5.824655123291279 ], [ -73.310915968997506, 5.824577684617509 ], [ -73.310646669036089, 5.824538782894081 ], [ -73.31041600381883, 5.824384327335849 ], [ -73.310223871160701, 5.824191386721623 ], [ -73.310070322228455, 5.823921427624555 ], [ -73.310070739660944, 5.823613142698832 ], [ -73.310101968975005, 5.823504241118428 ], [ -73.310148063872589, 5.823343499139241 ], [ -73.310340772358927, 5.823112547239475 ], [ -73.310610279749994, 5.822997307141861 ], [ -73.310879736818663, 5.822920602194586 ], [ -73.311149192904452, 5.822843897122596 ], [ -73.311418596932867, 5.822805727198499 ], [ -73.311688000918139, 5.822767557147699 ], [ -73.311957456801792, 5.82269085169861 ], [ -73.312226912606206, 5.822614146124806 ], [ -73.312457993694807, 5.822460316998502 ], [ -73.312727553993852, 5.822306539751196 ], [ -73.312997010397453, 5.822229833823371 ], [ -73.313304839634725, 5.822230251139672 ], [ -73.313612617936769, 5.822269203553219 ], [ -73.313958875607057, 5.822308207680464 ], [ -73.314228174641926, 5.822347108774693 ], [ -73.314497474610221, 5.822386008832666 ], [ -73.314805253948407, 5.822424960585749 ], [ -73.315113084143775, 5.822425376908711 ], [ -73.315189338875371, 5.822425479998515 ], [ -73.315420915234199, 5.822425793063303 ], [ -73.315690215292079, 5.822464693450229 ], [ -73.31595951357184, 5.822503591897544 ], [ -73.316229022101481, 5.822388349187747 ], [ -73.31630634319464, 5.822118703129036 ], [ -73.316383663316856, 5.821849057061797 ], [ -73.316349265225654, 5.821605570749568 ], [ -73.316213966904741, 5.821563289632138 ], [ -73.31588084262529, 5.821468110625972 ], [ -73.315690485806726, 5.821325344263641 ], [ -73.315024237191949, 5.821039807965747 ], [ -73.314595933680266, 5.820421149269748 ], [ -73.314500755319784, 5.819945256283972 ], [ -73.314405576878585, 5.819231417831929 ], [ -73.31388209523459, 5.819041061147743 ], [ -73.313882094805933, 5.818469990980589 ], [ -73.313790761473058, 5.818332990576721 ], [ -73.313406202948556, 5.817756152100003 ], [ -73.313882095305644, 5.817660974437274 ], [ -73.314405576778142, 5.817898919926336 ], [ -73.314925702862013, 5.8183323583782 ], [ -73.314936393426876, 5.818341267436097 ], [ -73.314878341388862, 5.818344437418375 ], [ -73.314848306304043, 5.818348198105639 ], [ -73.314820732063481, 5.818353975538912 ], [ -73.314795431551204, 5.818361659414336 ], [ -73.314771481602349, 5.818371899122951 ], [ -73.314750572367814, 5.818383670181902 ], [ -73.314731294361252, 5.818397333562757 ], [ -73.314712520280636, 5.81841369442725 ], [ -73.314695227326467, 5.818431774844953 ], [ -73.31467928084669, 5.818451558601225 ], [ -73.314665121597386, 5.818472644541373 ], [ -73.314652493154085, 5.818495411998072 ], [ -73.314641797276408, 5.818519208251757 ], [ -73.314633622429653, 5.818542752418352 ], [ -73.314627607535726, 5.818566727964367 ], [ -73.314623582819081, 5.81859133227141 ], [ -73.314621754041241, 5.818616079247079 ], [ -73.314622282299013, 5.818639788698874 ], [ -73.314625007387122, 5.818663618193909 ], [ -73.314629956464046, 5.81868765550098 ], [ -73.31463693575688, 5.818711193933154 ], [ -73.314649311083826, 5.818741885991301 ], [ -73.31466447152394, 5.81877108598303 ], [ -73.314683293502071, 5.818800216963325 ], [ -73.314704697428056, 5.818828133820773 ], [ -73.314732375408425, 5.818859364859179 ], [ -73.314762177815282, 5.818888882476301 ], [ -73.314795155609545, 5.818918347640647 ], [ -73.314829449766137, 5.818945731504357 ], [ -73.314864647282036, 5.818970969138434 ], [ -73.314900193330914, 5.818994083476923 ], [ -73.314996599441713, 5.819050327077832 ], [ -73.315153979355898, 5.819134558615644 ], [ -73.315319650345998, 5.819215673224733 ], [ -73.315373487761917, 5.819244760175877 ], [ -73.315420155116897, 5.819272893653817 ], [ -73.315471863444543, 5.819308274156811 ], [ -73.31551942740424, 5.819348070591786 ], [ -73.315558360343005, 5.819388960548224 ], [ -73.315573849229338, 5.81940907878743 ], [ -73.315587262126826, 5.819430257021338 ], [ -73.315598955474968, 5.819454838061631 ], [ -73.315607398235215, 5.819480734959768 ], [ -73.315611952361451, 5.819506200544652 ], [ -73.315612621792752, 5.819531817625148 ], [ -73.315609069221864, 5.819557144756686 ], [ -73.315601583651301, 5.819581887656852 ], [ -73.315590567792754, 5.819605482293468 ], [ -73.315576191962919, 5.819627081504109 ], [ -73.315558487348937, 5.819645896122381 ], [ -73.315537538931551, 5.819661993974364 ], [ -73.315508918241107, 5.819679167620109 ], [ -73.31547901586066, 5.819694153723844 ], [ -73.315437127607083, 5.819712580951091 ], [ -73.315394083280808, 5.819728840473886 ], [ -73.315305432194975, 5.819753824213421 ], [ -73.315278906380172, 5.819764926932521 ], [ -73.31525730562123, 5.81977796899946 ], [ -73.315245886209141, 5.819787674121528 ], [ -73.315236182815056, 5.819798985540672 ], [ -73.315228414969738, 5.819811803586163 ], [ -73.315222708037027, 5.819825691078904 ], [ -73.315218798763794, 5.819841746820373 ], [ -73.315217032296971, 5.819858264717652 ], [ -73.315217194884099, 5.819875984264513 ], [ -73.315219281423822, 5.819893858394096 ], [ -73.315227286423408, 5.819927173717929 ], [ -73.315239630355904, 5.819959796112641 ], [ -73.31525773309761, 5.819995408079706 ], [ -73.315280359463088, 5.820032567760222 ], [ -73.315305100841897, 5.820068955208853 ], [ -73.315357127365075, 5.820140083414913 ], [ -73.315464077419108, 5.820282107418507 ], [ -73.315545225021992, 5.820397089447908 ], [ -73.315586178861338, 5.820459514231459 ], [ -73.315625762007073, 5.820523796810733 ], [ -73.315698677083276, 5.820652722927093 ], [ -73.315740644614323, 5.820722815985562 ], [ -73.315772962865935, 5.820771640923397 ], [ -73.31580872935848, 5.820817065704318 ], [ -73.315830469631067, 5.820840222997504 ], [ -73.315853461250185, 5.820861385904095 ], [ -73.315877999794793, 5.820880708105562 ], [ -73.315903950638301, 5.82089822044702 ], [ -73.315931780340577, 5.8209144185995 ], [ -73.315960526073923, 5.820928513048841 ], [ -73.315991999224138, 5.820941349847487 ], [ -73.316024168019169, 5.820952270398152 ], [ -73.316088070140722, 5.820967797647199 ], [ -73.316153846838915, 5.820977579889018 ], [ -73.316229221159688, 5.820982437236069 ], [ -73.316313610088514, 5.82098370215175 ], [ -73.316378940106517, 5.820986517126812 ], [ -73.316438590006271, 5.820992961560989 ], [ -73.316497633895892, 5.821003240756625 ], [ -73.31656443922958, 5.821019971763576 ], [ -73.316628656989849, 5.821042396579514 ], [ -73.316686876151891, 5.821069349687889 ], [ -73.31674224344772, 5.821102842918322 ], [ -73.316778007352411, 5.821128947983254 ], [ -73.316815729256518, 5.821159513528755 ], [ -73.316899830960153, 5.821236800995109 ], [ -73.31705347907706, 5.821387677243138 ], [ -73.317225405355543, 5.821561012166285 ], [ -73.317297389461658, 5.82163550725835 ], [ -73.31734904193047, 5.821691534863646 ], [ -73.317380363954783, 5.821728019863883 ], [ -73.317408853771099, 5.821764200570669 ], [ -73.317431929806503, 5.821797138136787 ], [ -73.31745224102923, 5.821830710748486 ], [ -73.317468558434882, 5.821863238538015 ], [ -73.317482016401698, 5.821896861159701 ], [ -73.317491123551122, 5.821927727832133 ], [ -73.317496306280304, 5.821958835629857 ], [ -73.317496875884956, 5.821975478008028 ], [ -73.317495338022695, 5.821991848266748 ], [ -73.317491630777511, 5.822007113852919 ], [ -73.317485773331668, 5.82202164127591 ], [ -73.317477770984169, 5.822035211526043 ], [ -73.317467798003349, 5.822047581967979 ], [ -73.317455217864108, 5.822059731250818 ], [ -73.317441274304656, 5.822070608890044 ], [ -73.31741431662374, 5.822086788928516 ], [ -73.317382232468844, 5.822101254186805 ], [ -73.317282684090685, 5.822136083394071 ], [ -73.317239990341079, 5.822154096729946 ], [ -73.317206582257256, 5.822170046900567 ], [ -73.317168027292496, 5.822191401827638 ], [ -73.317130591342163, 5.822214898225695 ], [ -73.317097978949221, 5.822238160232985 ], [ -73.317067072102418, 5.822263673790644 ], [ -73.31702556035782, 5.822304340970106 ], [ -73.316986370245843, 5.822348513663712 ], [ -73.31693750855186, 5.822410799662634 ], [ -73.316867582328484, 5.822504646223763 ], [ -73.316830315558377, 5.822549526431374 ], [ -73.316791878179117, 5.822592125823689 ], [ -73.316755116211709, 5.822629967664284 ], [ -73.316716808295496, 5.822664947899 ], [ -73.31668291858756, 5.82269070383893 ], [ -73.316647042865156, 5.822712003834283 ], [ -73.316612546338206, 5.822725634198321 ], [ -73.316577059410236, 5.822732813468519 ], [ -73.316538650339112, 5.822734016036691 ], [ -73.316499538651158, 5.822729518487165 ], [ -73.316457666957945, 5.822719726503408 ], [ -73.316413917634748, 5.8227053717236 ], [ -73.316318784658336, 5.822664848217983 ], [ -73.316253745448762, 5.822641071787928 ], [ -73.316226557857817, 5.822634053479533 ], [ -73.316199663366319, 5.822629216022847 ], [ -73.316171360129658, 5.822626081634098 ], [ -73.316142944154137, 5.822624952756996 ], [ -73.316116438861684, 5.822626088893344 ], [ -73.316090730294036, 5.822629928681579 ], [ -73.316065431942661, 5.822636928451573 ], [ -73.31604089051109, 5.822646554066409 ], [ -73.316015325301407, 5.822659523274297 ], [ -73.315990591165075, 5.822675216024152 ], [ -73.315966369073521, 5.822693562811708 ], [ -73.315943631905384, 5.822713928695975 ], [ -73.31592654051201, 5.822732239812012 ], [ -73.315911365567786, 5.822751816835193 ], [ -73.315899176201924, 5.822771235622838 ], [ -73.315889505860923, 5.822791632194537 ], [ -73.315883062466696, 5.822812036008315 ], [ -73.315879331311123, 5.822833116137758 ], [ -73.315878401539749, 5.822854306011436 ], [ -73.31588026607875, 5.82287588346361 ], [ -73.315884519148199, 5.82289615820747 ], [ -73.315891178608013, 5.822916366444133 ], [ -73.31591157642265, 5.822959441421858 ], [ -73.315942686941185, 5.823010418167883 ], [ -73.315991685541576, 5.823081279204587 ], [ -73.316029187996492, 5.823141028921384 ], [ -73.31605950437995, 5.82319713375756 ], [ -73.31607148285741, 5.823223996995239 ], [ -73.316081227304096, 5.823250500395091 ], [ -73.316087254365016, 5.823272587735005 ], [ -73.316090898074776, 5.823295544292762 ], [ -73.316091068133403, 5.82331525299162 ], [ -73.316087771783373, 5.823334971778536 ], [ -73.316081540969378, 5.823352534722517 ], [ -73.316071917138402, 5.82336884254255 ], [ -73.316059287001735, 5.823382184596937 ], [ -73.316055841792547, 5.823384555782638 ], [ -73.316164301201354, 5.823520706291845 ], [ -73.316221169236371, 5.823865283264126 ], [ -73.316220705835235, 5.824209781974048 ], [ -73.316048245983836, 5.824554048620143 ], [ -73.315990449105811, 5.824898470869812 ], [ -73.31576073366989, 5.825185243167255 ], [ -73.31567153740707, 5.825274330210959 ], [ -73.315684577588172, 5.825286406286239 ], [ -73.31570487622588, 5.825300614063735 ], [ -73.31572535516176, 5.825310808124982 ], [ -73.315747669603525, 5.825318086196319 ], [ -73.315774283480039, 5.825323453241936 ], [ -73.315802757631786, 5.825326568542664 ], [ -73.315841962478999, 5.825327660614562 ], [ -73.31588192231726, 5.825326301557823 ], [ -73.315922660079252, 5.825323103130017 ], [ -73.315988961625521, 5.82531549213553 ], [ -73.316053881091534, 5.825312037605499 ], [ -73.316103781921299, 5.825313675703683 ], [ -73.316161904082946, 5.825323150893212 ], [ -73.316200692433711, 5.825324404261494 ], [ -73.316228128515206, 5.825321468479387 ], [ -73.316260274460831, 5.825315313731892 ], [ -73.316351392456738, 5.825290371857363 ], [ -73.316406629495532, 5.825279307261042 ], [ -73.316429113422942, 5.825277784217633 ], [ -73.316449904640137, 5.825279201519322 ], [ -73.316469152423679, 5.825283867682572 ], [ -73.316487296808077, 5.825291700106902 ], [ -73.316500593398246, 5.82530010810882 ], [ -73.316512765039874, 5.825310314950059 ], [ -73.3165240729885, 5.825322496956062 ], [ -73.316534368018324, 5.825336435204122 ], [ -73.316553159378657, 5.825371623188914 ], [ -73.316567610611855, 5.825411890583496 ], [ -73.316579156827856, 5.825457422104648 ], [ -73.316589947321972, 5.8255153858467 ], [ -73.316612546590534, 5.825685906055298 ], [ -73.316630973875306, 5.825790611667514 ], [ -73.316641574230914, 5.825833370839518 ], [ -73.316654071193227, 5.825872596783995 ], [ -73.316668053578439, 5.825906640847165 ], [ -73.316684633268665, 5.825937801069301 ], [ -73.316694443084373, 5.825951800219798 ], [ -73.316513623910794, 5.827045881781316 ], [ -73.317436124321773, 5.827544412975612 ], [ -73.318647008887751, 5.827674460171693 ], [ -73.318672755141165, 5.827743496951541 ], [ -73.318773313844986, 5.828013152151925 ], [ -73.318873873555049, 5.828282808231279 ], [ -73.31883987174507, 5.828552281630266 ], [ -73.318738587710584, 5.828821664590635 ], [ -73.318670945153883, 5.829091093664204 ], [ -73.31863694231555, 5.829360567956996 ], [ -73.318670220844297, 5.829630132693751 ], [ -73.318905433963664, 5.82983258882507 ], [ -73.319107007435605, 5.830035000558894 ], [ -73.319207566810064, 5.830304655626549 ], [ -73.319207159818347, 5.830607865053537 ], [ -73.319105875647892, 5.83087724897581 ], [ -73.318903760206979, 5.831079115599891 ], [ -73.318768880162963, 5.831314764329932 ], [ -73.318667594767248, 5.831584148185584 ], [ -73.318667188425252, 5.831887356708762 ], [ -73.318767747972004, 5.832157011830816 ], [ -73.31890199542363, 5.832393023095904 ], [ -73.319036241183653, 5.832629034321428 ], [ -73.319237814848634, 5.832831445026841 ], [ -73.319439388658054, 5.833033855650569 ], [ -73.319607275712826, 5.833269911876869 ], [ -73.319741522890808, 5.833505922899178 ], [ -73.319808443234933, 5.833775532630341 ], [ -73.319875363650112, 5.834045143252354 ], [ -73.319932724061346, 5.834276236767323 ], [ -73.319942284135266, 5.834314752955436 ], [ -73.319975562799698, 5.834584316613416 ], [ -73.320076124414015, 5.834853973224938 ], [ -73.32021037219431, 5.83508998318564 ], [ -73.320445588213204, 5.83529244028972 ], [ -73.320748265625866, 5.8353602268391 ], [ -73.320763559570537, 5.835362162030435 ], [ -73.320853528838768, 5.835522106765438 ], [ -73.320925299673718, 5.835649698671716 ], [ -73.320925300178374, 5.835761819147308 ], [ -73.321117595306816, 5.8358997631791 ], [ -73.321352856958242, 5.836068529034264 ], [ -73.32139809487785, 5.836068590073808 ], [ -73.321488759872921, 5.836159629596068 ], [ -73.321761886161994, 5.836148600972706 ], [ -73.322012069377195, 5.836274294266332 ], [ -73.322114135389711, 5.836536543165892 ], [ -73.322216200599087, 5.836798792039929 ], [ -73.32229547738865, 5.837083801657741 ], [ -73.322363387644145, 5.837357401380018 ], [ -73.322476849210204, 5.837608268892041 ], [ -73.322601689979592, 5.837859151566647 ], [ -73.322729491364612, 5.838051689910174 ], [ -73.322729346810831, 5.838159157005123 ], [ -73.322796269237358, 5.838428767132598 ], [ -73.322964159370827, 5.838664823051772 ], [ -73.323199467586562, 5.838799898110096 ], [ -73.32340104498968, 5.839002308886222 ], [ -73.323535250365921, 5.839272008704768 ], [ -73.32366945497148, 5.839541707577268 ], [ -73.323837345813672, 5.839777764092958 ], [ -73.324072609897371, 5.839946528652774 ], [ -73.324264580856209, 5.840084237263852 ], [ -73.324283398422494, 5.840314091737298 ], [ -73.324283014993455, 5.840601174968583 ], [ -73.324354298933201, 5.840888354410936 ], [ -73.324473392933385, 5.841151672556748 ], [ -73.324568598210703, 5.841414961022451 ], [ -73.324663802678231, 5.841678247655466 ], [ -73.324735119282309, 5.841941503721671 ], [ -73.324878133975631, 5.84218093080375 ], [ -73.325068959754844, 5.842396500125062 ], [ -73.325307660301974, 5.842540361422323 ], [ -73.32559433055485, 5.842540744750522 ], [ -73.325881033055964, 5.842517203732143 ], [ -73.32616767103741, 5.842541510968545 ], [ -73.326430355684238, 5.842613633272265 ], [ -73.326716931088811, 5.842685786810875 ], [ -73.327003570072293, 5.842710093613448 ], [ -73.327290271657148, 5.842686552780208 ], [ -73.32752935456017, 5.842543329975399 ], [ -73.327792327117038, 5.84240013929724 ], [ -73.328079060652612, 5.842352673876121 ], [ -73.328365730733083, 5.842353055796366 ], [ -73.328652465084645, 5.842305590990975 ], [ -73.328915405090697, 5.84218632309728 ], [ -73.328987422351815, 5.841923258915813 ], [ -73.328963913604582, 5.841636143655705 ], [ -73.328796976419085, 5.841420608806516 ], [ -73.328725658026372, 5.841157353353196 ], [ -73.328702150369509, 5.840870238064497 ], [ -73.328630832104409, 5.840606982587531 ], [ -73.328463925712072, 5.840367524316719 ], [ -73.328201305343612, 5.84024755632953 ], [ -73.328033795234887, 5.840462645898413 ], [ -73.327866252823469, 5.840701658715773 ], [ -73.327722599990295, 5.840940703717195 ], [ -73.327703614377015, 5.841063205386263 ], [ -73.327587789883296, 5.841217637059231 ], [ -73.327064309314437, 5.841836297209511 ], [ -73.326540828424811, 5.841598350702782 ], [ -73.32644564865825, 5.841170047657272 ], [ -73.326731184066261, 5.840456209761101 ], [ -73.326969131196336, 5.839932727701978 ], [ -73.327159487188908, 5.839552014709682 ], [ -73.327587790315647, 5.839171300660382 ], [ -73.328111271829698, 5.838647819201697 ], [ -73.328216853872846, 5.838199095961443 ], [ -73.32814567544284, 5.838099019920264 ], [ -73.327910454709695, 5.837896566274594 ], [ -73.327698628307871, 5.837816693580578 ], [ -73.327445022770064, 5.838505051552943 ], [ -73.326873951695006, 5.838980944299522 ], [ -73.326636006180593, 5.839456835872568 ], [ -73.3263980598133, 5.839980317805214 ], [ -73.325874578674473, 5.840456210068453 ], [ -73.325493864659165, 5.839980317966365 ], [ -73.325208328577105, 5.839123712071512 ], [ -73.325493864664736, 5.837791214223785 ], [ -73.326207703403895, 5.837267731992711 ], [ -73.326636006127671, 5.836458714605953 ], [ -73.326683595201871, 5.835364162718633 ], [ -73.326989364940118, 5.834997239918891 ], [ -73.327006084931099, 5.834930636875811 ], [ -73.327015358293352, 5.834857143983015 ], [ -73.327040084840405, 5.83466116323774 ], [ -73.326973160960335, 5.834391552762099 ], [ -73.326771584086316, 5.834189144117431 ], [ -73.326502589666063, 5.834087714738075 ], [ -73.326233551550104, 5.834019976038405 ], [ -73.326132988129132, 5.833750320673346 ], [ -73.326099704807689, 5.833480756627239 ], [ -73.325898128572419, 5.833278346722579 ], [ -73.325629181265697, 5.833143227881123 ], [ -73.325482246742752, 5.833124634865328 ], [ -73.325314864654388, 5.833168300326065 ], [ -73.325351096926056, 5.833222648187757 ], [ -73.32482761565484, 5.833746129756264 ], [ -73.32444690201487, 5.83365095120638 ], [ -73.324249486020108, 5.833453534709406 ], [ -73.324076691192033, 5.833280740378029 ], [ -73.323971009762658, 5.833175059094174 ], [ -73.32381259239196, 5.833125032149667 ], [ -73.32306681463109, 5.832889523685367 ], [ -73.322638511550451, 5.833079881436618 ], [ -73.3226861013502, 5.833508183807055 ], [ -73.323257171188629, 5.833746129768144 ], [ -73.323495118087692, 5.833984075728324 ], [ -73.323971009661761, 5.834222022219251 ], [ -73.324304133645001, 5.834317201346607 ], [ -73.324780026800283, 5.834412379349715 ], [ -73.324849136357841, 5.834490126570643 ], [ -73.324859360690766, 5.834488913418738 ], [ -73.32514375917907, 5.834557670150389 ], [ -73.32538254909457, 5.834694743291493 ], [ -73.325644143431077, 5.834797658037019 ], [ -73.325860126551277, 5.834968889250092 ], [ -73.325939419951567, 5.835242502703011 ], [ -73.325893537597437, 5.835515949731814 ], [ -73.325836275249799, 5.83578938072219 ], [ -73.325756253835323, 5.836062783254761 ], [ -73.32564212266999, 5.836313345595954 ], [ -73.325562117115396, 5.836575350712792 ], [ -73.325447970656512, 5.83683731041242 ], [ -73.325311081055872, 5.83708784332697 ], [ -73.325162811349571, 5.837338360166257 ], [ -73.325025906386486, 5.837600288602914 ], [ -73.324923138586712, 5.837862263356044 ], [ -73.324854481362081, 5.838147074699123 ], [ -73.32475171429968, 5.83840905033037 ], [ -73.324626203148682, 5.838659597346521 ], [ -73.324455219014226, 5.838875895166211 ], [ -73.32418207639455, 5.838898321653915 ], [ -73.323920450961054, 5.838818198404681 ], [ -73.323750059937652, 5.83859004656739 ], [ -73.323613824235395, 5.838350544602235 ], [ -73.323511757166102, 5.83808829604817 ], [ -73.323398311101471, 5.83782603229082 ], [ -73.323262090904109, 5.837575133726659 ], [ -73.323114489939314, 5.837324220842959 ], [ -73.322978254833288, 5.837084717776349 ], [ -73.322921721593616, 5.836811135139612 ], [ -73.32293346826026, 5.836537642716564 ], [ -73.322956593084712, 5.836264166384524 ], [ -73.322980401571726, 5.836179446084031 ], [ -73.323019224807013, 5.835364163162012 ], [ -73.322686100877945, 5.835078627752466 ], [ -73.322210209393859, 5.835126216695187 ], [ -73.322035723628915, 5.835350553884723 ], [ -73.32197931861873, 5.835237199620792 ], [ -73.32172915107401, 5.835100109790801 ], [ -73.32150177302384, 5.834940258200561 ], [ -73.321411086654507, 5.834678025269511 ], [ -73.321263457814155, 5.834449902961978 ], [ -73.321184166776845, 5.83417628871041 ], [ -73.321116256649645, 5.833902689667923 ], [ -73.321036950566963, 5.833640471875583 ], [ -73.320900717291181, 5.833400969987053 ], [ -73.320866945328532, 5.833127415686931 ], [ -73.320764879683907, 5.832865168274168 ], [ -73.32065142083286, 5.832614300279886 ], [ -73.320481033087788, 5.83238614722643 ], [ -73.32027644582422, 5.832203534351777 ], [ -73.319992033764095, 5.832146169741634 ], [ -73.319971756307154, 5.832144450932901 ], [ -73.319878167205331, 5.831956368422993 ], [ -73.319811247091025, 5.831686757767727 ], [ -73.319744327047545, 5.831417148003879 ], [ -73.319711047857993, 5.831147583380982 ], [ -73.319711453660148, 5.830844373974799 ], [ -73.319779097685455, 5.830574944807495 ], [ -73.319813100017086, 5.830305471388442 ], [ -73.319813506692128, 5.830002261975665 ], [ -73.319982025799675, 5.829766658169831 ], [ -73.320217691853941, 5.829632215289223 ], [ -73.320486953427235, 5.82953150736347 ], [ -73.320756032964994, 5.829565559044738 ], [ -73.320957606963361, 5.829767970087005 ], [ -73.321159180202017, 5.829970380143209 ], [ -73.321394394305401, 5.83017283608109 ], [ -73.321697160779877, 5.830173243323998 ], [ -73.321966377345348, 5.8301062237162 ], [ -73.322235637878691, 5.830005514961272 ], [ -73.322504899213527, 5.829904806082141 ], [ -73.322740608673996, 5.829736672251386 ], [ -73.323009869780037, 5.829635963141868 ], [ -73.323279040118052, 5.829602632852811 ], [ -73.323548120688486, 5.829636683188653 ], [ -73.323850841966305, 5.829670778307047 ], [ -73.324119832928261, 5.82977220820851 ], [ -73.324388780070876, 5.829907327895512 ], [ -73.324624084827803, 5.830042402583615 ], [ -73.324825660315469, 5.830244812152046 ], [ -73.325060921443651, 5.830413576559465 ], [ -73.325195170084555, 5.830649586216794 ], [ -73.325262092583785, 5.830919196106777 ], [ -73.325261688860905, 5.831222406256927 ], [ -73.325328610570239, 5.831492015223546 ], [ -73.325563827639996, 5.83169447019543 ], [ -73.325832776030666, 5.831829589113454 ], [ -73.325968776555897, 5.831897916422747 ], [ -73.32615173808307, 5.831669214812564 ], [ -73.326151738173564, 5.831336089733384 ], [ -73.326104148915363, 5.830812608643441 ], [ -73.326199327091615, 5.830431894985168 ], [ -73.326484861641688, 5.829813235435779 ], [ -73.326532452067852, 5.829480110814075 ], [ -73.325628256181687, 5.82995600315752 ], [ -73.325390309922795, 5.829527699771518 ], [ -73.325152364175779, 5.828813861586013 ], [ -73.32537594312555, 5.828441231441275 ], [ -73.32545246496835, 5.828456664302337 ], [ -73.325670092847758, 5.828456954834223 ], [ -73.325887662726643, 5.828500834842089 ], [ -73.326105234441684, 5.828544713857866 ], [ -73.326279451609139, 5.828457767875932 ], [ -73.326453671431068, 5.8283708209363 ], [ -73.326497486022674, 5.828152931183865 ], [ -73.326410667296784, 5.827978456872245 ], [ -73.326541475333443, 5.827804273658046 ], [ -73.326715694011, 5.827717326649349 ], [ -73.32684644396727, 5.827586732023917 ], [ -73.326933727012772, 5.827412489810229 ], [ -73.326933815027076, 5.82734594256749 ], [ -73.326960755172195, 5.827338595650076 ], [ -73.326933932306758, 5.827258127247148 ], [ -73.326934015710549, 5.82719454292868 ], [ -73.326902031114059, 5.827162426360076 ], [ -73.326817986942956, 5.82691029279556 ], [ -73.326580040704982, 5.826529579406781 ], [ -73.326342095183634, 5.826434400560288 ], [ -73.326151738436238, 5.82662475769888 ], [ -73.325771024295364, 5.827100650025841 ], [ -73.325437900212194, 5.827053061087497 ], [ -73.324866829269752, 5.826815114245392 ], [ -73.324533703945917, 5.826244043997576 ], [ -73.324581293582696, 5.825720562067431 ], [ -73.325152364392864, 5.825339849389479 ], [ -73.324962007100908, 5.824911546228918 ], [ -73.324438525911376, 5.824673600329334 ], [ -73.323962634020802, 5.824626010222005 ], [ -73.323724687799029, 5.823864583327634 ], [ -73.323867454682045, 5.823721814953842 ], [ -73.324295758331061, 5.823483868849564 ], [ -73.324312555431277, 5.823483869143388 ], [ -73.324200580229729, 5.823245923201682 ], [ -73.32348674204809, 5.823007977112923 ], [ -73.322725314147021, 5.822389317100942 ], [ -73.322011475813952, 5.822056192578316 ], [ -73.321583172774012, 5.821009229698404 ], [ -73.321440405129522, 5.819914677965585 ], [ -73.321059691290316, 5.819105660693367 ], [ -73.32086933486255, 5.818677357581123 ], [ -73.320678978441435, 5.818344232684012 ], [ -73.320674660397003, 5.818329120963426 ], [ -73.32058379860797, 5.818011108855046 ], [ -73.32006031756157, 5.817535216683154 ], [ -73.319917550370519, 5.817249681240412 ], [ -73.319774425987873, 5.816963432824139 ], [ -73.319584425700725, 5.816583431692436 ], [ -73.319584426287975, 5.816297896739968 ], [ -73.319774782824197, 5.815774416349882 ], [ -73.320060317901039, 5.815393702378969 ], [ -73.320155495688539, 5.816012362215929 ], [ -73.32048862076681, 5.816393074685493 ], [ -73.320586586028412, 5.816647783548035 ], [ -73.320878152123498, 5.81676503804124 ], [ -73.321146493217725, 5.817064443108563 ], [ -73.321474915064698, 5.817094786773737 ], [ -73.321714074618114, 5.816885776097934 ], [ -73.32204253629294, 5.816886215958903 ], [ -73.322161577115651, 5.817185419691782 ], [ -73.322220859030949, 5.817514449648854 ], [ -73.322339900097177, 5.817813655134842 ], [ -73.322429042253248, 5.818142724107247 ], [ -73.322428794536393, 5.818328121495938 ], [ -73.322428603409435, 5.818471673202623 ], [ -73.322517704949178, 5.818830647430389 ], [ -73.322666566707767, 5.819159796229997 ], [ -73.322767052514564, 5.819437695243266 ], [ -73.32278556942947, 5.819488905950607 ], [ -73.322934472301824, 5.819788150275372 ], [ -73.323053514281185, 5.820087354634438 ], [ -73.323082936032108, 5.820416343601551 ], [ -73.323082496736561, 5.820745293555603 ], [ -73.323201539926004, 5.821044498762149 ], [ -73.32326078222178, 5.8214034319804 ], [ -73.32329016436438, 5.821762326190935 ], [ -73.323409206097722, 5.822061531325915 ], [ -73.323528248868058, 5.822360736425196 ], [ -73.323630900858234, 5.822515386657358 ], [ -73.324152990827542, 5.822627263405934 ], [ -73.325247542571788, 5.82267485172838 ], [ -73.325913792203266, 5.822817620407193 ], [ -73.326437273266663, 5.822960387686123 ], [ -73.326466682275566, 5.823842660033733 ], [ -73.326675218737535, 5.823912172448729 ], [ -73.32681588460423, 5.823977095129294 ], [ -73.327293878696366, 5.824197706690711 ], [ -73.328388431234202, 5.824292886431579 ], [ -73.329387804578914, 5.824435653992396 ], [ -73.330482356689458, 5.824340475053134 ], [ -73.331053426666358, 5.824435653936234 ], [ -73.331576909273679, 5.824626010344559 ], [ -73.332385925583424, 5.824435653605121 ], [ -73.332623872393356, 5.82362663682693 ], [ -73.333052174853322, 5.824102529131892 ], [ -73.333385298659266, 5.824340475391352 ], [ -73.333480478316233, 5.824816366914547 ], [ -73.333623244555497, 5.825244669670667 ], [ -73.334194316161074, 5.825482615679846 ], [ -73.334670207669149, 5.825625384254749 ], [ -73.3353840459244, 5.825672973010285 ], [ -73.337002079633123, 5.825910919288276 ], [ -73.337668328723055, 5.825815740605719 ], [ -73.337937242800365, 5.825700491665884 ], [ -73.337918108354245, 5.825545540849077 ], [ -73.337851179779136, 5.825275931814076 ], [ -73.337683286163042, 5.825039881255066 ], [ -73.33758271742721, 5.824770228069951 ], [ -73.337549428548357, 5.824500663086098 ], [ -73.337549825876579, 5.824197452325279 ], [ -73.337482896767767, 5.82392784321479 ], [ -73.337348644012877, 5.823691835725299 ], [ -73.337113382418238, 5.823523077362267 ], [ -73.336979129014708, 5.823287069767503 ], [ -73.336979525781771, 5.822983858976784 ], [ -73.33697992255793, 5.822680648183052 ], [ -73.337013916365777, 5.82241117232968 ], [ -73.337115189625081, 5.822141783864765 ], [ -73.337250103871952, 5.82187244042882 ], [ -73.33748576313036, 5.821737988897155 ], [ -73.337687913358025, 5.821502422597689 ], [ -73.337789187055648, 5.82123303493529 ], [ -73.337764734002803, 5.821009975409993 ], [ -73.337763507308068, 5.821009230437369 ], [ -73.337562319955225, 5.820928754751151 ], [ -73.337049668728071, 5.820723694037497 ], [ -73.336288241886507, 5.820247801614983 ], [ -73.33595511711934, 5.819724320701766 ], [ -73.33562199271006, 5.81934360723568 ], [ -73.335241278639216, 5.81929601778171 ], [ -73.334812975614796, 5.819438784582928 ], [ -73.334575029661096, 5.819153250046668 ], [ -73.334099138451279, 5.819105661031074 ], [ -73.333813602436805, 5.818724947179874 ], [ -73.333813602058342, 5.818391823106992 ], [ -73.333775257849481, 5.81832152483139 ], [ -73.333528067437499, 5.817868341343626 ], [ -73.333242531559904, 5.817535216675537 ], [ -73.333085399100412, 5.817364989421037 ], [ -73.332671460772531, 5.816916557290654 ], [ -73.331481729858297, 5.817154502700191 ], [ -73.331434141193654, 5.81777316317681 ], [ -73.331148605743067, 5.818153877082523 ], [ -73.330529946124898, 5.8182966437152 ], [ -73.33051654627377, 5.81832344274801 ], [ -73.330339588884158, 5.818677357606703 ], [ -73.331053427339157, 5.818962892901141 ], [ -73.331910033111853, 5.81939119609882 ], [ -73.332125846322811, 5.819540605229577 ], [ -73.332528692885774, 5.819819498838399 ], [ -73.332320857103241, 5.820304450764695 ], [ -73.33234015198866, 5.820401737964119 ], [ -73.332426973004885, 5.820576211370508 ], [ -73.332557375821011, 5.820707151912472 ], [ -73.332687778698471, 5.820838094230453 ], [ -73.332861765177825, 5.820925501833756 ], [ -73.3330792759578, 5.821012968750097 ], [ -73.333253261643563, 5.821100378036135 ], [ -73.333470830889553, 5.821144254349406 ], [ -73.333644760145546, 5.821275253045712 ], [ -73.333818745991096, 5.821362661241778 ], [ -73.333949091899115, 5.821537191871016 ], [ -73.333905279677197, 5.821755082062282 ], [ -73.333861469233796, 5.821972973154459 ], [ -73.333730721311269, 5.822103569267938 ], [ -73.333599973328262, 5.822234165354246 ], [ -73.333469225285398, 5.822364762317875 ], [ -73.333251541559662, 5.82240806420333 ], [ -73.333033972737155, 5.822364186928723 ], [ -73.332816403945003, 5.822320311378235 ], [ -73.332642417933187, 5.82223290197885 ], [ -73.332468431068548, 5.822145491618301 ], [ -73.332338027921423, 5.822014551079917 ], [ -73.332207624833984, 5.82188360960231 ], [ -73.331989997817232, 5.821883322357792 ], [ -73.331772315032538, 5.821926623668446 ], [ -73.33177202808929, 5.822144572297361 ], [ -73.331815264603108, 5.822362576767262 ], [ -73.331902085797253, 5.822537050234587 ], [ -73.331945324207084, 5.82275505559079 ], [ -73.331945037347737, 5.822973003304696 ], [ -73.331901224265607, 5.823190894284778 ], [ -73.331857411153862, 5.823408784356445 ], [ -73.331770131121175, 5.823583027235998 ], [ -73.331639382337016, 5.823713622906098 ], [ -73.331508634395561, 5.823844217643227 ], [ -73.331291006609263, 5.823843930172188 ], [ -73.331073438241447, 5.823800053070443 ], [ -73.330855868095, 5.823756174979053 ], [ -73.330638357435305, 5.823668708158436 ], [ -73.330464428055507, 5.823537708548145 ], [ -73.330290441981163, 5.823450299332478 ], [ -73.330203678799251, 5.823232236052831 ], [ -73.330160441910436, 5.823014231434911 ], [ -73.330160730359808, 5.822796282777574 ], [ -73.330204543195123, 5.822578392799016 ], [ -73.330219631023795, 5.822503360691712 ], [ -73.330196822267396, 5.822389316951956 ], [ -73.329720929448627, 5.821389943235545 ], [ -73.329435393863491, 5.820200212748091 ], [ -73.32895950237338, 5.819724320607463 ], [ -73.328455587635005, 5.819297930740561 ], [ -73.3284735001684, 5.81928783425036 ], [ -73.328501338844603, 5.819267698407145 ], [ -73.328524002652387, 5.81924498817699 ], [ -73.328541402205303, 5.819219831215491 ], [ -73.328555576419888, 5.81919117293279 ], [ -73.328566570983639, 5.819159882993972 ], [ -73.328573976072732, 5.819126703725033 ], [ -73.328578629080482, 5.819086471697233 ], [ -73.328579644444289, 5.819045429110645 ], [ -73.328577519281566, 5.819006881587597 ], [ -73.328571593592471, 5.818968687411939 ], [ -73.328563844415442, 5.818939948681077 ], [ -73.3285534928782, 5.818911445856088 ], [ -73.328540991370005, 5.818884155153455 ], [ -73.328526236898313, 5.818858115546846 ], [ -73.32850431629663, 5.818825459237928 ], [ -73.328480493199379, 5.81879379951954 ], [ -73.328453444135675, 5.818760657501343 ], [ -73.328424847786835, 5.818728644898954 ], [ -73.328380927477383, 5.818687366921324 ], [ -73.328335413619016, 5.81865157950898 ], [ -73.328240717110702, 5.818584660241697 ], [ -73.328184486251644, 5.818547673608919 ], [ -73.328145708993929, 5.818524194589656 ], [ -73.328075792829793, 5.818487863872406 ], [ -73.327998938980556, 5.818452377004746 ], [ -73.32793073822512, 5.818424317744189 ], [ -73.327862054061939, 5.818400999974983 ], [ -73.327776973584264, 5.818376654607107 ], [ -73.327714057205526, 5.818360814079824 ], [ -73.327655947415451, 5.818349831431988 ], [ -73.327582890770088, 5.818339409495763 ], [ -73.327520981789917, 5.818326392821461 ], [ -73.32751654058643, 5.818325191767997 ], [ -73.327458745294507, 5.81830956362603 ], [ -73.327397322831644, 5.818289342970616 ], [ -73.327335865525754, 5.818265117766771 ], [ -73.327277041136199, 5.818237233982416 ], [ -73.327226872197969, 5.818208377743417 ], [ -73.327181972309972, 5.818176215247604 ], [ -73.327148008643519, 5.818144598449578 ], [ -73.327134023321094, 5.818128052559587 ], [ -73.327122325820028, 5.818111149683659 ], [ -73.32711344346427, 5.818094754682761 ], [ -73.327106796433952, 5.818077857024036 ], [ -73.327102704124457, 5.81806116512621 ], [ -73.327101150969327, 5.818044325149117 ], [ -73.327102443373462, 5.818032149628436 ], [ -73.327106133583925, 5.818017606180774 ], [ -73.327118787607446, 5.817989975065416 ], [ -73.327141628091454, 5.817953980503262 ], [ -73.327150099359642, 5.817942356482376 ], [ -73.327207428687245, 5.817953918828664 ], [ -73.327425053390925, 5.817954208004437 ], [ -73.327642678090001, 5.817954497095855 ], [ -73.327661804136142, 5.817958354805739 ], [ -73.327817360818528, 5.817915930153504 ], [ -73.328436019773449, 5.818011108886708 ], [ -73.329340216047854, 5.817820752226453 ], [ -73.33019682190394, 5.81734486019883 ], [ -73.330529945925548, 5.816821378263 ], [ -73.33105342738952, 5.816583432314872 ], [ -73.330434768161581, 5.816440665012522 ], [ -73.330101642669774, 5.816440665331243 ], [ -73.329482983029436, 5.816678610769486 ], [ -73.328959501822283, 5.817011735340827 ], [ -73.32848360981825, 5.816868967750167 ], [ -73.3281028962802, 5.816488253588261 ], [ -73.328007716556556, 5.815917183348859 ], [ -73.327103521956644, 5.816012362207402 ], [ -73.326627630183623, 5.816107539965856 ], [ -73.326432122951815, 5.816107539920608 ], [ -73.326433343379335, 5.816092753557882 ], [ -73.326432904166552, 5.816069166263446 ], [ -73.326430084983997, 5.816044393003892 ], [ -73.3264248538527, 5.816019391272391 ], [ -73.32641724547409, 5.815993222578697 ], [ -73.326407431096072, 5.815966684116063 ], [ -73.32637628007501, 5.815899590191862 ], [ -73.326347503648606, 5.815844726680439 ], [ -73.326324403114313, 5.815804185811089 ], [ -73.326287040330328, 5.815746225872033 ], [ -73.326268752965575, 5.815723583741715 ], [ -73.326249237326522, 5.815703681712193 ], [ -73.32621918941453, 5.815678471690944 ], [ -73.326183728020965, 5.815653651224693 ], [ -73.326145790293538, 5.815629769751354 ], [ -73.326091026829886, 5.815598112400835 ], [ -73.326037090532338, 5.815568596668243 ], [ -73.325980630979132, 5.815540133075501 ], [ -73.32586093997071, 5.815486276777449 ], [ -73.325778237594761, 5.815446415532278 ], [ -73.325715786223668, 5.815410434031492 ], [ -73.325686544623238, 5.815390331254434 ], [ -73.325658868347716, 5.815369037516803 ], [ -73.325633350518274, 5.815347132571958 ], [ -73.325608904282149, 5.815323437851248 ], [ -73.325562272902062, 5.815270073290492 ], [ -73.325516694183307, 5.815207123413359 ], [ -73.325475058909035, 5.815139372119006 ], [ -73.3254541560608, 5.815108166680091 ], [ -73.32577102444867, 5.815108166762116 ], [ -73.326532451758055, 5.815108166774223 ], [ -73.327198701397776, 5.815108166620576 ], [ -73.327960128146287, 5.815155756092281 ], [ -73.328673966960821, 5.815488879793008 ], [ -73.329149859432846, 5.815536469965537 ], [ -73.329673339750229, 5.815536470436598 ], [ -73.330339588678783, 5.81572682570436 ], [ -73.330910660301925, 5.815917182558735 ], [ -73.331243784352353, 5.815726826263699 ], [ -73.331101017126741, 5.815108167001256 ], [ -73.330625124965763, 5.814870220212185 ], [ -73.329530572352496, 5.814537095940409 ], [ -73.328721556089818, 5.814299149906844 ], [ -73.328007716957302, 5.814346739158509 ], [ -73.327674593160395, 5.814203971053075 ], [ -73.328388431091923, 5.813870846594568 ], [ -73.328769145104673, 5.813442544280576 ], [ -73.329387804900875, 5.813252186634656 ], [ -73.329566099893952, 5.812931257107266 ], [ -73.329625750566436, 5.812823883773945 ], [ -73.329578162104553, 5.812347992299294 ], [ -73.329149858732421, 5.811586563572632 ], [ -73.328769144908847, 5.811205851425825 ], [ -73.328578788128198, 5.810920315181079 ], [ -73.328531198554742, 5.810492012203781 ], [ -73.327579414219656, 5.810301655269825 ], [ -73.326437272668727, 5.8100161198102 ], [ -73.325961381346815, 5.809968530691265 ], [ -73.325580666612609, 5.810063709426402 ], [ -73.324771650840262, 5.810063708861151 ], [ -73.324724060923643, 5.809730584583974 ], [ -73.325342720943638, 5.809302281700525 ], [ -73.32629450611654, 5.808636032591494 ], [ -73.32648486164328, 5.808302907749464 ], [ -73.326817987191589, 5.808064961872958 ], [ -73.327246290035191, 5.808588443936856 ], [ -73.327436647057596, 5.80863603279613 ], [ -73.327341467955762, 5.808064962175308 ], [ -73.326770398290591, 5.807208355898354 ], [ -73.325866203052442, 5.806637285816123 ], [ -73.325564196928042, 5.806410780661395 ], [ -73.325342475757736, 5.80663224706359 ], [ -73.325219462423547, 5.806755119016714 ], [ -73.325246545122923, 5.806919202766323 ], [ -73.325293938761888, 5.807206350226295 ], [ -73.325484724307557, 5.80744584002673 ], [ -73.325723409698469, 5.807589700333494 ], [ -73.325866418911573, 5.807829127010223 ], [ -73.325818263240137, 5.808116146657198 ], [ -73.325674619732013, 5.808355191900148 ], [ -73.325435489199322, 5.808546263575977 ], [ -73.325148709432995, 5.808641577031437 ], [ -73.324862056360757, 5.808641195231758 ], [ -73.324622923612139, 5.808832265680451 ], [ -73.324431503566359, 5.809071246672602 ], [ -73.324144724245627, 5.80916655964063 ], [ -73.323858070880931, 5.809166178251644 ], [ -73.323619384329788, 5.809022317176414 ], [ -73.323618411327061, 5.8090210960018 ], [ -73.323447528151178, 5.808999735684381 ], [ -73.322828868849001, 5.808761790182473 ], [ -73.32235297637726, 5.808381076096623 ], [ -73.320969377947222, 5.808418470987533 ], [ -73.321091604139951, 5.808384092633901 ], [ -73.321163394844064, 5.808361907738345 ], [ -73.321220917645519, 5.808342033227234 ], [ -73.321276992386629, 5.808319783039053 ], [ -73.321329392545692, 5.808295193734239 ], [ -73.321374097923297, 5.808269939109721 ], [ -73.321414794927591, 5.808241722929779 ], [ -73.321438312427347, 5.808221988093806 ], [ -73.321458674583482, 5.80820248220283 ], [ -73.321510746790182, 5.808149355226931 ], [ -73.321547014145551, 5.808108310659918 ], [ -73.321566118100122, 5.808083419906836 ], [ -73.321581934912274, 5.808058987136178 ], [ -73.321598273089478, 5.808029726870814 ], [ -73.321612719274526, 5.807999238710067 ], [ -73.321624573123984, 5.807969060624032 ], [ -73.321633373537793, 5.807938751242034 ], [ -73.321638357362644, 5.807910630478545 ], [ -73.321639463410236, 5.807883559895231 ], [ -73.321636654883036, 5.80785957392294 ], [ -73.321629856961522, 5.807837399288019 ], [ -73.321619330552892, 5.807818203274508 ], [ -73.321604840550265, 5.807801696419972 ], [ -73.321585358974801, 5.807786902828695 ], [ -73.321563217359596, 5.807775719835888 ], [ -73.321535542140225, 5.807766506524501 ], [ -73.321506850244361, 5.807760311919878 ], [ -73.321469489938124, 5.807755875201337 ], [ -73.321430373567637, 5.807754070274427 ], [ -73.321385250785681, 5.807753866965413 ], [ -73.321338491779841, 5.807755693562058 ], [ -73.321252932039783, 5.807764168515064 ], [ -73.32117544046946, 5.807775265142539 ], [ -73.321107312540278, 5.807786803504598 ], [ -73.321013051551745, 5.807806093427189 ], [ -73.320906250956568, 5.807833453881869 ], [ -73.320829051461658, 5.807849734964464 ], [ -73.320795684645248, 5.807853920456637 ], [ -73.320762330353205, 5.807856286011827 ], [ -73.320691390071374, 5.807856214038452 ], [ -73.320642532928957, 5.807851829036224 ], [ -73.320594473280494, 5.807841923159572 ], [ -73.320545127603566, 5.807826926554014 ], [ -73.320469929969647, 5.807800632266549 ], [ -73.320403585655868, 5.807779964682993 ], [ -73.32032655631059, 5.80775994659075 ], [ -73.320239473196523, 5.807739916082824 ], [ -73.320178672333327, 5.807728280717981 ], [ -73.320118588088292, 5.80771991556162 ], [ -73.320068613477815, 5.807716073228562 ], [ -73.320020009576183, 5.80771686545603 ], [ -73.319984694267703, 5.807720574170219 ], [ -73.319950185782773, 5.807727280646134 ], [ -73.319921344392412, 5.807736374887781 ], [ -73.319893254392753, 5.807749517612706 ], [ -73.319861994322309, 5.807768816943735 ], [ -73.319832426775577, 5.807791374172382 ], [ -73.31979775065156, 5.807822899086261 ], [ -73.319746387927012, 5.807873307836473 ], [ -73.319722372977253, 5.807893926152815 ], [ -73.319698928971661, 5.807911078046743 ], [ -73.319675665589614, 5.807924845187927 ], [ -73.319651135979086, 5.807934974092973 ], [ -73.319629299349344, 5.807938990100013 ], [ -73.319607586933216, 5.807937332674896 ], [ -73.319592924279164, 5.807931852220236 ], [ -73.319580018210956, 5.807923044041672 ], [ -73.319568901345065, 5.807911060158119 ], [ -73.319560519490096, 5.807896988734456 ], [ -73.319554000872643, 5.80787963115597 ], [ -73.319550201494053, 5.807861061168296 ], [ -73.319548924551327, 5.807840010091638 ], [ -73.319549930875951, 5.807818601159624 ], [ -73.31955741797691, 5.807771455270313 ], [ -73.319570620254694, 5.807722226491194 ], [ -73.319592077394304, 5.807657356686889 ], [ -73.319598538147204, 5.807639387240329 ], [ -73.319830747839035, 5.807429291797064 ], [ -73.320814423393642, 5.807007716666533 ], [ -73.320751900668597, 5.806787445835482 ], [ -73.32082921694689, 5.806517799244034 ], [ -73.321098716024778, 5.80640255190167 ], [ -73.321329838590657, 5.806210183384451 ], [ -73.321560910552762, 5.806056348228651 ], [ -73.321830410152302, 5.805941100555401 ], [ -73.322099907829738, 5.80582585366551 ], [ -73.322369355001229, 5.805749141908336 ], [ -73.322677330636168, 5.805633946123692 ], [ -73.322908454138542, 5.805441575192276 ], [ -73.322870334813274, 5.80517177435479 ], [ -73.322870744913303, 5.804863487786065 ], [ -73.322909580953819, 5.804593788715351 ], [ -73.323063799049692, 5.804362779801806 ], [ -73.323256495089197, 5.804131822169268 ], [ -73.323464484399665, 5.804042877057896 ], [ -73.323486741808836, 5.803686753996715 ], [ -73.323581919827973, 5.802925326364459 ], [ -73.323867455424647, 5.802687379636552 ], [ -73.323867454607637, 5.801830773802806 ], [ -73.323772276943828, 5.801212115278418 ], [ -73.32329638508412, 5.800783811950851 ], [ -73.323296385275, 5.7999747947282 ], [ -73.323629509166494, 5.798880243104463 ], [ -73.323629509028024, 5.798023637135771 ], [ -73.323629508960096, 5.797119442421604 ], [ -73.323629508955719, 5.79669113941361 ], [ -73.323581920364973, 5.796310425157571 ], [ -73.323486742394493, 5.795882122193632 ], [ -73.324152991139044, 5.79669113872211 ], [ -73.324438526118229, 5.797642923323622 ], [ -73.324724061047903, 5.798071226425236 ], [ -73.325057185580306, 5.798642297127628 ], [ -73.324676471598877, 5.799498903316589 ], [ -73.324200580012473, 5.800022383996236 ], [ -73.323915045266858, 5.800641044156805 ], [ -73.324390936775728, 5.800688632741299 ], [ -73.324676472319368, 5.801069347029454 ], [ -73.324248169221164, 5.801450060605873 ], [ -73.324438525800701, 5.802163898884828 ], [ -73.324914417819855, 5.801925952909016 ], [ -73.325199954283391, 5.801450061127412 ], [ -73.325675846005936, 5.801592827802835 ], [ -73.325961381056914, 5.801973542262829 ], [ -73.326627630032647, 5.802021131434003 ], [ -73.327151111554599, 5.802021131317815 ], [ -73.327766735250179, 5.802068485957477 ], [ -73.327783540622647, 5.802065143160178 ], [ -73.328069834829932, 5.802033669268212 ], [ -73.328356128093333, 5.802002194328793 ], [ -73.328642379216944, 5.802002572967922 ], [ -73.328928547069097, 5.802066658902163 ], [ -73.329182782283056, 5.802226264620515 ], [ -73.329341516721627, 5.802449452197038 ], [ -73.329341139096755, 5.80273613656874 ], [ -73.329181815631159, 5.802958902873854 ], [ -73.328927244333954, 5.803054127837981 ], [ -73.328640949687554, 5.803085603093962 ], [ -73.328386378230334, 5.803180827823041 ], [ -73.328163527185495, 5.803339802072969 ], [ -73.327940676917649, 5.803498777145364 ], [ -73.327654339814387, 5.803562104734965 ], [ -73.327368130946923, 5.803529871916567 ], [ -73.327081921199635, 5.803497638046963 ], [ -73.327025365642328, 5.803345987831221 ], [ -73.326865576196042, 5.803306039962706 ], [ -73.326865575907107, 5.802687379686802 ], [ -73.325723434921144, 5.80221148793413 ], [ -73.3253903099627, 5.80283014809936 ], [ -73.32577102365758, 5.803781931990727 ], [ -73.326151738369333, 5.804495771138875 ], [ -73.326675219364688, 5.805209608968994 ], [ -73.327198701343605, 5.805495144401959 ], [ -73.327484236407543, 5.805828269187487 ], [ -73.327722182016885, 5.806446929065658 ], [ -73.327722182054231, 5.807113177891722 ], [ -73.32796012804647, 5.807779427183902 ], [ -73.328137855831983, 5.808194126130047 ], [ -73.328188852810626, 5.808245335014419 ], [ -73.328411242670597, 5.808436753350179 ], [ -73.328697497039855, 5.808437131777453 ], [ -73.328920391910515, 5.8082463044326 ], [ -73.329174967297149, 5.808151079355525 ], [ -73.329429247433836, 5.808278831058431 ], [ -73.329524328977527, 5.808533787945521 ], [ -73.329683065450752, 5.808756976173754 ], [ -73.329841801147495, 5.808980163444176 ], [ -73.330096123796068, 5.809076061104861 ], [ -73.330382379344485, 5.809076438659929 ], [ -73.330668550054725, 5.809140525294936 ], [ -73.330954720821182, 5.809204610876009 ], [ -73.331209002703645, 5.809332362628481 ], [ -73.331367698131658, 5.809587404031276 ], [ -73.331367640946098, 5.809630248793667 ], [ -73.331386552422146, 5.809635406077689 ], [ -73.331367617232388, 5.809648423631472 ], [ -73.331367319923515, 5.809874088275421 ], [ -73.331271565563782, 5.810128792851401 ], [ -73.331048671736937, 5.810319622012457 ], [ -73.330794095759018, 5.81041484705861 ], [ -73.330507757415717, 5.810478177161883 ], [ -73.330221417192604, 5.810541506219465 ], [ -73.329935076897755, 5.810604835135393 ], [ -73.329680460372288, 5.810731914309429 ], [ -73.329696526375926, 5.810878497220926 ], [ -73.330054054197149, 5.811301028982541 ], [ -73.33057753542198, 5.811919688696378 ], [ -73.331101016589116, 5.812823884325837 ], [ -73.331576909390094, 5.813204597689435 ], [ -73.331957623178084, 5.813442543584983 ], [ -73.332147979588171, 5.813823257636727 ], [ -73.332195569181692, 5.814441917408828 ], [ -73.332481103637235, 5.814822631415666 ], [ -73.333004584802495, 5.815012987944442 ], [ -73.333385298590088, 5.815298523213471 ], [ -73.333956370244778, 5.815964772409018 ], [ -73.334432261551399, 5.816488254407034 ], [ -73.334765387150242, 5.81691655738905 ], [ -73.335193689942059, 5.817249680661121 ], [ -73.335212301131889, 5.81722641692636 ], [ -73.335304840957917, 5.817389098157207 ], [ -73.335540101208551, 5.817557858393172 ], [ -73.335741675679913, 5.817760264178844 ], [ -73.335976936210955, 5.817929024214266 ], [ -73.33624588097706, 5.818064136650037 ], [ -73.336481185005596, 5.818199206563861 ], [ -73.336750218241264, 5.818266939861928 ], [ -73.337052978789814, 5.818267338312467 ], [ -73.337355741135582, 5.818267734789629 ], [ -73.33756045071317, 5.818319273431598 ], [ -73.33762477358124, 5.818335467663303 ], [ -73.33769012802054, 5.818319195850961 ], [ -73.337893983175604, 5.818268439941789 ], [ -73.338096088033865, 5.818066565247761 ], [ -73.338197360107984, 5.817797175717203 ], [ -73.338332272908644, 5.817527832071164 ], [ -73.338568017251077, 5.817326000410958 ], [ -73.338770122439939, 5.817124122787163 ], [ -73.338837754174904, 5.816854690904847 ], [ -73.338939024802073, 5.816585302168107 ], [ -73.339091799901325, 5.816341207571156 ], [ -73.339048415925447, 5.816250308016436 ], [ -73.339009384127451, 5.81624130061499 ], [ -73.339143594555594, 5.815726825857269 ], [ -73.339238773447619, 5.815155755971887 ], [ -73.339619486974016, 5.81448950732505 ], [ -73.3397529040991, 5.81438944437491 ], [ -73.339995622930644, 5.814355041915007 ], [ -73.340234814875828, 5.81411611677936 ], [ -73.340411192819261, 5.813939934890186 ], [ -73.340334208077991, 5.813862634067902 ], [ -73.340150875380175, 5.813678549385315 ], [ -73.340476093424229, 5.813109418596241 ], [ -73.340666449547996, 5.81225281286055 ], [ -73.340856806683291, 5.811443796586673 ], [ -73.341332698824885, 5.81082513696856 ], [ -73.341767869271337, 5.810635933073513 ], [ -73.341743467873187, 5.810416038401058 ], [ -73.3415909679523, 5.809678912989511 ], [ -73.341262655897708, 5.808712131645848 ], [ -73.341369592675619, 5.808078195026383 ], [ -73.341370187297684, 5.807620445287796 ], [ -73.341163874181916, 5.806578100762465 ], [ -73.341163717781228, 5.805816288340395 ], [ -73.34162165570865, 5.805155695248743 ], [ -73.342308406405209, 5.804699975926894 ], [ -73.342643312084078, 5.804040319899684 ], [ -73.342759612405871, 5.803169442444016 ], [ -73.342440840889594, 5.803004560826651 ], [ -73.342440957003987, 5.802915454152469 ], [ -73.342441363722287, 5.802601102037443 ], [ -73.342284764956503, 5.80233893945001 ], [ -73.342128166339421, 5.802076775903288 ], [ -73.341971566967914, 5.801814612302621 ], [ -73.341762656450669, 5.801552379786358 ], [ -73.34155374522669, 5.801290148989438 ], [ -73.341344766300608, 5.801080308621636 ], [ -73.341188167580071, 5.80081814475767 ], [ -73.340979188966173, 5.800608306043102 ], [ -73.340770211410018, 5.800398466335196 ], [ -73.340508920121579, 5.800188557556282 ], [ -73.340247493017614, 5.800083433318946 ], [ -73.340242176678089, 5.800081295319671 ], [ -73.3402857363061, 5.799689260404193 ], [ -73.339905022029427, 5.799213367427626 ], [ -73.339381541151852, 5.799023010144253 ], [ -73.338762880564673, 5.79873747500352 ], [ -73.338524934734608, 5.798689885678129 ], [ -73.338429755765162, 5.798356761406865 ], [ -73.338572524066024, 5.798166403826997 ], [ -73.339096006142199, 5.79797604824023 ], [ -73.339524308774401, 5.797690512243435 ], [ -73.339619486596632, 5.79735738806437 ], [ -73.34000020131532, 5.797214619958936 ], [ -73.340523682336595, 5.797642922677369 ], [ -73.340476093021095, 5.798166403690573 ], [ -73.340476092884217, 5.79873747458339 ], [ -73.340618861277846, 5.799260956928663 ], [ -73.340999574349894, 5.799356134891411 ], [ -73.341189931261965, 5.800022384136923 ], [ -73.341523056118831, 5.800260330034746 ], [ -73.341856179852471, 5.800260329865068 ], [ -73.342046536793987, 5.800307919340923 ], [ -73.342522429168639, 5.800450687054479 ], [ -73.342855554430059, 5.800545865344588 ], [ -73.343236267882901, 5.800307918665737 ], [ -73.343492871752289, 5.800537978450961 ], [ -73.343635593268459, 5.800332131796438 ], [ -73.344268436809614, 5.800536382393318 ], [ -73.344902311726514, 5.800816382452183 ], [ -73.345195283577823, 5.8008045476559 ], [ -73.345044658226868, 5.80049827598674 ], [ -73.344616355205915, 5.800117561920786 ], [ -73.344830545295508, 5.800074724362219 ], [ -73.344700239786278, 5.799911161693387 ], [ -73.344748385355842, 5.799624139137961 ], [ -73.344939794392758, 5.799385149153181 ], [ -73.345178853824109, 5.799241916344101 ], [ -73.345465625884572, 5.799146592266425 ], [ -73.345704748115566, 5.7989555108677 ], [ -73.345848380739938, 5.798716458371132 ], [ -73.34608756296268, 5.798477530258992 ], [ -73.346326744983458, 5.798238601150672 ], [ -73.346613579290079, 5.798095428152408 ], [ -73.346900228220193, 5.798095798332952 ], [ -73.347186877142121, 5.798096168368318 ], [ -73.347329894280676, 5.798335590217448 ], [ -73.347329524963129, 5.798622675021193 ], [ -73.347281380766674, 5.798909698628165 ], [ -73.347233237433556, 5.79919672223059 ], [ -73.347137318219836, 5.799483683721405 ], [ -73.347041398916815, 5.799770645198919 ], [ -73.346945478620853, 5.800057606663302 ], [ -73.346801785032653, 5.800344506886347 ], [ -73.346684987827189, 5.800538894867259 ], [ -73.34690063724031, 5.800641044081488 ], [ -73.347281350959861, 5.800688632718163 ], [ -73.347900010899139, 5.800926578607289 ], [ -73.348423492933819, 5.801212114871987 ], [ -73.348994562803114, 5.801402471243875 ], [ -73.349327687852337, 5.801402471161111 ], [ -73.349946347628531, 5.801450061271964 ], [ -73.350184293938241, 5.801545238776782 ], [ -73.350565006606018, 5.801592827866273 ], [ -73.351231256157178, 5.802021130998583 ], [ -73.351659558840026, 5.802354255633702 ], [ -73.352135451627134, 5.80273496963855 ], [ -73.352754110946478, 5.803353629361993 ], [ -73.353134824623226, 5.803686754366709 ], [ -73.353294707200803, 5.803869475724071 ], [ -73.353294676121664, 5.803893576362896 ], [ -73.35324653468507, 5.804180600269035 ], [ -73.353293943860592, 5.804467747309559 ], [ -73.353370221135663, 5.804595438102808 ], [ -73.353245740917885, 5.804802618640224 ], [ -73.353197599407622, 5.805089643444148 ], [ -73.353053966730954, 5.805328696759602 ], [ -73.352814783096903, 5.805567628661947 ], [ -73.352528008410047, 5.805662955659272 ], [ -73.352440381552356, 5.805706694739229 ], [ -73.352420987106768, 5.805590323209572 ], [ -73.351849915609023, 5.805399966121058 ], [ -73.351231256153199, 5.805209609025837 ], [ -73.350612596991255, 5.804924074073881 ], [ -73.350231883395224, 5.804733716704504 ], [ -73.349803580029288, 5.804448180560826 ], [ -73.349708400615896, 5.804115056889088 ], [ -73.349898758218956, 5.803734342743326 ], [ -73.350565006593399, 5.803924699995775 ], [ -73.351088488906896, 5.804115057273293 ], [ -73.351707148857372, 5.804448181227997 ], [ -73.352087862363135, 5.804543360448065 ], [ -73.352516164740962, 5.80454335976259 ], [ -73.352468575967066, 5.80430541399619 ], [ -73.351849915752496, 5.804115056606463 ], [ -73.351088488816913, 5.803781931810761 ], [ -73.350422240435933, 5.803496397109143 ], [ -73.349565633579459, 5.802972915932855 ], [ -73.349042152066829, 5.802687379968006 ], [ -73.348552303207214, 5.802420190327098 ], [ -73.348518671061697, 5.8024018452939 ], [ -73.348090367869418, 5.802163898982712 ], [ -73.347810566649628, 5.802377863590891 ], [ -73.347585262199061, 5.802377573970261 ], [ -73.347278324275351, 5.802325933068062 ], [ -73.346971384590688, 5.802274291996923 ], [ -73.346715879264423, 5.802017738032532 ], [ -73.346667635725396, 5.801872164657482 ], [ -73.346518851879011, 5.801986481998654 ], [ -73.346364223631838, 5.802275949934142 ], [ -73.346344544328929, 5.802584901918181 ], [ -73.34657565332833, 5.802797622683272 ], [ -73.346884164071071, 5.802798021874708 ], [ -73.347192700038875, 5.802779109423341 ], [ -73.347501186430122, 5.802798817942403 ], [ -73.347809623309388, 5.802857149238491 ], [ -73.348079347090732, 5.80303129690418 ], [ -73.348194665732478, 5.803321113189838 ], [ -73.348078576620651, 5.803629941686495 ], [ -73.347808405951582, 5.803803393308783 ], [ -73.347576749384586, 5.8040155173681 ], [ -73.347460634586298, 5.804343656327092 ], [ -73.347548356635741, 5.804564117218263 ], [ -73.347016973226914, 5.804897568145577 ], [ -73.346939474337375, 5.804767828278727 ], [ -73.346669775265241, 5.804574368634349 ], [ -73.346400051114585, 5.804400220324169 ], [ -73.346130301856704, 5.804245382445288 ], [ -73.345821889611216, 5.804167738794831 ], [ -73.345513378090686, 5.80416733997339 ], [ -73.345281719565094, 5.80437946224572 ], [ -73.345242757282108, 5.804688389778505 ], [ -73.345261615949767, 5.805016702980879 ], [ -73.345473394442649, 5.805268021760753 ], [ -73.345762424643567, 5.805422885246685 ], [ -73.345954921093835, 5.80567417940938 ], [ -73.346012368554227, 5.805983230785898 ], [ -73.345877020605087, 5.806272723029053 ], [ -73.345606847989188, 5.806446172794153 ], [ -73.345336675204862, 5.80661962424864 ], [ -73.345047268586995, 5.806754427293981 ], [ -73.344738656199524, 5.806831271324995 ], [ -73.344430092554035, 5.806869494048328 ], [ -73.34414071180322, 5.806984985170402 ], [ -73.343986106427337, 5.807255140175073 ], [ -73.344140013405877, 5.807525694774597 ], [ -73.344254719162507, 5.807727337817823 ], [ -73.344230781268436, 5.807852476438882 ], [ -73.344230343440415, 5.808183632207999 ], [ -73.344194565981923, 5.808297977953146 ], [ -73.345139835981968, 5.808445676055442 ], [ -73.34561572932563, 5.808445675797316 ], [ -73.345758496443239, 5.808207729679225 ], [ -73.345759371625832, 5.808205539987057 ], [ -73.345853674876025, 5.807969783685849 ], [ -73.34632956673147, 5.80792219425814 ], [ -73.346662691172355, 5.808160141190001 ], [ -73.347412019305864, 5.80844113847786 ], [ -73.347424118937909, 5.80844567587161 ], [ -73.347900010596447, 5.808636032553636 ], [ -73.348423492821667, 5.808540854237606 ], [ -73.348994562684879, 5.808350496965772 ], [ -73.349470455198002, 5.808493264627657 ], [ -73.349280097799806, 5.808778799713878 ], [ -73.348946973839134, 5.808778800025436 ], [ -73.348328314379273, 5.809159513777729 ], [ -73.347900011037268, 5.809159514214514 ], [ -73.347431485246091, 5.809471864426712 ], [ -73.347328940003933, 5.809540228408537 ], [ -73.346853048060041, 5.810063709149063 ], [ -73.346472334972873, 5.810682368991934 ], [ -73.346091620713366, 5.810587190725016 ], [ -73.345710906789691, 5.810587191187437 ], [ -73.345520550204526, 5.810777547954729 ], [ -73.344901889598077, 5.81101549421993 ], [ -73.344854300892905, 5.811158260997161 ], [ -73.344925685265707, 5.811360515784315 ], [ -73.345235015308788, 5.811205850587044 ], [ -73.345853675284388, 5.811396206695861 ], [ -73.346044031863073, 5.811776921022783 ], [ -73.346377155814366, 5.81225281270406 ], [ -73.346757870063811, 5.812490759169577 ], [ -73.346829677499613, 5.812554587951865 ], [ -73.347186173420482, 5.812871472622192 ], [ -73.346882082820173, 5.813001797949767 ], [ -73.346519924388474, 5.813157008702831 ], [ -73.345948853172274, 5.813299776096812 ], [ -73.345568138789076, 5.81387084685997 ], [ -73.345044657967094, 5.814346738783343 ], [ -73.344901890112112, 5.81463227427264 ], [ -73.344425998007409, 5.814917810305474 ], [ -73.344140463066537, 5.815441290580623 ], [ -73.343759749389847, 5.815488880322391 ], [ -73.34304591084674, 5.815679237191659 ], [ -73.342803164151917, 5.815772600724756 ], [ -73.342427251039453, 5.815917182888768 ], [ -73.342189305132479, 5.816631022213812 ], [ -73.34218930480705, 5.816892131900431 ], [ -73.342430217982326, 5.816944162674929 ], [ -73.342458323415428, 5.816958263378865 ], [ -73.342380702647461, 5.817229001211501 ], [ -73.342360040930771, 5.817372517097112 ], [ -73.342332491660727, 5.817563871006882 ], [ -73.342475448995742, 5.817851142114591 ], [ -73.342475013666444, 5.818186074323819 ], [ -73.342493417436515, 5.818316301243385 ], [ -73.342522354911807, 5.818521068031259 ], [ -73.342760927172492, 5.818760616380814 ], [ -73.343047834831793, 5.818569599886814 ], [ -73.34312056349944, 5.81831592028874 ], [ -73.343143821979197, 5.818234792417741 ], [ -73.343478196400781, 5.818283075343174 ], [ -73.343499845788472, 5.818315689558631 ], [ -73.343668930162266, 5.81857040841868 ], [ -73.343716272153813, 5.818905401977815 ], [ -73.343811390831377, 5.819240457820115 ], [ -73.344097739660583, 5.819480067837958 ], [ -73.344432052725892, 5.819576197594188 ], [ -73.344766551343412, 5.819528784811723 ], [ -73.345053458639882, 5.819337767319951 ], [ -73.345387957043727, 5.819290354180225 ], [ -73.345722269265025, 5.819386482261677 ], [ -73.346008743852963, 5.819530397283472 ], [ -73.346342995221789, 5.819674372418035 ], [ -73.346629469194852, 5.819818286200586 ], [ -73.346915944210764, 5.819962199827785 ], [ -73.347202419365999, 5.820106113300028 ], [ -73.347221518377523, 5.820115707947934 ], [ -73.347489016621864, 5.820154331757863 ], [ -73.347775369190458, 5.820393939780331 ], [ -73.348109744227543, 5.820442219858933 ], [ -73.348444120213912, 5.820490499735058 ], [ -73.348475643090126, 5.82049505133574 ], [ -73.348463048272663, 5.820499776795032 ], [ -73.348416289161776, 5.82052039857723 ], [ -73.348374479276515, 5.820540955760521 ], [ -73.348339828819178, 5.820559790861466 ], [ -73.348312018187585, 5.820577371049808 ], [ -73.348287650027146, 5.820595739162513 ], [ -73.34826490001052, 5.820616580499916 ], [ -73.348231083227347, 5.820652412481707 ], [ -73.348197372176799, 5.820692666146329 ], [ -73.34816476803411, 5.820735768919405 ], [ -73.348130720136908, 5.820785196607119 ], [ -73.348095039806481, 5.820841249780415 ], [ -73.348066155162542, 5.820890399163488 ], [ -73.348041011165719, 5.820938824965481 ], [ -73.348019436124503, 5.820986527292916 ], [ -73.348004415448145, 5.821025769409118 ], [ -73.347993690560145, 5.821063303885808 ], [ -73.347986647336711, 5.821104114846662 ], [ -73.347983763546438, 5.821143370289462 ], [ -73.34798507318294, 5.821180508198552 ], [ -73.347990724521708, 5.821215652465241 ], [ -73.347999585613138, 5.821244915978127 ], [ -73.348013614884735, 5.821273069507242 ], [ -73.348032643088573, 5.821299679669323 ], [ -73.348055344852924, 5.821325198868692 ], [ -73.348082543525663, 5.82135129900638 ], [ -73.348112210899387, 5.821375822947459 ], [ -73.348138391161513, 5.821394572528902 ], [ -73.348185030824652, 5.821424934898971 ], [ -73.348284417495904, 5.821484972592714 ], [ -73.348316325912094, 5.82150653041208 ], [ -73.348342400387764, 5.821526630284211 ], [ -73.348359217779205, 5.821542133125888 ], [ -73.348373256347315, 5.821558928189745 ], [ -73.348381393959585, 5.821574032769036 ], [ -73.348384772846089, 5.82159041359921 ], [ -73.348381948229701, 5.821608324063277 ], [ -73.348372724905744, 5.821624803175894 ], [ -73.34835627576166, 5.821642340151868 ], [ -73.348337043588003, 5.821657277923407 ], [ -73.348314340851005, 5.821671314664286 ], [ -73.348287750312068, 5.821684851538976 ], [ -73.348220188835057, 5.821713811099414 ], [ -73.348171020546602, 5.821737459714427 ], [ -73.348134464017733, 5.821760375648978 ], [ -73.348101975658551, 5.821787614892173 ], [ -73.34808603405213, 5.821804665571619 ], [ -73.34807714090357, 5.821815848512244 ], [ -73.348071446002052, 5.821823010446792 ], [ -73.348046359302828, 5.821863280502669 ], [ -73.348027281395787, 5.82190720117336 ], [ -73.348014814241253, 5.821953514160896 ], [ -73.348010278957759, 5.821984566040896 ], [ -73.348008521028021, 5.822016337478829 ], [ -73.34800950723195, 5.822049176914391 ], [ -73.348013122230384, 5.82208214776017 ], [ -73.348019912849736, 5.822119848805301 ], [ -73.348029108178935, 5.822157712168405 ], [ -73.34805630216016, 5.822243674254935 ], [ -73.348075211776404, 5.822284567841393 ], [ -73.348099423373299, 5.822322963114686 ], [ -73.348132089917897, 5.822366421075458 ], [ -73.348186511864867, 5.822433443139062 ], [ -73.34822267324239, 5.822484903515146 ], [ -73.348235189932041, 5.822507318563282 ], [ -73.348244868130166, 5.822529521787942 ], [ -73.348251108976342, 5.822550466492942 ], [ -73.348254206980414, 5.822571491872395 ], [ -73.348253939105177, 5.822591397150347 ], [ -73.348250367429159, 5.822611206730642 ], [ -73.348243341792738, 5.82263213881339 ], [ -73.348233301768516, 5.822653375021901 ], [ -73.348203298263797, 5.822700939573508 ], [ -73.348157741209207, 5.822761831464163 ], [ -73.348130981032739, 5.822800817481209 ], [ -73.348111700994707, 5.822834959932379 ], [ -73.348098012062678, 5.822869471784998 ], [ -73.348090162160986, 5.822903409893286 ], [ -73.348082849433752, 5.822946819227752 ], [ -73.348076880189012, 5.823004514707975 ], [ -73.34807696781121, 5.823029423420735 ], [ -73.348079293892113, 5.823055991396473 ], [ -73.348090014095249, 5.823115048529189 ], [ -73.348101788577537, 5.823161900402681 ], [ -73.34811557127199, 5.823207770033946 ], [ -73.348132880167213, 5.823256826649583 ], [ -73.348150714856217, 5.823301262093935 ], [ -73.34816611556721, 5.82333469172579 ], [ -73.348183934022359, 5.823367428456606 ], [ -73.348203691628328, 5.823398558548718 ], [ -73.348225228287902, 5.82342783684976 ], [ -73.348251232921882, 5.823457639995809 ], [ -73.348279342763817, 5.823485487075857 ], [ -73.348309637545071, 5.823511719218857 ], [ -73.348342071905677, 5.823536048668075 ], [ -73.348377678476993, 5.823559549905156 ], [ -73.348417297970741, 5.823582736440869 ], [ -73.348522838408712, 5.823637545791883 ], [ -73.348556082167306, 5.823658473799298 ], [ -73.34858295540613, 5.823679754162015 ], [ -73.348597219114822, 5.823693728242915 ], [ -73.348609856813709, 5.823708612837265 ], [ -73.348620454390698, 5.823724019058261 ], [ -73.348629272328083, 5.823740321407797 ], [ -73.34863538411571, 5.823755619993847 ], [ -73.348639422397298, 5.823771523486073 ], [ -73.348641113114809, 5.823787623906583 ], [ -73.34864056541295, 5.823803601728002 ], [ -73.348635366291546, 5.823827844019718 ], [ -73.34862498609607, 5.823851370958323 ], [ -73.348607961609105, 5.823878246823767 ], [ -73.348587006210096, 5.823905078964913 ], [ -73.348530178084843, 5.823966328083543 ], [ -73.348453484935362, 5.82404217690339 ], [ -73.348386335932275, 5.824111830634195 ], [ -73.348341015505866, 5.824162382055022 ], [ -73.348302885124951, 5.824212439434405 ], [ -73.348272199450776, 5.824264659648009 ], [ -73.348246850102612, 5.824320246722493 ], [ -73.348224603504207, 5.824385476288228 ], [ -73.348207371867375, 5.824451680138452 ], [ -73.348191960916438, 5.824545488479146 ], [ -73.348181472464489, 5.824638329066943 ], [ -73.348169737135606, 5.824772528169262 ], [ -73.34816836530706, 5.824819350146129 ], [ -73.348169096923812, 5.824855480254314 ], [ -73.348177124581014, 5.824928207007474 ], [ -73.348191590807971, 5.825006865569605 ], [ -73.348214548851445, 5.825106359749441 ], [ -73.348256364439976, 5.825272021906869 ], [ -73.348269842166701, 5.825333198605563 ], [ -73.348278470121215, 5.82538139178763 ], [ -73.348283577871825, 5.825425882142497 ], [ -73.348283883901956, 5.825466451455952 ], [ -73.348278597899139, 5.82549785855241 ], [ -73.348273643125083, 5.825510995638524 ], [ -73.348267075909803, 5.825522142757279 ], [ -73.348256274201844, 5.825533338646494 ], [ -73.34824261033782, 5.82554114080591 ], [ -73.348225419462949, 5.825545929739292 ], [ -73.348206388612027, 5.825547563226564 ], [ -73.348182552137018, 5.825546275680153 ], [ -73.348157066566898, 5.825542172842972 ], [ -73.348127774769409, 5.825535075050368 ], [ -73.348096798893948, 5.82552558189974 ], [ -73.348033345756789, 5.825501510513618 ], [ -73.348046109725317, 5.82556585872095 ], [ -73.348045829134662, 5.825783806964182 ], [ -73.348176181244867, 5.825958334864936 ], [ -73.348350115188452, 5.826089328716819 ], [ -73.3485241045679, 5.826176733950263 ], [ -73.348654514069665, 5.82630767225919 ], [ -73.348784921823949, 5.826438609629804 ], [ -73.348915331446676, 5.826569547869951 ], [ -73.348958575836889, 5.826787553299482 ], [ -73.348958294721569, 5.827005500608209 ], [ -73.348928767138261, 5.827079152860904 ], [ -73.34889968695353, 5.827084162755057 ], [ -73.34871873178372, 5.827285158442521 ], [ -73.348487016836771, 5.827284858351391 ], [ -73.34820022960406, 5.827380181973808 ], [ -73.34801642454471, 5.827441276022057 ], [ -73.347913442267441, 5.82747550636077 ], [ -73.347674309367903, 5.827666585555733 ], [ -73.347435236349611, 5.827809819050856 ], [ -73.347196164109846, 5.827953052450539 ], [ -73.346909314393145, 5.828096222866861 ], [ -73.346670241889569, 5.828239455151731 ], [ -73.346431169261336, 5.828382688247018 ], [ -73.346144381072918, 5.828478009968194 ], [ -73.34585777782263, 5.828429791086307 ], [ -73.345571238425805, 5.828333722818343 ], [ -73.345284698216119, 5.82823765620941 ], [ -73.344998096039603, 5.828189435972376 ], [ -73.34471149390356, 5.828141215586811 ], [ -73.34442489090452, 5.828092995053112 ], [ -73.344138351883487, 5.827996927840616 ], [ -73.343851749893815, 5.827948707007067 ], [ -73.343565147944503, 5.827900486025044 ], [ -73.343278483833387, 5.827900113237206 ], [ -73.343039411301675, 5.828043343126808 ], [ -73.342800274596584, 5.828234422171874 ], [ -73.342513299868585, 5.828473285303971 ], [ -73.342512927185339, 5.828760369041561 ], [ -73.342703724760952, 5.828999854720337 ], [ -73.342843733341169, 5.829175590691705 ], [ -73.342894524308861, 5.82923934213153 ], [ -73.343181063798056, 5.829335409947987 ], [ -73.343467727737334, 5.829335783647991 ], [ -73.343802233099041, 5.829288372012684 ], [ -73.344136736585995, 5.829240960183029 ], [ -73.344423401353026, 5.829241333399125 ], [ -73.344710066111247, 5.829241705564357 ], [ -73.344996606760901, 5.829337774247847 ], [ -73.345235307997257, 5.829481627181906 ], [ -73.345521848843418, 5.829577693774979 ], [ -73.345808451760206, 5.829625913698635 ], [ -73.346095054717921, 5.829674134378536 ], [ -73.346381719646843, 5.829674505679748 ], [ -73.34666832266123, 5.82972272606338 ], [ -73.346954987598281, 5.829723097976512 ], [ -73.347241528810002, 5.829819163669356 ], [ -73.347480169839628, 5.830010863921984 ], [ -73.347718810125002, 5.830202563157684 ], [ -73.347957388775797, 5.830442109692456 ], [ -73.348196091175794, 5.830585962198541 ], [ -73.348319280677686, 5.830684920149167 ], [ -73.348434731940642, 5.830777661098182 ], [ -73.348721274809179, 5.830873726892037 ], [ -73.348959977572861, 5.831017578144724 ], [ -73.349246582321314, 5.831065797159681 ], [ -73.349533123644449, 5.831161861618625 ], [ -73.349819666865869, 5.831257927734555 ], [ -73.350106270881156, 5.831306146300449 ], [ -73.350392875839475, 5.83135436290695 ], [ -73.350679419280027, 5.831450427665061 ], [ -73.35096596190715, 5.831546493176688 ], [ -73.35125250462346, 5.831642557631199 ], [ -73.351504629641283, 5.831727084073975 ], [ -73.351497299291111, 5.831728807212755 ], [ -73.351473069823953, 5.831732457653914 ], [ -73.35144794901862, 5.831734133072871 ], [ -73.351392584285804, 5.831732721464391 ], [ -73.35132006288103, 5.831724506034107 ], [ -73.351257601342866, 5.831713838149426 ], [ -73.351050448999501, 5.831672950795451 ], [ -73.350855322122072, 5.831629782553307 ], [ -73.350668485164817, 5.831575921229557 ], [ -73.350388260387717, 5.83148764353723 ], [ -73.350256844948149, 5.831447978440792 ], [ -73.350205829577362, 5.831433462568555 ], [ -73.350145202478188, 5.831418351759567 ], [ -73.350049125633745, 5.831401872928268 ], [ -73.349786530777749, 5.831367887476688 ], [ -73.349613080620315, 5.831342842092795 ], [ -73.34939057853461, 5.831301402552981 ], [ -73.349255307454143, 5.831272271801993 ], [ -73.3490624841711, 5.831220196458162 ], [ -73.348837182489888, 5.831155147418031 ], [ -73.34860843358382, 5.831087497686383 ], [ -73.348295513138453, 5.830992133228506 ], [ -73.348134714433684, 5.83094512918376 ], [ -73.348074112846859, 5.830928737578176 ], [ -73.348012788759547, 5.830914504797192 ], [ -73.347995662317032, 5.830927333564205 ], [ -73.347864914997672, 5.831057933751254 ], [ -73.347734167617716, 5.831188533911245 ], [ -73.347646834353895, 5.831406369353374 ], [ -73.347690077837626, 5.831624373945544 ], [ -73.347776905380726, 5.831798846350978 ], [ -73.347863732075098, 5.831973316929407 ], [ -73.347906976602246, 5.832191322397478 ], [ -73.347950221166911, 5.832409326953723 ], [ -73.348080631164805, 5.832540265288912 ], [ -73.348123875830538, 5.832758269823387 ], [ -73.348080067617389, 5.832976161667148 ], [ -73.347949319872384, 5.833106761891656 ], [ -73.347775102324022, 5.833193715360039 ], [ -73.347600884719498, 5.833280668777661 ], [ -73.347383253650321, 5.83328038683004 ], [ -73.347241949922477, 5.833280203422476 ], [ -73.347240034622473, 5.833292725952674 ], [ -73.347235650131779, 5.833336964240175 ], [ -73.347234635273253, 5.833376566934987 ], [ -73.347237457120286, 5.833414272227742 ], [ -73.347245165319066, 5.833449405258477 ], [ -73.347258411019709, 5.833482793685221 ], [ -73.347282309189268, 5.833532410034479 ], [ -73.347300433606961, 5.83358900012604 ], [ -73.347312183965698, 5.833644778759492 ], [ -73.347319760237212, 5.833701942782852 ], [ -73.347322949915338, 5.833744103079823 ], [ -73.347324247966412, 5.833785853681718 ], [ -73.347323694789452, 5.833826762886474 ], [ -73.34732116412232, 5.833867239824372 ], [ -73.34731714206282, 5.833901287776541 ], [ -73.347311057490344, 5.833933308933979 ], [ -73.347303955061761, 5.833957456459757 ], [ -73.347294430885086, 5.833975861551096 ], [ -73.347287726458489, 5.833983015960598 ], [ -73.347280294374116, 5.833988368092321 ], [ -73.347261880255189, 5.833994107092678 ], [ -73.347238792817507, 5.833993233547915 ], [ -73.347213983098868, 5.833986661480026 ], [ -73.347181969488815, 5.833972980686099 ], [ -73.347148323553597, 5.833954398602657 ], [ -73.347109227109229, 5.833929137481675 ], [ -73.347068694141569, 5.833899962286068 ], [ -73.346984629052656, 5.833832963903603 ], [ -73.346894092052878, 5.833754420099069 ], [ -73.346583920299793, 5.833469345942035 ], [ -73.346468806779569, 5.833584327973085 ], [ -73.346468524856448, 5.833802276190966 ], [ -73.34642471684316, 5.834020167940025 ], [ -73.346293967560712, 5.834150766907783 ], [ -73.346145612761802, 5.834261895099587 ], [ -73.346156101939584, 5.834285963920649 ], [ -73.346163311617943, 5.834312835682169 ], [ -73.3461651733179, 5.834339593084849 ], [ -73.34616307677959, 5.834357229784928 ], [ -73.34615809799152, 5.834374130696403 ], [ -73.34615043817297, 5.834389808814365 ], [ -73.346140185637466, 5.834403863176476 ], [ -73.346127598494661, 5.83441574067939 ], [ -73.346113110476495, 5.83442539399681 ], [ -73.3460955075181, 5.834433582251506 ], [ -73.34607680895806, 5.834439717772398 ], [ -73.346036090896519, 5.834447634263711 ], [ -73.345992616202636, 5.834450406711596 ], [ -73.345930819019713, 5.834449234735985 ], [ -73.3458405579388, 5.834444871174014 ], [ -73.34580101442964, 5.834445066513751 ], [ -73.345790075083301, 5.834445824371358 ], [ -73.345771257422086, 5.834455216085246 ], [ -73.345661191356669, 5.834477112800471 ], [ -73.345642822639093, 5.834487692477865 ], [ -73.345617392608858, 5.834508528143147 ], [ -73.345596239063184, 5.834534325015341 ], [ -73.345580848815075, 5.834564060455591 ], [ -73.345571389962629, 5.834596283672909 ], [ -73.345567958197364, 5.83463083352126 ], [ -73.345570720145702, 5.834665330697533 ], [ -73.345580091818306, 5.834698824713485 ], [ -73.345595303478035, 5.834730145897538 ], [ -73.345608379585258, 5.83474935971492 ], [ -73.345623414090028, 5.834767336121729 ], [ -73.345640322974532, 5.834784113179012 ], [ -73.345658627869454, 5.834799154525115 ], [ -73.345676301915148, 5.834811099404703 ], [ -73.34569514961305, 5.834821218211459 ], [ -73.345716305290011, 5.834829874051593 ], [ -73.345739215944434, 5.834837138758132 ], [ -73.345783707520638, 5.834848004707681 ], [ -73.345847140286537, 5.834860807442908 ], [ -73.345996329048148, 5.834886221790327 ], [ -73.346094281159083, 5.834905046751828 ], [ -73.346167015224069, 5.83491461022453 ], [ -73.346280483184898, 5.834925811078847 ], [ -73.346354522893193, 5.834936580971373 ], [ -73.346387391972598, 5.834943811467213 ], [ -73.346416084411771, 5.834952706986371 ], [ -73.346438399461761, 5.834962754854132 ], [ -73.34645644707814, 5.834975245182761 ], [ -73.346469534077698, 5.834991537685028 ], [ -73.346473288198183, 5.835000823217342 ], [ -73.346475114398629, 5.835010939806693 ], [ -73.34647325120261, 5.835036241571686 ], [ -73.346465119549919, 5.835063501055402 ], [ -73.346447497387885, 5.835102256954713 ], [ -73.346423933329277, 5.835143522410078 ], [ -73.346391338103672, 5.835193801627668 ], [ -73.346351605543191, 5.835249733237447 ], [ -73.346334048171229, 5.835279228399656 ], [ -73.346325646443347, 5.835299339584708 ], [ -73.346319695041132, 5.835320228452247 ], [ -73.346316206884353, 5.835342332101277 ], [ -73.3463151651668, 5.835364769993532 ], [ -73.346316953246458, 5.835393760938302 ], [ -73.34632225088103, 5.835422263747148 ], [ -73.346331610652044, 5.835450993016423 ], [ -73.346344565559491, 5.835480269397522 ], [ -73.346368733082329, 5.835525538076467 ], [ -73.346395820371015, 5.835570812196238 ], [ -73.346426690270334, 5.835618773595854 ], [ -73.346457362871888, 5.835661825580814 ], [ -73.346486473027426, 5.835697511057049 ], [ -73.346518271236562, 5.835729650961639 ], [ -73.346555299301428, 5.83576082564565 ], [ -73.346595459798664, 5.835789555847668 ], [ -73.346635393027213, 5.835814609239776 ], [ -73.346685499095486, 5.835842955929706 ], [ -73.3468120842453, 5.835907444856105 ], [ -73.34685764802083, 5.835932102902916 ], [ -73.34693973057739, 5.835979681564083 ], [ -73.347016671785468, 5.836026645279844 ], [ -73.34714185290818, 5.836107620166899 ], [ -73.347292139544891, 5.836210111792752 ], [ -73.347355752507099, 5.836255513539299 ], [ -73.347367663172179, 5.8362647732136 ], [ -73.347019610792017, 5.836190191129276 ], [ -73.346734074962797, 5.835904654905789 ], [ -73.345877469231652, 5.835571531054825 ], [ -73.345639523111515, 5.835238406278336 ], [ -73.345258808768108, 5.835000460120796 ], [ -73.345035648599264, 5.834919311376154 ], [ -73.344735327822832, 5.834810102834069 ], [ -73.343973900675792, 5.83481010267667 ], [ -73.343918833335181, 5.83483457812747 ], [ -73.343260062355739, 5.834524568233633 ], [ -73.342784169580909, 5.834429389749516 ], [ -73.342463955331596, 5.83461236876974 ], [ -73.342514902140692, 5.834748965867618 ], [ -73.342682800815624, 5.834985017334191 ], [ -73.342918069815823, 5.835153774736739 ], [ -73.343005052921967, 5.835164778814885 ], [ -73.34349800784463, 5.83500045981009 ], [ -73.343561640286453, 5.835019174940726 ], [ -73.34383113260094, 5.835333585346348 ], [ -73.344307024932277, 5.835619119829857 ], [ -73.345116041921926, 5.835999834000063 ], [ -73.3457347019542, 5.836285369200709 ], [ -73.346781663919671, 5.836666082995976 ], [ -73.34722610436404, 5.836912994164265 ], [ -73.347224404537599, 5.83691296353885 ], [ -73.347075416273753, 5.836905925113342 ], [ -73.346946875062031, 5.836895390758286 ], [ -73.346897126280851, 5.83688834446815 ], [ -73.346833352657939, 5.836877133942664 ], [ -73.346655114404086, 5.836839315953 ], [ -73.346439071925886, 5.836786743714697 ], [ -73.346327768551362, 5.836761910724817 ], [ -73.346164961102602, 5.836732341953564 ], [ -73.346006489888225, 5.836706375015808 ], [ -73.345765156010543, 5.83666932495538 ], [ -73.345635481614067, 5.836652822627343 ], [ -73.345587975068725, 5.836649044546391 ], [ -73.345533649397566, 5.836646714098038 ], [ -73.345424130765593, 5.836646865514524 ], [ -73.34536956684849, 5.836649492695301 ], [ -73.345314698949039, 5.836654504688568 ], [ -73.345254364788502, 5.836662556250303 ], [ -73.345193359487155, 5.836672558456655 ], [ -73.345143236993522, 5.836682375698445 ], [ -73.345094571508128, 5.83669414590139 ], [ -73.34504842378044, 5.83670760506476 ], [ -73.345003968970218, 5.836723101209031 ], [ -73.344962580270987, 5.836740000004113 ], [ -73.344922866263971, 5.836758687826602 ], [ -73.34488644415552, 5.836778564586609 ], [ -73.344851503593873, 5.836800624161185 ], [ -73.344818542398002, 5.836824696108636 ], [ -73.344787252495848, 5.836850911840656 ], [ -73.344757495651834, 5.836879313976397 ], [ -73.344729653929733, 5.836909592777886 ], [ -73.344696211474343, 5.836952085045937 ], [ -73.344666955929426, 5.83699638380881 ], [ -73.344640610940246, 5.837044842806165 ], [ -73.344618201471974, 5.837094830623414 ], [ -73.344593559288342, 5.837160046153485 ], [ -73.344572629434367, 5.837226816885163 ], [ -73.344555459133403, 5.83729256177736 ], [ -73.344542517454897, 5.837358861548694 ], [ -73.344532659592119, 5.837437792999765 ], [ -73.344528842769705, 5.837519659231418 ], [ -73.344528501099717, 5.83762162573089 ], [ -73.344530578166314, 5.837767327691211 ], [ -73.34452835030487, 5.837910352631582 ], [ -73.344520977476748, 5.838026172397235 ], [ -73.344508840088849, 5.838169473091568 ], [ -73.344503119635476, 5.83829640594513 ], [ -73.344503711533775, 5.838373331884895 ], [ -73.344507930203804, 5.83844930718044 ], [ -73.34451664130097, 5.838524222703313 ], [ -73.344528875010212, 5.838597794882446 ], [ -73.344556920293087, 5.838724559536331 ], [ -73.344590197346406, 5.838854901096056 ], [ -73.344625190141016, 5.838980222563237 ], [ -73.344665288064846, 5.839110383463776 ], [ -73.344689039256082, 5.839197414728801 ], [ -73.344697413992208, 5.839237939274312 ], [ -73.344702331967994, 5.839276658686686 ], [ -73.344702523814078, 5.839308143844278 ], [ -73.344697841246216, 5.839338177681384 ], [ -73.34469290184677, 5.839353120173996 ], [ -73.344688368222251, 5.839362188170981 ], [ -73.344695582723261, 5.83936736296846 ], [ -73.344829841651972, 5.839603369083193 ], [ -73.344829447801487, 5.839906580361685 ], [ -73.344730680144778, 5.840169303278344 ], [ -73.344742696164417, 5.840179350275719 ], [ -73.34475464887629, 5.840193748470881 ], [ -73.344762709768418, 5.840211625998279 ], [ -73.344763416369688, 5.840230717997883 ], [ -73.344756320353326, 5.840252336064907 ], [ -73.344743355918467, 5.840274062708318 ], [ -73.344725884416789, 5.840296574020385 ], [ -73.344700744906845, 5.840324509073071 ], [ -73.344622301106654, 5.840402823735758 ], [ -73.344574901175292, 5.840454244074465 ], [ -73.344540086815016, 5.840499834034574 ], [ -73.344526657176402, 5.840521894897392 ], [ -73.344515992610525, 5.840543658136255 ], [ -73.344507482993436, 5.840567849934473 ], [ -73.344501520111237, 5.840593798554835 ], [ -73.344497617388129, 5.840622333260058 ], [ -73.344496052828163, 5.840651435766972 ], [ -73.344496906459824, 5.840678973885929 ], [ -73.344500168407535, 5.840706532248817 ], [ -73.344505858506579, 5.840735514472726 ], [ -73.34451369934078, 5.840764462798802 ], [ -73.344524841794964, 5.84079567608461 ], [ -73.344539522321952, 5.840827165936787 ], [ -73.344583275000332, 5.840901367661331 ], [ -73.344684489641509, 5.841053439639666 ], [ -73.344766697594594, 5.841180953861738 ], [ -73.344936309077411, 5.841456998214483 ], [ -73.345026705770294, 5.84159841605225 ], [ -73.34508606430245, 5.841684548498165 ], [ -73.345116751213766, 5.841725457524547 ], [ -73.345235015065782, 5.841567772122403 ], [ -73.345235014855291, 5.841139468905112 ], [ -73.34571090688803, 5.840663577019427 ], [ -73.346234388211542, 5.840568399074755 ], [ -73.346511307872618, 5.840924437971125 ], [ -73.34657710286092, 5.841222771247203 ], [ -73.346677678286483, 5.841492424055559 ], [ -73.346710970257448, 5.841761988024928 ], [ -73.346710901018184, 5.841815443607288 ], [ -73.346710901018085, 5.841815443679907 ], [ -73.346056611153088, 5.841894813813449 ] ], [ [ -73.331089574844157, 5.841997826127567 ], [ -73.33123322734923, 5.841758780339433 ], [ -73.331400735636919, 5.841543688969693 ], [ -73.331520530196713, 5.841280687763231 ], [ -73.331664212554017, 5.841017717691955 ], [ -73.331719470014377, 5.840925765816849 ], [ -73.331817187446575, 5.840805632096249 ], [ -73.333053531068913, 5.840443350733494 ], [ -73.333115892233479, 5.840243075138119 ], [ -73.333124386062138, 5.840215795686845 ], [ -73.333387327294076, 5.839371339205798 ], [ -73.333595281438988, 5.838703475881289 ], [ -73.334648281062925, 5.837006100649319 ], [ -73.334564624409154, 5.835382945105096 ], [ -73.33477024905801, 5.834373912729063 ], [ -73.335357312185636, 5.833366506576795 ], [ -73.33684584336919, 5.831722819759023 ], [ -73.337087738864284, 5.831386315867235 ], [ -73.3374568229641, 5.830872878224227 ], [ -73.337642146329358, 5.830767147333916 ], [ -73.337810658813794, 5.830531537700779 ], [ -73.337945532295066, 5.830295883955159 ], [ -73.338080403860261, 5.830060230183108 ], [ -73.338148038022439, 5.829790798397084 ], [ -73.338282954281226, 5.829521453803864 ], [ -73.338316947686565, 5.829251977949298 ], [ -73.338269744067361, 5.829061828381555 ], [ -73.338279312054965, 5.829016600572686 ], [ -73.33870731241575, 5.827105912593993 ], [ -73.338637465328759, 5.826712621249612 ], [ -73.337525561364941, 5.826910293452102 ], [ -73.337335204080887, 5.827338596281436 ], [ -73.337335204373346, 5.827452627935202 ], [ -73.337249247777038, 5.827469726579523 ], [ -73.337031618718697, 5.827469441404958 ], [ -73.33685763140312, 5.827382033450647 ], [ -73.336727225116078, 5.827251093175164 ], [ -73.336596819792589, 5.827120151959775 ], [ -73.336466413626454, 5.826989211615683 ], [ -73.336248900045689, 5.826901746186479 ], [ -73.336031272087382, 5.826901459707699 ], [ -73.335813701361587, 5.826857583624303 ], [ -73.335596073411011, 5.8268572969763 ], [ -73.335378387281423, 5.826900599766418 ], [ -73.335160702018129, 5.82694390337906 ], [ -73.334943015812428, 5.826987206004901 ], [ -73.334768742350263, 5.827117744998702 ], [ -73.334637936202057, 5.827291931784771 ], [ -73.334594123929378, 5.827509821995534 ], [ -73.334419905760171, 5.827596771369144 ], [ -73.334202334853103, 5.827552894673261 ], [ -73.334028404367245, 5.827421896295391 ], [ -73.333897999592182, 5.827290955327499 ], [ -73.333811177889572, 5.827116482273311 ], [ -73.333724356243067, 5.826942009201787 ], [ -73.333637533748629, 5.826767536113039 ], [ -73.333550712213878, 5.826593063006271 ], [ -73.33346389073489, 5.826418589882167 ], [ -73.333333543759011, 5.826244059226667 ], [ -73.333203139423063, 5.826113118067724 ], [ -73.333072735147482, 5.825982176874732 ], [ -73.332898805408263, 5.825851179003337 ], [ -73.33276840035893, 5.825720236826612 ], [ -73.332637996274684, 5.825589296425164 ], [ -73.332464066754653, 5.825458298405238 ], [ -73.332290078893834, 5.825370888054636 ], [ -73.332072567407863, 5.825283420935079 ], [ -73.331898579656979, 5.825196012266474 ], [ -73.331681009825502, 5.825152135434166 ], [ -73.331463383346147, 5.825151847152085 ], [ -73.331245755958605, 5.825151558786501 ], [ -73.331115005800598, 5.825282154355705 ], [ -73.330984257389389, 5.825412749896486 ], [ -73.330940443796635, 5.825630639909889 ], [ -73.330940155707538, 5.825848587623796 ], [ -73.330939867623044, 5.826066535336281 ], [ -73.330983106012695, 5.826284539839662 ], [ -73.331026344441284, 5.826502546146344 ], [ -73.331113165202794, 5.826677018782846 ], [ -73.331199986020863, 5.826851492306673 ], [ -73.331254225990847, 5.826960493014496 ], [ -73.331053427307609, 5.826910292944262 ], [ -73.330387178160834, 5.826767525271578 ], [ -73.329911286122012, 5.826529579416729 ], [ -73.329245036715179, 5.826244044416114 ], [ -73.32867396680939, 5.825910918742181 ], [ -73.32796012814913, 5.825672973201222 ], [ -73.327436646928959, 5.825244670151676 ], [ -73.327103522221137, 5.824911545675434 ], [ -73.326767079927038, 5.825015066606056 ], [ -73.326484861642484, 5.825101903302141 ], [ -73.326722808577074, 5.825435027223648 ], [ -73.326960755028324, 5.826196455265176 ], [ -73.327103522209256, 5.826719936312486 ], [ -73.327769770884572, 5.826529579214764 ], [ -73.327817360601841, 5.827005470621714 ], [ -73.327960128133668, 5.827719309595977 ], [ -73.327960128050336, 5.828385558812101 ], [ -73.327579413678848, 5.829146986011835 ], [ -73.327389057588334, 5.829813234583128 ], [ -73.326913164570271, 5.830431894656726 ], [ -73.326722809141074, 5.831098143944814 ], [ -73.326722809204909, 5.831716803610163 ], [ -73.327004203020465, 5.832110754972746 ], [ -73.327397434007082, 5.832080507187129 ], [ -73.327968503836473, 5.831890149676042 ], [ -73.328396807067747, 5.831652203895828 ], [ -73.328825109925447, 5.831414257808092 ], [ -73.329110644623313, 5.831414258417396 ], [ -73.329201974935927, 5.83136859288129 ], [ -73.329396180986123, 5.831271490258985 ], [ -73.329253412765581, 5.830795597792246 ], [ -73.328777521276891, 5.830557652081268 ], [ -73.328349217850189, 5.830462473992611 ], [ -73.32839680700414, 5.829415510584681 ], [ -73.3286347528948, 5.829034796606834 ], [ -73.329348591964504, 5.828892030084319 ], [ -73.329919661931115, 5.828796850779725 ], [ -73.330728679243464, 5.828654082903995 ], [ -73.331728052879839, 5.828606494025735 ], [ -73.332822605132037, 5.828463726928703 ], [ -73.333869566693124, 5.828463727364124 ], [ -73.334440638386184, 5.828511315725791 ], [ -73.335773135782858, 5.828701673047362 ], [ -73.336156576639098, 5.828816705007512 ], [ -73.336322437301817, 5.828816923660838 ], [ -73.336609069342387, 5.828841224148903 ], [ -73.336919558763327, 5.828889479638235 ], [ -73.337206222657983, 5.828889857443244 ], [ -73.337468903776198, 5.828961973098387 ], [ -73.337683652157409, 5.829153644974951 ], [ -73.337731052742015, 5.829440791605919 ], [ -73.337682900122331, 5.829727812714282 ], [ -73.337491508357857, 5.82994287477203 ], [ -73.337252401579406, 5.830110027420403 ], [ -73.33698949995005, 5.830205375560467 ], [ -73.336702835382027, 5.830204998588727 ], [ -73.336416201741201, 5.830180698190247 ], [ -73.336153521056644, 5.830108581166769 ], [ -73.33586685561022, 5.830108203767168 ], [ -73.335651638393927, 5.830275385863615 ], [ -73.33546024473975, 5.830490448187618 ], [ -73.335173579983575, 5.830490070445705 ], [ -73.334886916122286, 5.83048969165236 ], [ -73.334623950934713, 5.830632887100194 ], [ -73.334408732228667, 5.830800068751842 ], [ -73.334145766766881, 5.830943263990093 ], [ -73.333859070701692, 5.8309668088786 ], [ -73.33359638900032, 5.830894690667151 ], [ -73.333333708263865, 5.830822573233661 ], [ -73.333047199563282, 5.830702576166459 ], [ -73.332808503308513, 5.830558717920951 ], [ -73.332569835558672, 5.830390937183552 ], [ -73.332283234796535, 5.830342709575518 ], [ -73.331996570025694, 5.830342331117038 ], [ -73.331757462227927, 5.830509479722764 ], [ -73.331733194857975, 5.83079653166709 ], [ -73.331828402339681, 5.8310598189085 ], [ -73.331899720615752, 5.831323074052762 ], [ -73.331827706711408, 5.8315861385517 ], [ -73.331731804327603, 5.831849171868384 ], [ -73.331516553121048, 5.83204027577375 ], [ -73.331229918616827, 5.832015972777469 ], [ -73.331015172949094, 5.831824299300024 ], [ -73.330824347909697, 5.831608732747327 ], [ -73.330657474675434, 5.831345350754873 ], [ -73.33041877688413, 5.83120149238664 ], [ -73.330179700332394, 5.831344717069385 ], [ -73.330131542827132, 5.83163173683738 ], [ -73.330131163036981, 5.831918820898068 ], [ -73.330154670788545, 5.832205936198136 ], [ -73.330321608256497, 5.832421470837687 ], [ -73.330584226187, 5.832541437142822 ], [ -73.330870827978913, 5.832589664651948 ], [ -73.330966036320206, 5.832852952027281 ], [ -73.330965768117949, 5.833055215382331 ], [ -73.331132909274515, 5.833116332976545 ], [ -73.331395527688017, 5.833236299777127 ], [ -73.331501091655866, 5.833310510623846 ], [ -73.331918409387811, 5.833936486966593 ], [ -73.332394302319699, 5.834412379177365 ], [ -73.332474662390609, 5.834492738688937 ], [ -73.332658319556231, 5.834533865786966 ], [ -73.332859898553579, 5.834736274004456 ], [ -73.33306143522276, 5.834972371119818 ], [ -73.33319568829188, 5.835208378581399 ], [ -73.333296256219285, 5.835478033369839 ], [ -73.333316378247957, 5.835559090867946 ], [ -73.333346085553103, 5.835554520292931 ], [ -73.333536443375408, 5.836078001644182 ], [ -73.333488853729307, 5.836649072332534 ], [ -73.333108139934097, 5.837220143080913 ], [ -73.332584657745826, 5.837172553794801 ], [ -73.332203945211234, 5.8366966609413 ], [ -73.331918409029697, 5.836220768660326 ], [ -73.331728052583117, 5.835744877108937 ], [ -73.331537696418934, 5.835316574085823 ], [ -73.330871446896879, 5.834507556917401 ], [ -73.33063350037412, 5.833984076178808 ], [ -73.330498225012832, 5.833861099412445 ], [ -73.330470527137209, 5.833721449368738 ], [ -73.330243132362796, 5.833572996082637 ], [ -73.329981280625816, 5.833663818271475 ], [ -73.329753493374426, 5.833811666109455 ], [ -73.329480232353774, 5.833925265084304 ], [ -73.329218395355269, 5.834004690449433 ], [ -73.328933830341668, 5.834061291684463 ], [ -73.328683327953172, 5.834174921330202 ], [ -73.328603308124627, 5.834448322383309 ], [ -73.328568791090333, 5.834733181121692 ], [ -73.328545669020457, 5.835006658448663 ], [ -73.328499787050248, 5.835280105620996 ], [ -73.328453905946446, 5.835553552788838 ], [ -73.328446117684962, 5.835742261173891 ], [ -73.32844444939542, 5.835745176199282 ], [ -73.328445704215596, 5.835752285933438 ], [ -73.328442147803798, 5.835838440764974 ], [ -73.328453164632322, 5.836111964218105 ], [ -73.328464180574883, 5.836385486763163 ], [ -73.328532096388585, 5.836659085583904 ], [ -73.32877088706141, 5.836796158086599 ], [ -73.329043968192536, 5.836819313557896 ], [ -73.329317095352337, 5.836808281256936 ], [ -73.329556248831068, 5.836671845072658 ], [ -73.32981811613945, 5.836569627431743 ], [ -73.330091288205551, 5.836524405316766 ], [ -73.330193413810775, 5.836550118449736 ], [ -73.330396490267503, 5.83688857663924 ], [ -73.330401245751943, 5.8368891792814 ], [ -73.330670242131532, 5.836990605767141 ], [ -73.330905552196612, 5.837125679354983 ], [ -73.33110713157879, 5.837328087260005 ], [ -73.331207698962999, 5.837597739721787 ], [ -73.331240983254474, 5.837867305086149 ], [ -73.331341550812851, 5.838136959319797 ], [ -73.331610635751531, 5.83817100644012 ], [ -73.331913408023979, 5.838171407040761 ], [ -73.332182448676804, 5.838239143769499 ], [ -73.332417759605335, 5.838374215763622 ], [ -73.33258565539478, 5.838610268585228 ], [ -73.33268622283191, 5.838879923432614 ], [ -73.332719508838579, 5.839149487747306 ], [ -73.332685510608826, 5.839418963358412 ], [ -73.332550633800111, 5.839654615112863 ], [ -73.332348518661888, 5.839856488221471 ], [ -73.332112850743101, 5.839990936211279 ], [ -73.331810079306024, 5.839990533962407 ], [ -73.331541036936642, 5.839922797105032 ], [ -73.331305814267239, 5.839720345004253 ], [ -73.331104233914175, 5.839517937240089 ], [ -73.330902698099408, 5.839281838601494 ], [ -73.330667475924429, 5.839079386200865 ], [ -73.330639770738173, 5.839075880290466 ], [ -73.330663816232857, 5.838791489211246 ], [ -73.330496876617758, 5.838575953930956 ], [ -73.330446818962741, 5.83858006482518 ], [ -73.330401416203756, 5.838504055592864 ], [ -73.33011481140619, 5.838455828022461 ], [ -73.32985193667156, 5.838527249801359 ], [ -73.32958899855106, 5.838646518041287 ], [ -73.329373744110057, 5.838837621268908 ], [ -73.329230060245493, 5.839100589899601 ], [ -73.329181900909418, 5.839387609572668 ], [ -73.329370347937186, 5.839501184314997 ], [ -73.329372822688526, 5.839531405735556 ], [ -73.329659428899902, 5.839579634559357 ], [ -73.329946034248678, 5.839627863234796 ], [ -73.329996905963355, 5.839604787948247 ], [ -73.330195649119958, 5.839718870388651 ], [ -73.330498422265464, 5.839719271703871 ], [ -73.33076746263248, 5.839787009979148 ], [ -73.330798572880099, 5.840070828329658 ], [ -73.330566452665607, 5.840155008048839 ], [ -73.330303514879233, 5.840274276649723 ], [ -73.330016813824329, 5.840297819851401 ], [ -73.329801589225553, 5.840464999066739 ], [ -73.329729573402574, 5.840728064238533 ], [ -73.329729191854426, 5.841015147314408 ], [ -73.329657175940667, 5.841278211572785 ], [ -73.329728493876587, 5.841541466881893 ], [ -73.329895433248851, 5.841757002335555 ], [ -73.330110212802481, 5.841924752695149 ], [ -73.330253230602636, 5.842164180091459 ], [ -73.330252851168723, 5.84245126313715 ], [ -73.330300247703349, 5.842738410412494 ], [ -73.330563157263782, 5.842643065041443 ], [ -73.330730666062777, 5.842427974754003 ], [ -73.330898175639391, 5.84221288442177 ], [ -73.331089574844157, 5.841997826127567 ] ] ] ] } },
{ "type": "Feature", "properties": { "fid": 65610, "Shape_Area": 0.0019898147183250001, "area_ha": 2433.5715224217574, "tipo": "hidrica", "clas": "laminar y surcos", "gra": "ligera" }, "geometry": { "type": "MultiPolygon", "coordinates": [ [ [ [ -73.317282988283878, 5.73136110743419 ], [ -73.317291480189382, 5.731422998563072 ], [ -73.317305438628125, 5.731524721573638 ], [ -73.317314349644974, 5.731589664092999 ], [ -73.317317371219502, 5.731761906300456 ], [ -73.317342937290036, 5.731931148646329 ], [ -73.317358481527904, 5.73209033577783 ], [ -73.317398588445911, 5.732234579688563 ], [ -73.317444254932212, 5.732349849094461 ], [ -73.317530488373819, 5.732493411304892 ], [ -73.317593260011208, 5.73258391251725 ], [ -73.317618530555961, 5.732626607608967 ], [ -73.317589508353933, 5.732694541377441 ], [ -73.317171295861726, 5.732934218819082 ], [ -73.316932472818735, 5.73335337914682 ], [ -73.31711199492463, 5.733772310552467 ], [ -73.317411011588831, 5.734131313328419 ], [ -73.317650298026251, 5.734550209571978 ], [ -73.317471238500048, 5.734969338762028 ], [ -73.317172618049995, 5.735328671852926 ], [ -73.316873997230971, 5.735688006614168 ], [ -73.3165155791649, 5.735987511991482 ], [ -73.31645607922934, 5.736466436187413 ], [ -73.316516107162101, 5.736945292464213 ], [ -73.316157688148166, 5.737244797657979 ], [ -73.315679609907079, 5.737304923019735 ], [ -73.315380592513748, 5.736945919410175 ], [ -73.3149621461273, 5.736766566525091 ], [ -73.31448406719835, 5.736826690874295 ], [ -73.314125648028266, 5.737126193945187 ], [ -73.313886821117933, 5.737545354969143 ], [ -73.313827318884137, 5.738024278995056 ], [ -73.313827580723455, 5.738503170230729 ], [ -73.313229971867202, 5.738563359171678 ], [ -73.312751858572028, 5.738563620751734 ], [ -73.312273713588866, 5.738504020518917 ], [ -73.31185546204, 5.73868383296707 ], [ -73.311721550023208, 5.738767765895545 ], [ -73.311721319374669, 5.738763976830342 ], [ -73.311626624622988, 5.738851292937397 ], [ -73.311344776195028, 5.739009594223944 ], [ -73.311062950576968, 5.739150265266233 ], [ -73.310851416818878, 5.73937918332922 ], [ -73.310850993309828, 5.739696539852844 ], [ -73.31079907920855, 5.739872465445899 ], [ -73.310908042806716, 5.74011892083854 ], [ -73.310764428669302, 5.740377033117454 ], [ -73.310592199645725, 5.740606403960101 ], [ -73.310477238697615, 5.740864554007771 ], [ -73.310477009330953, 5.741036753724813 ], [ -73.310218970756864, 5.741151210233795 ], [ -73.309989509943136, 5.741323104399896 ], [ -73.309731434224773, 5.741466258843388 ], [ -73.309473396198882, 5.741580715031944 ], [ -73.309272510999278, 5.741810047629826 ], [ -73.309071665290332, 5.742010679302723 ], [ -73.308785165362565, 5.741981594797039 ], [ -73.308556165429309, 5.741809085320483 ], [ -73.308355857905156, 5.741607912823497 ], [ -73.308126858246908, 5.741435403157595 ], [ -73.308012589923919, 5.741176945364828 ], [ -73.307869667350133, 5.740918449574508 ], [ -73.307611937019715, 5.740803301628262 ], [ -73.307325399798572, 5.740802915409745 ], [ -73.30712451485914, 5.74103224729015 ], [ -73.307095475627079, 5.741319212520182 ], [ -73.307238397971332, 5.741577707608826 ], [ -73.307438705112531, 5.741778878709226 ], [ -73.307667665904603, 5.741980090421748 ], [ -73.307925319178366, 5.742152639131461 ], [ -73.308182972603504, 5.742325187715949 ], [ -73.308354588017778, 5.742555021371913 ], [ -73.30823962569508, 5.742813171027535 ], [ -73.307981626445724, 5.742898924817894 ], [ -73.307695047566085, 5.742927237895117 ], [ -73.307408471362066, 5.742955552638705 ], [ -73.307208163797043, 5.742754379747396 ], [ -73.307007856373048, 5.742553207681908 ], [ -73.306778856698372, 5.742380696575367 ], [ -73.306521087918554, 5.742294249938311 ], [ -73.306234549924227, 5.742293863212979 ], [ -73.305947934117398, 5.742350876271075 ], [ -73.305661473010048, 5.742293089331781 ], [ -73.30537497302231, 5.742264003115849 ], [ -73.305088396067163, 5.742292314876067 ], [ -73.305013778829164, 5.742325412161335 ], [ -73.304880369351054, 5.742244989896903 ], [ -73.304792761386182, 5.741945146471608 ], [ -73.304669947653736, 5.741645254815921 ], [ -73.304494281205621, 5.741380553752549 ], [ -73.304406673595281, 5.741080710241306 ], [ -73.304565451412657, 5.740816460926226 ], [ -73.304636264082149, 5.740516828983687 ], [ -73.304425369068156, 5.74026971158446 ], [ -73.30412634255083, 5.740110628625359 ], [ -73.303827294810162, 5.739969178338356 ], [ -73.303510428743721, 5.739986380299797 ], [ -73.303246180663393, 5.740144700977055 ], [ -73.302929316272468, 5.740161901716419 ], [ -73.302665543316209, 5.739967604226649 ], [ -73.3024193729633, 5.739773330782384 ], [ -73.302120300724425, 5.739649508792922 ], [ -73.30182089583144, 5.739772519289829 ], [ -73.301767660023529, 5.740089803480032 ], [ -73.3018904942424, 5.740372064841324 ], [ -73.30211903809726, 5.740583946256891 ], [ -73.302418158203977, 5.740672506154795 ], [ -73.30273502380868, 5.74065530387287 ], [ -73.303051936717907, 5.740602841165412 ], [ -73.303368802247917, 5.740585640345273 ], [ -73.3036855963569, 5.740621328818634 ], [ -73.303914140942197, 5.740833211284667 ], [ -73.303790543647949, 5.741115137016493 ], [ -73.303596586344213, 5.741361708640227 ], [ -73.303719421746962, 5.741643968629319 ], [ -73.304036193274271, 5.741697289712874 ], [ -73.304282340017267, 5.74190919430896 ], [ -73.304334720447059, 5.742226623340628 ], [ -73.304263905645257, 5.742526251628703 ], [ -73.304210671025089, 5.742843535958173 ], [ -73.304249190146493, 5.742932048816897 ], [ -73.304227852573717, 5.742979958576598 ], [ -73.304284772585106, 5.743267039963371 ], [ -73.304427694231549, 5.74352553487364 ], [ -73.304641423854946, 5.743668670045111 ], [ -73.304680277643115, 5.743645391094958 ], [ -73.30475520501227, 5.743690558110472 ], [ -73.305018978596536, 5.743884853578948 ], [ -73.305318077680795, 5.743991043764083 ], [ -73.305617413587981, 5.74392092444964 ], [ -73.305811372601966, 5.74367435397113 ], [ -73.305970174429774, 5.743392473261963 ], [ -73.306234448059968, 5.743216521185047 ], [ -73.306551361948664, 5.743164055579484 ], [ -73.306797512028197, 5.743375958092997 ], [ -73.306832289666318, 5.743693361857595 ], [ -73.306761476950442, 5.743992993094594 ], [ -73.307042949823426, 5.744116788436713 ], [ -73.307324801986567, 5.743958490004388 ], [ -73.307536338813009, 5.743729574021017 ], [ -73.307765454939158, 5.743518310279399 ], [ -73.308029704069554, 5.743359987515419 ], [ -73.308276398431929, 5.743166378603746 ], [ -73.308423376989083, 5.742995092480896 ], [ -73.308468086838957, 5.742972775747546 ], [ -73.308802604186894, 5.742877531414592 ], [ -73.309137121413528, 5.742782285986834 ], [ -73.309471637616525, 5.74268704127411 ], [ -73.309619022145455, 5.742666153950779 ], [ -73.310111842718641, 5.741963538059792 ], [ -73.310380153211668, 5.741944760543731 ], [ -73.310657324210979, 5.74192536269544 ], [ -73.310830163922731, 5.741783562795945 ], [ -73.311137155034658, 5.741603133694753 ], [ -73.311461706207524, 5.74145482833228 ], [ -73.311800490028872, 5.741327428432271 ], [ -73.311838914558109, 5.741314829936471 ], [ -73.311940336768942, 5.741196631874288 ], [ -73.312187052665081, 5.74098538946123 ], [ -73.312468878855384, 5.74084471965017 ], [ -73.312785674309794, 5.740880405758446 ], [ -73.312896266307462, 5.740982931224266 ], [ -73.31295477978864, 5.740967153295742 ], [ -73.313052083680532, 5.7411374968475 ], [ -73.313351102010699, 5.741496501581878 ], [ -73.313829217722173, 5.741496239367621 ], [ -73.314307332507724, 5.741495976753868 ], [ -73.314666083443853, 5.741795085588819 ], [ -73.315084533502841, 5.741974439368107 ], [ -73.315562682464758, 5.742034036164057 ], [ -73.316040797618655, 5.74203377207624 ], [ -73.316459050073888, 5.741853957431488 ], [ -73.316877269185227, 5.741614280209262 ], [ -73.317175892882176, 5.741254947160257 ], [ -73.317534313718568, 5.740955440356686 ], [ -73.317773138260691, 5.740536278833417 ], [ -73.317713108745465, 5.740057421922131 ], [ -73.317234962220255, 5.739997825031367 ], [ -73.316756847914917, 5.739998090024699 ], [ -73.316278799579607, 5.74011807829595 ], [ -73.315800718979801, 5.74017820388417 ], [ -73.315501699918912, 5.739819200460374 ], [ -73.315620965077528, 5.739340242478306 ], [ -73.315859791357468, 5.738921081689909 ], [ -73.316218210631632, 5.73862157572961 ], [ -73.31657663043319, 5.738322072276674 ], [ -73.31693504985526, 5.738022565901758 ], [ -73.317233671769202, 5.737663232882937 ], [ -73.317532293311899, 5.737303897914217 ], [ -73.31771135252302, 5.736884768701998 ], [ -73.317890412390909, 5.736465641251414 ], [ -73.318069472009768, 5.736046511038182 ], [ -73.318487719487678, 5.73586669514907 ], [ -73.318965830271168, 5.73586642889984 ], [ -73.319443940128565, 5.735866162251966 ], [ -73.319922050866865, 5.735865895204427 ], [ -73.320400228385836, 5.735985350499504 ], [ -73.320818709116111, 5.736224561623658 ], [ -73.320938504548508, 5.736703384637281 ], [ -73.321058300201457, 5.737182207606793 ], [ -73.3212378256938, 5.737601137429181 ], [ -73.321417352364676, 5.738020065363685 ], [ -73.321477384642321, 5.738498922665201 ], [ -73.321656911801767, 5.738917851390909 ], [ -73.321836439236733, 5.73933677913476 ], [ -73.322015966948186, 5.739755707706422 ], [ -73.322374720498431, 5.740054813370932 ], [ -73.322673743791199, 5.740413812047223 ], [ -73.323032497187967, 5.740712916345501 ], [ -73.323391251858482, 5.741012020393896 ], [ -73.323690276290449, 5.741371019367932 ], [ -73.323901732512127, 5.741741181029738 ], [ -73.324152604238918, 5.742474079369799 ], [ -73.324497490910403, 5.743610450283086 ], [ -73.324791090080794, 5.744236034883954 ], [ -73.32500809048787, 5.744682876114268 ], [ -73.325212594221625, 5.745576687106393 ], [ -73.32587583881724, 5.746023274667152 ], [ -73.326742733126366, 5.745856764053315 ], [ -73.32683896145187, 5.745583879580864 ], [ -73.326859515869643, 5.745601217354326 ], [ -73.326939656937199, 5.74568491094252 ], [ -73.326983398160195, 5.745769686900672 ], [ -73.327014096816328, 5.745870067786096 ], [ -73.327067867439254, 5.745937767208537 ], [ -73.327123645470152, 5.746003449162659 ], [ -73.327158094610752, 5.746083063847832 ], [ -73.327178495319401, 5.746176295783167 ], [ -73.327187854620462, 5.746275373022267 ], [ -73.327184931581598, 5.746401788833814 ], [ -73.327178291084678, 5.746595679050048 ], [ -73.327178911331487, 5.746761028124296 ], [ -73.327206160638951, 5.746953610225176 ], [ -73.327230582751696, 5.74705429785512 ], [ -73.32726326686884, 5.747121939643459 ], [ -73.327346159313251, 5.747191121003526 ], [ -73.327482759454966, 5.747238080355799 ], [ -73.327587489139745, 5.747302066293149 ], [ -73.327605403384368, 5.747321133086215 ], [ -73.327516046351491, 5.747388075673541 ], [ -73.327437355308973, 5.747447029159559 ], [ -73.327282468076874, 5.747601759532415 ], [ -73.327276594945488, 5.747598294079069 ], [ -73.327267941291609, 5.747594208492444 ], [ -73.327249711931699, 5.74758366768333 ], [ -73.327225650619653, 5.747568988085391 ], [ -73.327213474266955, 5.74756203932418 ], [ -73.32720906648035, 5.747559831868955 ], [ -73.32719985110657, 5.747556229866348 ], [ -73.327190190811507, 5.747553538536181 ], [ -73.327183556284808, 5.747552147750355 ], [ -73.327169959648018, 5.747550065016185 ], [ -73.327156132907191, 5.747548501876906 ], [ -73.327137771929813, 5.747546391101366 ], [ -73.327128788218431, 5.747544998040212 ], [ -73.327115768461965, 5.747542079671007 ], [ -73.327109530258326, 5.747540114894775 ], [ -73.327101565559303, 5.747536837969903 ], [ -73.327097753340297, 5.747534874519374 ], [ -73.327092276899407, 5.747531475806056 ], [ -73.327084666498934, 5.747525232127941 ], [ -73.327073552074182, 5.747514016642697 ], [ -73.327066405274934, 5.747506345533225 ], [ -73.327052597569548, 5.747490639229795 ], [ -73.327012721616711, 5.747442484126395 ], [ -73.326999080154792, 5.7474267614366 ], [ -73.326992049905527, 5.747419076684366 ], [ -73.326897701057931, 5.747318874319603 ], [ -73.326850065537428, 5.747269024981392 ], [ -73.326809845582943, 5.747227577828482 ], [ -73.326789378223395, 5.747207580255463 ], [ -73.326768105265273, 5.747188196724096 ], [ -73.326757031626698, 5.747178766749926 ], [ -73.326741696214924, 5.747166491216092 ], [ -73.326733748039658, 5.747160488452664 ], [ -73.326721430585394, 5.747151665530737 ], [ -73.326701958507385, 5.747138862944155 ], [ -73.326688505124196, 5.747131290459322 ], [ -73.326679390570916, 5.747127013268994 ], [ -73.326673252342744, 5.747124482813149 ], [ -73.326660853421856, 5.747120151391528 ], [ -73.326651456088257, 5.747117502435799 ], [ -73.326645150391414, 5.747116003761562 ], [ -73.326632458923996, 5.747113603751018 ], [ -73.326613269343056, 5.747111352253228 ], [ -73.326600414390896, 5.747110632897602 ], [ -73.326591831645203, 5.747110456806979 ], [ -73.326574672833146, 5.747110727253414 ], [ -73.326530203949119, 5.747112706543192 ], [ -73.326441257781255, 5.747117783682086 ], [ -73.32642657961037, 5.747118840045971 ], [ -73.326397230038367, 5.747121734678103 ], [ -73.32635813658527, 5.74712587018422 ], [ -73.326338613067264, 5.747127440632369 ], [ -73.326319110838995, 5.747128317846602 ], [ -73.326309369015291, 5.747128411195376 ], [ -73.326304750873419, 5.747128073557917 ], [ -73.326301870091754, 5.747127505966034 ], [ -73.326296550822747, 5.747125604909854 ], [ -73.326294096988363, 5.747124294078958 ], [ -73.326289566618073, 5.747121008845511 ], [ -73.326285488458211, 5.747116917914582 ], [ -73.326282990219681, 5.747113789893319 ], [ -73.326278450452037, 5.747106694665831 ], [ -73.326275373252201, 5.747100747937736 ], [ -73.32626980907861, 5.747087653225378 ], [ -73.326259392372208, 5.747059275132813 ], [ -73.326253595597848, 5.747045488237291 ], [ -73.326249193251613, 5.747036953095233 ], [ -73.326246778553241, 5.747032966192535 ], [ -73.326242839608142, 5.74702741091113 ], [ -73.326238469115822, 5.747022454073033 ], [ -73.326236103307735, 5.747020229153918 ], [ -73.326221258172041, 5.747007327978508 ], [ -73.326213581870149, 5.747001154914301 ], [ -73.32620151857509, 5.746992781614722 ], [ -73.326192990167556, 5.746988062447258 ], [ -73.326188549059282, 5.746986032380335 ], [ -73.326181639199774, 5.746983468874987 ], [ -73.326171650801825, 5.74698054060724 ], [ -73.326164909494764, 5.746978847603827 ], [ -73.326151258273285, 5.746976081610001 ], [ -73.326142063153952, 5.746974702228215 ], [ -73.32612353982762, 5.7469730593902 ], [ -73.326109610849016, 5.746972813040372 ], [ -73.326095729336544, 5.746973414637012 ], [ -73.326088825807858, 5.746974036684492 ], [ -73.326075141094861, 5.746975926870846 ], [ -73.326068377078059, 5.746977195904776 ], [ -73.32605835190526, 5.746979505726415 ], [ -73.326043644910271, 5.746983890642355 ], [ -73.325998305872588, 5.74700006240829 ], [ -73.325937966198239, 5.747022226510126 ], [ -73.325907660524535, 5.747032772430885 ], [ -73.325840023889157, 5.747054877337064 ], [ -73.325749571618076, 5.747083950983665 ], [ -73.325704452359048, 5.747098951547116 ], [ -73.325662734494699, 5.747113249707468 ], [ -73.325641906930741, 5.74712074583141 ], [ -73.325611001269863, 5.747132827843757 ], [ -73.325590770784686, 5.747141643098246 ], [ -73.325580806592086, 5.747146332995214 ], [ -73.325566084154502, 5.747153768622979 ], [ -73.325546940816764, 5.747164527170469 ], [ -73.325537607908188, 5.74717030812252 ], [ -73.325523943614826, 5.747179527782407 ], [ -73.325510717941825, 5.747189465752342 ], [ -73.325504283262035, 5.747194718349476 ], [ -73.32549292326712, 5.747204455253723 ], [ -73.325470849554051, 5.747224373947233 ], [ -73.325449375127107, 5.747244725787994 ], [ -73.325406975013721, 5.747285960382385 ], [ -73.325359287999845, 5.74733298085863 ], [ -73.325296036800353, 5.74739603210304 ], [ -73.325263810120532, 5.747427159417782 ], [ -73.325245030758367, 5.747444051757611 ], [ -73.325232073865493, 5.747454768763362 ], [ -73.325223253893455, 5.747461680653601 ], [ -73.325205206153328, 5.747474971628321 ], [ -73.325191337818978, 5.747484490948239 ], [ -73.325181946376745, 5.747490633018401 ], [ -73.325162839763379, 5.747502452178992 ], [ -73.325133469047387, 5.747519091717948 ], [ -73.325113487925762, 5.747529517693238 ], [ -73.325100018241017, 5.747536195121654 ], [ -73.325072792107846, 5.747548945608514 ], [ -73.325057261220252, 5.747555191624485 ], [ -73.325046690985005, 5.747558710803389 ], [ -73.325025190277984, 5.747564638040046 ], [ -73.325003431591028, 5.747569731928422 ], [ -73.324974488100224, 5.747576570195974 ], [ -73.324960228085899, 5.747580526771799 ], [ -73.324946216015746, 5.747585147467305 ], [ -73.324939328074493, 5.747587780375909 ], [ -73.324929173076328, 5.747592211544429 ], [ -73.32487460289417, 5.747618527057398 ], [ -73.324847495561187, 5.747632065710775 ], [ -73.32480711860569, 5.74765296855702 ], [ -73.324767146908471, 5.747674716429117 ], [ -73.324747336095299, 5.747685948639514 ], [ -73.324657385639853, 5.747738262834616 ], [ -73.324612806908135, 5.747764955454613 ], [ -73.32456859083527, 5.747792259637208 ], [ -73.324546641981613, 5.747806198970636 ], [ -73.324525980503381, 5.747819859740559 ], [ -73.324485499444279, 5.747848437828338 ], [ -73.324432123623808, 5.747887409785903 ], [ -73.324405173001537, 5.747906484142788 ], [ -73.324377739471856, 5.747924818492265 ], [ -73.32436376859539, 5.747933600286046 ], [ -73.324343746849536, 5.747945735781514 ], [ -73.324303399479675, 5.74796949743461 ], [ -73.32422226520498, 5.748016300611766 ], [ -73.324181924164975, 5.748040089402764 ], [ -73.324105004788407, 5.748086779763526 ], [ -73.32406676349666, 5.748110475046587 ], [ -73.324009753799601, 5.748146584742074 ], [ -73.323989852882164, 5.748159912026608 ], [ -73.323976836390216, 5.748169162958732 ], [ -73.32395126639517, 5.748188338776117 ], [ -73.323876171376014, 5.74824810515122 ], [ -73.323850896102385, 5.748267593017999 ], [ -73.323838080309713, 5.748277055601079 ], [ -73.323826831309589, 5.748285035829497 ], [ -73.323803928141842, 5.748300317774635 ], [ -73.323780556506904, 5.748314828934554 ], [ -73.323764758070297, 5.748324154743443 ], [ -73.323732757864548, 5.748342178526968 ], [ -73.323635408299424, 5.74839472210698 ], [ -73.32360320222142, 5.748412996681907 ], [ -73.323587262020794, 5.748422493609382 ], [ -73.323555839344522, 5.748442441061115 ], [ -73.323540407520966, 5.74845298748545 ], [ -73.323517684022534, 5.748469658474846 ], [ -73.323506351786023, 5.748479056861242 ], [ -73.323499270025081, 5.748485701675577 ], [ -73.323494743198523, 5.748490287099685 ], [ -73.323486117119103, 5.748499816080823 ], [ -73.323479992648856, 5.74850725583758 ], [ -73.323468504863456, 5.748522808230518 ], [ -73.323457855100173, 5.748539152013564 ], [ -73.323451112061662, 5.748550418409934 ], [ -73.323438190190984, 5.748573663108914 ], [ -73.323434524057461, 5.748580787441824 ], [ -73.323428031232424, 5.748595140611144 ], [ -73.323422559501807, 5.748609673294482 ], [ -73.32341942254692, 5.748619481522496 ], [ -73.323414220425207, 5.74863944669687 ], [ -73.323413287941946, 5.748644184837985 ], [ -73.32341213321638, 5.74865377293645 ], [ -73.323411778191996, 5.748663490900128 ], [ -73.323411900244253, 5.748670026655532 ], [ -73.32341276964604, 5.748683189215456 ], [ -73.323414125184911, 5.748696414849576 ], [ -73.323415977431011, 5.748714023059961 ], [ -73.323416644656504, 5.74872276486758 ], [ -73.3234169745445, 5.748735743115731 ], [ -73.323416726074981, 5.748742149667464 ], [ -73.323415847180513, 5.748750585559605 ], [ -73.323415140258817, 5.748754753430319 ], [ -73.323413698996603, 5.748760934410654 ], [ -73.323410584223552, 5.74877002406555 ], [ -73.323404738814645, 5.748783641112425 ], [ -73.323392342990019, 5.748810433971187 ], [ -73.323379230437922, 5.748836830850735 ], [ -73.323351957975774, 5.748889344655765 ], [ -73.323344985925985, 5.748903084513699 ], [ -73.323331728517189, 5.748930573794951 ], [ -73.323314419308929, 5.74896705099701 ], [ -73.323305439342221, 5.74898513140937 ], [ -73.323290961779946, 5.749011950784563 ], [ -73.323280328083797, 5.749029571493736 ], [ -73.323274636217548, 5.74903829156176 ], [ -73.323265553063834, 5.749051246179079 ], [ -73.323255737047646, 5.749064031978321 ], [ -73.323250526316599, 5.749070356270181 ], [ -73.323247080607644, 5.749074219804925 ], [ -73.323239754167048, 5.749081198695762 ], [ -73.323231900441613, 5.749087249367051 ], [ -73.323226400827252, 5.749090810893563 ], [ -73.323214849865053, 5.749096911621677 ], [ -73.323205772377833, 5.749100695989853 ], [ -73.323199557294799, 5.749102888673974 ], [ -73.323186811414985, 5.749106600909101 ], [ -73.323167175486276, 5.749110860036353 ], [ -73.32312778223104, 5.749117203670608 ], [ -73.32310583180697, 5.74912050300793 ], [ -73.323061806509429, 5.749125923455836 ], [ -73.323003083144954, 5.749132480734829 ], [ -73.322973823399138, 5.749136272894873 ], [ -73.322944695124761, 5.749140879468655 ], [ -73.322930195826189, 5.749143601727837 ], [ -73.322858463386297, 5.749158220743368 ], [ -73.322810700988441, 5.749168322073785 ], [ -73.322782596409866, 5.749174521745147 ], [ -73.322586305633422, 5.749305217937717 ], [ -73.322346078180033, 5.749438478268985 ], [ -73.32213345080595, 5.749523338643712 ], [ -73.322114656121528, 5.749551836465969 ], [ -73.322103145872518, 5.749567713737576 ], [ -73.322096978224522, 5.749575547174913 ], [ -73.322083570250243, 5.749590892478636 ], [ -73.322076230512096, 5.749598363676682 ], [ -73.322064289181583, 5.749609254705888 ], [ -73.322051873184648, 5.749619594864328 ], [ -73.32204549157899, 5.74962453698447 ], [ -73.322035785026003, 5.74963120136232 ], [ -73.322026010830712, 5.749636477526508 ], [ -73.322021129215329, 5.749638420574001 ], [ -73.322014655443411, 5.749640139177757 ], [ -73.32201144000561, 5.749640577195407 ], [ -73.322006659438046, 5.749640649575554 ], [ -73.32200193807455, 5.749639958112141 ], [ -73.321999602971232, 5.749639306027348 ], [ -73.321985994603551, 5.749634102778998 ], [ -73.321980291801765, 5.749631450759409 ], [ -73.321865586434342, 5.749731711203481 ], [ -73.321678561964575, 5.749971900934156 ], [ -73.321544882194132, 5.750212163738468 ], [ -73.321491184024751, 5.750479246058831 ], [ -73.321250814264658, 5.750719367060128 ], [ -73.321010584989494, 5.750852624158995 ], [ -73.320717046308516, 5.750959097215855 ], [ -73.320450214724929, 5.751038888749918 ], [ -73.320156817579573, 5.751038501329901 ], [ -73.319889951095206, 5.751145007884588 ], [ -73.319649722202882, 5.75127826624572 ], [ -73.319356183015259, 5.751384736817442 ], [ -73.319189896335615, 5.751434462105351 ], [ -73.319062501763142, 5.751598069262684 ], [ -73.318928821422389, 5.751838330617488 ], [ -73.318688519640091, 5.752025019158054 ], [ -73.318421653298003, 5.752131524157676 ], [ -73.318181422725218, 5.752264781938663 ], [ -73.318102111196765, 5.752271896823913 ], [ -73.318043562665935, 5.752035996235406 ], [ -73.318110496946929, 5.751769339365296 ], [ -73.318177430267951, 5.751502681583929 ], [ -73.3183109444455, 5.751236112465904 ], [ -73.318377876719751, 5.750969454665153 ], [ -73.31839256643957, 5.750910937155197 ], [ -73.318267632799689, 5.750760434830283 ], [ -73.318253061627956, 5.750742881651092 ], [ -73.317712949949282, 5.750561753097372 ], [ -73.317610379661744, 5.750078209602179 ], [ -73.317583612696183, 5.749596397692699 ], [ -73.316696468121052, 5.749398069836502 ], [ -73.316665578281743, 5.749377268607304 ], [ -73.316354024552538, 5.749792673656884 ], [ -73.316182703670506, 5.750021102639948 ], [ -73.316239811160301, 5.750363744991262 ], [ -73.31646823894107, 5.751163243792632 ], [ -73.316541084156256, 5.751308934632675 ], [ -73.316639560440365, 5.751505886090115 ], [ -73.316411131677796, 5.751905635839705 ], [ -73.316125596320205, 5.752191171374079 ], [ -73.31566874008513, 5.752191171744471 ], [ -73.315154775745611, 5.752134064106031 ], [ -73.31469792013894, 5.752419599423376 ], [ -73.314526599297494, 5.752933562788598 ], [ -73.314755026833609, 5.753047777649613 ], [ -73.315268990760728, 5.753504633595071 ], [ -73.315725846929922, 5.754018597358311 ], [ -73.315725847092892, 5.754361239631464 ], [ -73.315383205002547, 5.7547609897793 ], [ -73.314983454828678, 5.754875203005895 ], [ -73.31446949245219, 5.754646775989954 ], [ -73.314012635332347, 5.754247026213193 ], [ -73.313898421166471, 5.753390419418281 ], [ -73.314183955642818, 5.752362491822225 ], [ -73.314290968277646, 5.752020054814807 ], [ -73.314469492273702, 5.751448780026237 ], [ -73.315211882759399, 5.750877709063616 ], [ -73.315725846605119, 5.749963996360805 ], [ -73.315554525984226, 5.749678461223198 ], [ -73.315154775818712, 5.750021102624316 ], [ -73.314869240904159, 5.750477960062597 ], [ -73.31452659893813, 5.75099192286865 ], [ -73.31429817019557, 5.750934817184202 ], [ -73.314069742434242, 5.750535066321561 ], [ -73.313898420587407, 5.751049030437628 ], [ -73.313898420725138, 5.751505886022414 ], [ -73.313867540393346, 5.751629407740609 ], [ -73.313784207073923, 5.751962742862247 ], [ -73.313669992583243, 5.752533813802131 ], [ -73.313555779355568, 5.753161991326351 ], [ -73.313555779439298, 5.753447527073945 ], [ -73.313555778846535, 5.753847276935232 ], [ -73.313213136274612, 5.753847275984356 ], [ -73.312984707575765, 5.753504634979549 ], [ -73.312584959399828, 5.75304777677087 ], [ -73.312527850592289, 5.753333312151767 ], [ -73.312584959063827, 5.753675954929065 ], [ -73.312299422761328, 5.753618849009058 ], [ -73.312013887688238, 5.753219097824569 ], [ -73.311785459933844, 5.752191172343828 ], [ -73.31173967286594, 5.751985128633919 ], [ -73.311725739306723, 5.751980035725921 ], [ -73.311203437040604, 5.751789101978034 ], [ -73.311080041830451, 5.751623461210954 ], [ -73.311043068054573, 5.751620100320565 ], [ -73.310643317724953, 5.751848529127983 ], [ -73.310643318274629, 5.752362493273324 ], [ -73.31070042495935, 5.752590922166235 ], [ -73.310757533151559, 5.752933563388126 ], [ -73.310877233385554, 5.753172964640726 ], [ -73.310928853719247, 5.753276204820281 ], [ -73.311214389325187, 5.753733063204152 ], [ -73.311899673720688, 5.754018596760432 ], [ -73.312756280038855, 5.75401859663782 ], [ -73.31292760112899, 5.754247025969448 ], [ -73.313213135614205, 5.754361239970763 ], [ -73.313612886188253, 5.754189918663542 ], [ -73.313784207073809, 5.754361241111894 ], [ -73.313841314290471, 5.75493231101882 ], [ -73.314069741672711, 5.755217845910863 ], [ -73.314241062904387, 5.755217845680306 ], [ -73.314469491810939, 5.755217844689128 ], [ -73.314755026683031, 5.755674702876092 ], [ -73.315211883266898, 5.755903130362128 ], [ -73.31529909076562, 5.755912819839239 ], [ -73.315162405711362, 5.756553882531932 ], [ -73.315864062274045, 5.756730007850706 ], [ -73.316321968310433, 5.757777225741449 ], [ -73.316437031389569, 5.758648820528379 ], [ -73.315970843334924, 5.760452071287546 ], [ -73.315101812012472, 5.759694757571822 ], [ -73.31469696776395, 5.758646475949092 ], [ -73.314757998579466, 5.757716382762794 ], [ -73.314003343021, 5.756668757681723 ], [ -73.312782843177843, 5.756317882746032 ], [ -73.311798406420564, 5.755793256707932 ], [ -73.309768998988602, 5.756139756965752 ], [ -73.308952405637513, 5.756661975899476 ], [ -73.307906655757677, 5.75642772661439 ], [ -73.307622107740372, 5.756071375934255 ], [ -73.307451821200459, 5.756156368415759 ], [ -73.307185231039853, 5.756356067629156 ], [ -73.307051711377767, 5.756622633536836 ], [ -73.306984772333124, 5.756889290279389 ], [ -73.306917832327258, 5.757155944300393 ], [ -73.306850893170179, 5.757422601028907 ], [ -73.3067839530529, 5.757689256845993 ], [ -73.306583941907832, 5.757889044879903 ], [ -73.306317711076872, 5.757821997940368 ], [ -73.306118240054218, 5.757621668930824 ], [ -73.305985438995663, 5.757354743009103 ], [ -73.305919218832969, 5.757087908937422 ], [ -73.305919667599653, 5.756754476219214 ], [ -73.306119769428904, 5.756487999702983 ], [ -73.306253288605603, 5.756221434896304 ], [ -73.306386807662932, 5.755954870062453 ], [ -73.306520328407771, 5.755688305200522 ], [ -73.306520776866478, 5.755354872484077 ], [ -73.306521226238829, 5.755021440668258 ], [ -73.306521675620615, 5.754688007943628 ], [ -73.306455454681668, 5.754421173001901 ], [ -73.306389234713663, 5.754154337141131 ], [ -73.30632301391114, 5.753887503077635 ], [ -73.306323463442482, 5.753554070333678 ], [ -73.306257242753361, 5.753287234441416 ], [ -73.306191022133362, 5.753020400345633 ], [ -73.30588118477732, 5.752957895981979 ], [ -73.305858214252623, 5.752953262982771 ], [ -73.305525314629676, 5.752952813244917 ], [ -73.305456197681394, 5.753090803230407 ], [ -73.305391795786647, 5.753219377889081 ], [ -73.305324856271739, 5.753486033583556 ], [ -73.305324406155705, 5.753819464548201 ], [ -73.305390625586824, 5.754086300564211 ], [ -73.305456845988772, 5.754353135661006 ], [ -73.305523065555747, 5.754619971650186 ], [ -73.305589286094119, 5.754886807625041 ], [ -73.305588837078119, 5.75522023947002 ], [ -73.305588387168825, 5.755553672216649 ], [ -73.305454866909486, 5.755820235977581 ], [ -73.305254856799024, 5.756020025357998 ], [ -73.305121336283662, 5.756286590860668 ], [ -73.304987815648246, 5.756553155430879 ], [ -73.304987366331375, 5.756886586369774 ], [ -73.305120165912854, 5.757153512559341 ], [ -73.305186385717946, 5.75742034855233 ], [ -73.305185935639656, 5.757753780380597 ], [ -73.305052414728891, 5.758020344968941 ], [ -73.305036295382251, 5.758052526871779 ], [ -73.304885873977298, 5.758052320444165 ], [ -73.303550936564193, 5.758050507786947 ], [ -73.302818156194633, 5.757514913720286 ], [ -73.302277031191409, 5.757118600870513 ], [ -73.301635281298559, 5.756884882279564 ], [ -73.300705280833483, 5.757000038340436 ], [ -73.299774093015856, 5.757986601031178 ], [ -73.299667811972427, 5.758140163994028 ], [ -73.300179357349691, 5.758763186724366 ], [ -73.300134651169856, 5.758798907584548 ], [ -73.299895535921451, 5.758989970885409 ], [ -73.299608908985931, 5.758989579506931 ], [ -73.299431956005947, 5.758930232744717 ], [ -73.299322412670108, 5.758893495192865 ], [ -73.299083754424942, 5.758749626603674 ], [ -73.298797322760151, 5.758605694258677 ], [ -73.298558729235936, 5.7584139803933 ], [ -73.298511348919192, 5.758126832887513 ], [ -73.298511740324841, 5.757839750863582 ], [ -73.298512130834013, 5.75755266883732 ], [ -73.298512522253702, 5.757265586807705 ], [ -73.298512912776516, 5.756978503870755 ], [ -73.298513303306777, 5.756691421835967 ], [ -73.298656942202854, 5.756452382216594 ], [ -73.29875287392133, 5.756165432046657 ], [ -73.298753265254277, 5.755878348199303 ], [ -73.298705885116476, 5.755591200678225 ], [ -73.298515127079213, 5.755351705333112 ], [ -73.298307347207924, 5.755226452995885 ], [ -73.298276468737129, 5.755207838112028 ], [ -73.298037811415213, 5.755063970783681 ], [ -73.297785292074423, 5.754979279743168 ], [ -73.297751317321456, 5.754967883741529 ], [ -73.29746475873668, 5.754919646127462 ], [ -73.297302662959964, 5.755049166842127 ], [ -73.296569290184152, 5.754452404354879 ], [ -73.296573820419894, 5.754445155743213 ], [ -73.296738116682945, 5.754117611369168 ], [ -73.296863514820245, 5.753782416495199 ], [ -73.296889738590608, 5.753418693614208 ], [ -73.296818448977888, 5.753066684066312 ], [ -73.296572010018622, 5.75279418387413 ], [ -73.296319151998318, 5.752527641730239 ], [ -73.296048837304738, 5.752286393945099 ], [ -73.295743775781432, 5.752105500636219 ], [ -73.29543531202421, 5.751988264129125 ], [ -73.295408307094021, 5.751978001940529 ], [ -73.295611264826505, 5.751259739925331 ], [ -73.295865877108156, 5.750509343829322 ], [ -73.296168440695055, 5.750030294995668 ], [ -73.296407188613557, 5.749423575050059 ], [ -73.296884757458656, 5.748353802085092 ], [ -73.296804656697702, 5.747555690139848 ], [ -73.295928010174578, 5.747380552396294 ], [ -73.295210968743731, 5.747652294793568 ], [ -73.294558028397148, 5.748610415094902 ], [ -73.294192024762197, 5.749696091993826 ], [ -73.293218408996836, 5.750917584432614 ], [ -73.293153315063762, 5.750871337548745 ], [ -73.292859494050276, 5.750658174821297 ], [ -73.292290682923976, 5.750255840493821 ], [ -73.292448047307403, 5.749716796319944 ], [ -73.29246543527438, 5.749657162101471 ], [ -73.292954888064742, 5.74893050232447 ], [ -73.293289328346418, 5.748451438556799 ], [ -73.293987087028029, 5.747866830521218 ], [ -73.294532478994711, 5.747467672218022 ], [ -73.295376575790385, 5.746333857850118 ], [ -73.295918017454255, 5.745503498614539 ], [ -73.296251686264327, 5.743539869953622 ], [ -73.295726243783633, 5.743119281575446 ], [ -73.296213380708195, 5.742415893271243 ], [ -73.296754536049605, 5.741042788026618 ], [ -73.297391610128614, 5.740244304228781 ], [ -73.298220060886763, 5.739701130100514 ], [ -73.299048676409598, 5.739477213685348 ], [ -73.3000367467763, 5.739412844650758 ], [ -73.301024815928372, 5.739348472110919 ], [ -73.30153451875276, 5.738805461050276 ], [ -73.301546988343944, 5.738437647406556 ], [ -73.301684766060077, 5.738437574768341 ], [ -73.302206026498993, 5.738185182936775 ], [ -73.302313682226156, 5.737770934635876 ], [ -73.302187592319569, 5.737320793004528 ], [ -73.302172712075674, 5.736879245228067 ], [ -73.302172593388207, 5.736653739801113 ], [ -73.302172309852608, 5.736114987437702 ], [ -73.302231821761268, 5.735636064080552 ], [ -73.302291333591313, 5.735157140714477 ], [ -73.302470404502742, 5.734738015673884 ], [ -73.302649475165936, 5.734318890585087 ], [ -73.30264922283817, 5.733839998773192 ], [ -73.302589206852929, 5.733361138539237 ], [ -73.302469427359654, 5.732882311665833 ], [ -73.302110688186985, 5.732583193545508 ], [ -73.301692249578593, 5.732403828728991 ], [ -73.301214172274797, 5.732463942789764 ], [ -73.30073612618304, 5.73258391704212 ], [ -73.300258080775791, 5.732703890904645 ], [ -73.2997800342456, 5.732823864378645 ], [ -73.299361595193659, 5.732644498737159 ], [ -73.298943156389782, 5.732465132774735 ], [ -73.298644151672704, 5.732106118762601 ], [ -73.298285384701899, 5.731747136602507 ], [ -73.298105876721252, 5.731328201210033 ], [ -73.297926369013965, 5.73090926302666 ], [ -73.29822499988893, 5.730549938489958 ], [ -73.298643218438428, 5.730310274531632 ], [ -73.299121232040193, 5.730130441493884 ], [ -73.29953945078887, 5.729890776007664 ], [ -73.299957700415348, 5.729710973543376 ], [ -73.300316123025084, 5.729411478210864 ], [ -73.300734278094978, 5.729052089810409 ], [ -73.30121238401432, 5.729051838689315 ], [ -73.301690552739558, 5.729171310153504 ], [ -73.302108988940461, 5.72935067421065 ], [ -73.30234826238916, 5.729769579437573 ], [ -73.302647268026305, 5.730128589677804 ], [ -73.303065706104519, 5.730307952072053 ], [ -73.30348417603949, 5.730547176530081 ], [ -73.303902645408357, 5.73078640066251 ], [ -73.304201652536676, 5.731145410904446 ], [ -73.304679823516381, 5.731264879739797 ], [ -73.30515789931502, 5.731204764665506 ], [ -73.305516319933815, 5.730905265284093 ], [ -73.305874741079833, 5.730605767504812 ], [ -73.306352879970291, 5.730665373488762 ], [ -73.306771351413715, 5.730904594550736 ], [ -73.307249489704532, 5.730964200672929 ], [ -73.307607909924172, 5.730664700951024 ], [ -73.307786975642443, 5.730245574463197 ], [ -73.307846482491641, 5.729766651611044 ], [ -73.307846226035736, 5.729287759051658 ], [ -73.307845969601999, 5.728808867389148 ], [ -73.307845713190147, 5.72832997571868 ], [ -73.308084541177834, 5.727910818858504 ], [ -73.308144047638962, 5.727431894152915 ], [ -73.308203554022498, 5.726952970343689 ], [ -73.308203297396403, 5.726474078658441 ], [ -73.307964021312387, 5.726055178697152 ], [ -73.307664982739368, 5.725636308872993 ], [ -73.307664726621113, 5.725157417141418 ], [ -73.307783996019737, 5.724678460357325 ], [ -73.308202239045841, 5.724498652182206 ], [ -73.308680372961931, 5.72455825649655 ], [ -73.30885988609856, 5.724977189284061 ], [ -73.308979667944243, 5.725456017472538 ], [ -73.309338405817073, 5.725755130508048 ], [ -73.309756842467834, 5.725934489913072 ], [ -73.309996119762445, 5.72635338906008 ], [ -73.309996377875791, 5.726832280666088 ], [ -73.3099368730023, 5.727311204582406 ], [ -73.309757809686403, 5.727730331650946 ], [ -73.309578746123123, 5.72814945867168 ], [ -73.309579003970214, 5.728628350266661 ], [ -73.309997442824624, 5.728807707550914 ], [ -73.31041568800498, 5.728627897661966 ], [ -73.310774104173277, 5.728328395198048 ], [ -73.310893371464772, 5.727849440639375 ], [ -73.311012638576244, 5.727370483343179 ], [ -73.311191700858444, 5.726951355932897 ], [ -73.31166973968152, 5.726831373300342 ], [ -73.312147778284896, 5.72671139027949 ], [ -73.312446396933638, 5.726352058869509 ], [ -73.312745016116878, 5.725992728223957 ], [ -73.31322315154938, 5.726052329559195 ], [ -73.313581891873127, 5.726351438888287 ], [ -73.313641915909784, 5.726830297634365 ], [ -73.313522651105018, 5.727309254455804 ], [ -73.313224031791833, 5.727668587310632 ], [ -73.312805820846734, 5.727908261506343 ], [ -73.312387610444716, 5.728147934508456 ], [ -73.311909538251598, 5.728208056349331 ], [ -73.311431433514372, 5.728208316357495 ], [ -73.311252371069145, 5.728627443836217 ], [ -73.3113123935197, 5.729106302881235 ], [ -73.311432179327994, 5.729585128520796 ], [ -73.311910317690774, 5.729644729883262 ], [ -73.312388391070328, 5.729584607979689 ], [ -73.312866430845531, 5.729464624254888 ], [ -73.313284642860253, 5.729224950872378 ], [ -73.313583262889495, 5.728865618868042 ], [ -73.31382208676547, 5.728446458029566 ], [ -73.314001147245222, 5.728027330755879 ], [ -73.314180207476852, 5.727608202529041 ], [ -73.314478825232527, 5.727248869210371 ], [ -73.314837566948256, 5.727547980379256 ], [ -73.315017085516274, 5.727966910900307 ], [ -73.315136874079144, 5.728445736533672 ], [ -73.315137136568751, 5.728924626963703 ], [ -73.314958076693529, 5.729343755454408 ], [ -73.314779016571265, 5.729762884802312 ], [ -73.314540192919992, 5.730182045107199 ], [ -73.314241572876654, 5.730541376693395 ], [ -73.313883157315672, 5.730840881280017 ], [ -73.313524740472985, 5.731140383850118 ], [ -73.313285915361291, 5.731559544598554 ], [ -73.313345939932901, 5.732038402367664 ], [ -73.313704684222671, 5.732337513159621 ], [ -73.314123126964716, 5.732516868095104 ], [ -73.314422140247302, 5.732875873491935 ], [ -73.314482165956406, 5.733354730155725 ], [ -73.314422664466008, 5.733833654262355 ], [ -73.314243602723593, 5.734252782570763 ], [ -73.313944981413783, 5.734612114981871 ], [ -73.313526765903191, 5.734851790811092 ], [ -73.313228142929404, 5.735211121977898 ], [ -73.313049112553983, 5.735690111378176 ], [ -73.312750488860388, 5.736049442325395 ], [ -73.312332272692629, 5.736289116448631 ], [ -73.311973851743971, 5.736588619125712 ], [ -73.311876640333935, 5.736613018140076 ], [ -73.311873246702248, 5.736594675851848 ], [ -73.311844454526238, 5.736501840521669 ], [ -73.311743712412749, 5.736589895685711 ], [ -73.31154286934418, 5.736790529927191 ], [ -73.311256256927777, 5.736847547290267 ], [ -73.310969682208622, 5.73687586365196 ], [ -73.310769374795655, 5.736674692823726 ], [ -73.310511645905251, 5.736559546095464 ], [ -73.310253879314075, 5.736473099202613 ], [ -73.309967343421022, 5.736472715096568 ], [ -73.309929343718693, 5.736465049599701 ], [ -73.30968088498264, 5.736414930022761 ], [ -73.309423156403454, 5.736299782785238 ], [ -73.30913665933349, 5.736270697392285 ], [ -73.309107824899854, 5.736268033291879 ], [ -73.308936661754785, 5.736467507630607 ], [ -73.308795466392269, 5.73674941394188 ], [ -73.308636691610502, 5.7370136643043 ], [ -73.308372423339677, 5.737189619145909 ], [ -73.308108153095247, 5.737365572064277 ], [ -73.307826328286865, 5.737506240614152 ], [ -73.307562057721952, 5.73768219510481 ], [ -73.307297810981822, 5.737840516645747 ], [ -73.307033564996289, 5.737998839881129 ], [ -73.306751762698525, 5.738121877808567 ], [ -73.306452334785206, 5.738262520763442 ], [ -73.306135470718516, 5.738279725935115 ], [ -73.305818558550357, 5.738332191177562 ], [ -73.305554311900266, 5.738490511950943 ], [ -73.305307596238606, 5.7387017497839 ], [ -73.305113615414143, 5.73896595198886 ], [ -73.305064527023376, 5.739132293614489 ], [ -73.30526445320163, 5.739221618974057 ], [ -73.305464757917832, 5.739422791768732 ], [ -73.305477356953418, 5.739550721662113 ], [ -73.30565833720874, 5.739671925305856 ], [ -73.305904507636342, 5.739866198206357 ], [ -73.306221302333654, 5.73990188709854 ], [ -73.306485574329486, 5.739725934973706 ], [ -73.306551757640591, 5.739501658400002 ], [ -73.306496561027814, 5.73922327960554 ], [ -73.306382293916556, 5.738964823214303 ], [ -73.306554524232979, 5.738735452657238 ], [ -73.306755407752576, 5.738506121894886 ], [ -73.307013445036375, 5.738391666965413 ], [ -73.307185019889914, 5.738650201056259 ], [ -73.30732794244841, 5.738908697084241 ], [ -73.307556940834957, 5.73908120805703 ], [ -73.307757786130992, 5.738880576017323 ], [ -73.307758170728675, 5.738593572774846 ], [ -73.30795901578847, 5.738392939769142 ], [ -73.308245551789696, 5.738393325734535 ], [ -73.308331528435872, 5.738458092960798 ], [ -73.308388347242953, 5.738441436768483 ], [ -73.308687443964743, 5.738547624424655 ], [ -73.308968892336736, 5.73868905088932 ], [ -73.309056501862131, 5.738988893618625 ], [ -73.309073678848279, 5.739306274172975 ], [ -73.309020447116552, 5.739623559732763 ], [ -73.308914432006532, 5.739923143240844 ], [ -73.308790838304162, 5.740205072634978 ], [ -73.308790412775636, 5.740522429210102 ], [ -73.308895624990782, 5.74082229681926 ], [ -73.308898758711962, 5.740827894297297 ], [ -73.309101664995978, 5.741006207886812 ], [ -73.309111517552992, 5.741007207099415 ], [ -73.309247176033523, 5.741193018616684 ], [ -73.309563994589723, 5.741211074585522 ], [ -73.309810686610376, 5.741017465980292 ], [ -73.309916703221973, 5.740717882330841 ], [ -73.309917127218796, 5.740400526696419 ], [ -73.30998793701815, 5.740100894238765 ], [ -73.310041169143801, 5.739783608620144 ], [ -73.310027370161322, 5.739528664245199 ], [ -73.309865783325222, 5.739307337954244 ], [ -73.309654884826841, 5.73906022166608 ], [ -73.309532047191851, 5.738777961242704 ], [ -73.309426834179646, 5.738478094632569 ], [ -73.309268791154238, 5.738195787109646 ], [ -73.309234011768012, 5.737878382582096 ], [ -73.309357627833492, 5.737578822991281 ], [ -73.309674375341899, 5.737649771167639 ], [ -73.309955844678257, 5.737773566141755 ], [ -73.310272615348765, 5.73782688386143 ], [ -73.310536861188098, 5.737668560086149 ], [ -73.310783575283494, 5.737457318307236 ], [ -73.311065400168957, 5.737316648340538 ], [ -73.311382240449348, 5.737317074208079 ], [ -73.3116991284341, 5.737282236052806 ], [ -73.311873128819229, 5.737282468849116 ], [ -73.311871685674078, 5.737290364764192 ], [ -73.3117813619495, 5.737593123925365 ], [ -73.312153664404207, 5.737546303117711 ], [ -73.312571914134537, 5.737366490495162 ], [ -73.312990131856679, 5.737126816167972 ], [ -73.313348552561877, 5.736827313775507 ], [ -73.313647176242341, 5.736467982524175 ], [ -73.313886002927347, 5.736048820694464 ], [ -73.314184625877772, 5.735689489193589 ], [ -73.31448324755371, 5.73533015574327 ], [ -73.314901495789229, 5.735150342437009 ], [ -73.315379540395611, 5.735030355507263 ], [ -73.315737958523755, 5.734730851736515 ], [ -73.315857222658792, 5.734251894594138 ], [ -73.315677701277821, 5.733832963664725 ], [ -73.315856761835562, 5.733413835871602 ], [ -73.316155381313536, 5.733054503453047 ], [ -73.316513797833181, 5.732754997456311 ], [ -73.316812417464519, 5.73239566382324 ], [ -73.317051240237276, 5.731976501738643 ], [ -73.317230299265248, 5.731557373576095 ], [ -73.317281609803544, 5.731351310947384 ], [ -73.317282988283878, 5.73136110743419 ] ], [ [ -73.309341852205876, 5.73216030198904 ], [ -73.308803981448477, 5.732160592259106 ], [ -73.308505356695662, 5.732519921985613 ], [ -73.308445850237831, 5.732998845751126 ], [ -73.308446139502109, 5.7335375987617 ], [ -73.308446250464272, 5.733744251336361 ], [ -73.308478690641209, 5.73441809747419 ], [ -73.308712813618854, 5.735156311762125 ], [ -73.309647990165729, 5.735660039781408 ], [ -73.310169408714955, 5.73571378353347 ], [ -73.310726630406577, 5.735479373144926 ], [ -73.311236083284257, 5.735069085379223 ], [ -73.31149479834329, 5.734852900105068 ], [ -73.311793422275628, 5.734493567979086 ], [ -73.311793162316917, 5.734014677488062 ], [ -73.311733138734212, 5.733535818624773 ], [ -73.311434125787173, 5.733176813569571 ], [ -73.311015650879369, 5.73293759522204 ], [ -73.310537478358071, 5.732818131828196 ], [ -73.310119036368633, 5.73263877422545 ], [ -73.309760293626653, 5.732339660194327 ], [ -73.309341852205876, 5.73216030198904 ] ] ], [ [ [ -73.319084090114259, 5.734160101335922 ], [ -73.319206891957947, 5.734178244878629 ], [ -73.319288722492928, 5.734208185152052 ], [ -73.319316529848692, 5.734256894248651 ], [ -73.319317897601451, 5.734289102947697 ], [ -73.319288859548067, 5.734355590582044 ], [ -73.319218891469319, 5.734433926268342 ], [ -73.319209148274069, 5.734424177991627 ], [ -73.319052531922935, 5.734150005555054 ], [ -73.319084090114259, 5.734160101335922 ] ] ] ] } },
{ "type": "Feature", "properties": { "fid": 80230, "Shape_Area": 0.00028871917324099999, "area_ha": 353.11703125229798, "tipo": "hidrica", "clas": "laminar y surcos", "gra": "moderada" }, "geometry": { "type": "MultiPolygon", "coordinates": [ [ [ [ -73.271752750268334, 5.708791441101703 ], [ -73.271785531770689, 5.708790994831556 ], [ -73.271786041230257, 5.708790781012268 ], [ -73.271819228373417, 5.708776869149084 ], [ -73.271850195793817, 5.708753621514743 ], [ -73.271876155763636, 5.70872763683086 ], [ -73.271898927966447, 5.70870484375553 ], [ -73.271915776932545, 5.708693448254353 ], [ -73.271940363430929, 5.708693911749296 ], [ -73.271964945838675, 5.708704864120537 ], [ -73.27198497244558, 5.708726302091014 ], [ -73.272004996082629, 5.708758685054232 ], [ -73.272016825283345, 5.708787417529066 ], [ -73.272035480199818, 5.708827552408276 ], [ -73.272050952261651, 5.70885446140676 ], [ -73.27206915622142, 5.708880915710386 ], [ -73.272086906035881, 5.708904177410974 ], [ -73.272108296817137, 5.708929264569929 ], [ -73.272125018785943, 5.708945514865553 ], [ -73.272138337608851, 5.708958458114883 ], [ -73.27216519554328, 5.708974426684018 ], [ -73.272196361919143, 5.708980317919213 ], [ -73.272208495060411, 5.708986830843976 ], [ -73.272211513387518, 5.708978776782588 ], [ -73.272230758265323, 5.708976726911207 ], [ -73.27223186844104, 5.70897631099357 ], [ -73.272252614899543, 5.708968525466514 ], [ -73.272257378307529, 5.708963381037866 ], [ -73.272269922098999, 5.708949834585178 ], [ -73.272279492614629, 5.708921108273571 ], [ -73.272287243957749, 5.708883718415156 ], [ -73.27228862028862, 5.70884997417439 ], [ -73.272286352127452, 5.708820332185088 ], [ -73.27228408972924, 5.70877609898215 ], [ -73.272285008300585, 5.708748738782476 ], [ -73.272290028434327, 5.708711347502184 ], [ -73.272307338848961, 5.708680344181322 ], [ -73.272327378148404, 5.708661653814748 ], [ -73.272350603789235, 5.708642507631678 ], [ -73.272377470523608, 5.70862929195571 ], [ -73.272404336010709, 5.708621091753317 ], [ -73.272431653969576, 5.70862018829822 ], [ -73.272460334331853, 5.708630685304811 ], [ -73.272481728684724, 5.708648020273561 ], [ -73.272504941094383, 5.70867356357617 ], [ -73.27252906300734, 5.708702300168826 ], [ -73.272546809872324, 5.708736505942811 ], [ -73.272563643930241, 5.70877390406091 ], [ -73.272573650979709, 5.708806739722275 ], [ -73.272584568087666, 5.708838207506762 ], [ -73.272594575911356, 5.708866939926612 ], [ -73.272605037113863, 5.708902967283973 ], [ -73.272616864672571, 5.70893580389111 ], [ -73.272635524443032, 5.708963170192737 ], [ -73.272660558106622, 5.708986434755679 ], [ -73.272685055683212, 5.70900518274906 ], [ -73.272685594349397, 5.709005594265658 ], [ -73.272711086285696, 5.709019738989333 ], [ -73.272739766374585, 5.709033427892866 ], [ -73.272771179819188, 5.709042101834281 ], [ -73.272803047969433, 5.70904940720804 ], [ -73.272832186841953, 5.709051240474375 ], [ -73.272865880732155, 5.709046690468577 ], [ -73.272896390328157, 5.709031651287614 ], [ -73.272904726614584, 5.709023828187425 ], [ -73.272925537980427, 5.709004299410184 ], [ -73.272940569854981, 5.708981047517459 ], [ -73.272951505489729, 5.708952322358268 ], [ -73.272957888508088, 5.708923595740044 ], [ -73.272961538942539, 5.708895779937385 ], [ -73.272963369816836, 5.708866139626598 ], [ -73.272961101580719, 5.708838322108508 ], [ -73.272953372724345, 5.708800926921379 ], [ -73.272948830859562, 5.708764445169723 ], [ -73.272949298161265, 5.708724772748203 ], [ -73.272952494956485, 5.708691028548393 ], [ -73.272964342920758, 5.708660023277289 ], [ -73.272981651071802, 5.708637684346632 ], [ -73.273011707475803, 5.708615804529846 ], [ -73.273043583612477, 5.708598029802989 ], [ -73.273080468142936, 5.708581168549467 ], [ -73.273106878776844, 5.708570232735521 ], [ -73.273142394378453, 5.708560667280792 ], [ -73.273179733231899, 5.708549278300919 ], [ -73.273207053110482, 5.708542902312712 ], [ -73.27324211357309, 5.708533793184937 ], [ -73.273358678270057, 5.708507379851363 ], [ -73.2735840751089, 5.708428558141613 ], [ -73.273612762482628, 5.708417623031992 ], [ -73.273651922760365, 5.708404410498839 ], [ -73.273686072757783, 5.708393932522852 ], [ -73.273717491256193, 5.708386645946913 ], [ -73.273745277379916, 5.708388028220623 ], [ -73.273754369262903, 5.708388480914286 ], [ -73.273781230836647, 5.708393049203266 ], [ -73.273817197123918, 5.708400356190973 ], [ -73.273843602151757, 5.708408116606228 ], [ -73.273869096439356, 5.708417700110747 ], [ -73.273897776089754, 5.708430477628744 ], [ -73.273948757895937, 5.708471533710845 ], [ -73.274066651600592, 5.708565051140202 ], [ -73.27410762387359, 5.708581479866717 ], [ -73.27413903589968, 5.708592889529468 ], [ -73.274180923257262, 5.708593814372295 ], [ -73.274209153321081, 5.708590174602976 ], [ -73.274229652667813, 5.708581506755687 ], [ -73.2742414840084, 5.708576504644836 ], [ -73.274271539165298, 5.708557816676876 ], [ -73.274300229928883, 5.708535025213195 ], [ -73.274330283889213, 5.708519530059608 ], [ -73.274356236937749, 5.708517257909556 ], [ -73.274384462660478, 5.708527298919033 ], [ -73.274409044596112, 5.708540986074262 ], [ -73.274434991359925, 5.70855969076535 ], [ -73.274437184209162, 5.708561089294224 ], [ -73.274205739245019, 5.708947896591212 ], [ -73.273907104193654, 5.709307209088308 ], [ -73.273548734883434, 5.709726410656515 ], [ -73.273369677697474, 5.710205389381997 ], [ -73.273071040587581, 5.710564701485453 ], [ -73.272652597116064, 5.710325453316614 ], [ -73.27277189354578, 5.70984650314341 ], [ -73.27259241135215, 5.709427556374749 ], [ -73.27223398538041, 5.709727034700848 ], [ -73.271815740295949, 5.709906817698538 ], [ -73.271636258761873, 5.709487870600412 ], [ -73.271636033278241, 5.709008977972587 ], [ -73.271728408029247, 5.708777336204402 ], [ -73.271752750268334, 5.708791441101703 ] ] ], [ [ [ -73.27459259667036, 5.708319420330873 ], [ -73.274568474676116, 5.708290684733545 ], [ -73.274551636931633, 5.708262862415785 ], [ -73.274537987117782, 5.7082341299622 ], [ -73.274524337123779, 5.708203116924935 ], [ -73.274512964392926, 5.708169368815165 ], [ -73.274497949287863, 5.708136531962013 ], [ -73.2744820253603, 5.70810004570372 ], [ -73.274467465862983, 5.708065841187026 ], [ -73.274455183339612, 5.708032092604888 ], [ -73.274445174249408, 5.708006553037619 ], [ -73.274433801997134, 5.707971892692083 ], [ -73.274421974395025, 5.707937231658502 ], [ -73.274411969608124, 5.707899835769727 ], [ -73.27440196438927, 5.707861528552507 ], [ -73.274396053499544, 5.707834166181891 ], [ -73.274387413106723, 5.707800874691562 ], [ -73.274380137105211, 5.707771687600222 ], [ -73.27437559299328, 5.707742045803748 ], [ -73.274371541448289, 5.707710867998349 ], [ -73.274371504268629, 5.707710579323189 ], [ -73.274368783007077, 5.707676378205102 ], [ -73.274367455197336, 5.707547782893276 ], [ -73.274370864435042, 5.707426682476878 ], [ -73.274503776822485, 5.707331489579644 ], [ -73.274643726133689, 5.707015668129613 ], [ -73.27464443620552, 5.70701706934927 ], [ -73.274657631293906, 5.70704717036984 ], [ -73.274670370129613, 5.707077270702889 ], [ -73.274679922417391, 5.707107369842295 ], [ -73.274690385154955, 5.707138837801714 ], [ -73.274699026275144, 5.707169849609158 ], [ -73.274708579540132, 5.707196300718956 ], [ -73.274720406167972, 5.707234609776333 ], [ -73.274728136337814, 5.707266988558216 ], [ -73.27473768888467, 5.707295720251026 ], [ -73.274752250757658, 5.707323540937352 ], [ -73.274768634826202, 5.707345434855944 ], [ -73.274791848720028, 5.707366417802644 ], [ -73.274820982964371, 5.707381474737761 ], [ -73.274850574906552, 5.707391972095882 ], [ -73.274883353652342, 5.707401102294378 ], [ -73.27491203565053, 5.7074074950341 ], [ -73.274945270000472, 5.707415257566198 ], [ -73.274977138767795, 5.707422106705885 ], [ -73.275019024380697, 5.707427135637487 ], [ -73.275048164361408, 5.707425775978032 ], [ -73.275075029029466, 5.707419856238695 ], [ -73.275098253554816, 5.707404358884338 ], [ -73.275121480958646, 5.707379741004528 ], [ -73.275137426066095, 5.707346912887584 ], [ -73.275147909777459, 5.707308611267983 ], [ -73.275153383661106, 5.707273956453141 ], [ -73.275157490019168, 5.707245685210705 ], [ -73.275160232016333, 5.707211485104345 ], [ -73.275163884965266, 5.707175917117144 ], [ -73.275168907347123, 5.707128493966554 ], [ -73.275178477724268, 5.707097944051584 ], [ -73.275195785742014, 5.707075604154456 ], [ -73.2752217449802, 5.707052356029077 ], [ -73.275245425523082, 5.707036402334635 ], [ -73.275272748683065, 5.707018169932711 ], [ -73.27529733873628, 5.707005409522579 ], [ -73.275376567873437, 5.706980808267454 ], [ -73.27549906156986, 5.706920195600676 ], [ -73.275523651428301, 5.706905154598113 ], [ -73.275545514365703, 5.706878256772867 ], [ -73.275561458717448, 5.706847708324061 ], [ -73.275571029570258, 5.706814422608346 ], [ -73.275576959743574, 5.706776119543495 ], [ -73.275577425868022, 5.706741918716186 ], [ -73.275569694005185, 5.706713644092774 ], [ -73.275552853390039, 5.706694942327391 ], [ -73.275524173544767, 5.706683533238858 ], [ -73.275488660325536, 5.706682610864648 ], [ -73.275459973577796, 5.706690810267438 ], [ -73.275423545278471, 5.706707216235503 ], [ -73.275391667449824, 5.706728639116065 ], [ -73.27536661915066, 5.706752343833931 ], [ -73.275342026919191, 5.706773769559154 ], [ -73.275317433531228, 5.706796562728948 ], [ -73.275291933255616, 5.70680841134186 ], [ -73.27525960603991, 5.706812049500719 ], [ -73.275230922846887, 5.706810673155835 ], [ -73.275211802542444, 5.706804739212608 ], [ -73.275189501333301, 5.706774635322118 ], [ -73.27518131529331, 5.706744992559888 ], [ -73.275180868615422, 5.706715807641785 ], [ -73.275181787519116, 5.706687535208716 ], [ -73.275185895095191, 5.706654247586832 ], [ -73.27519227988931, 5.706620048452145 ], [ -73.27519729841552, 5.706585392949327 ], [ -73.275202773011387, 5.706548458454932 ], [ -73.27521188950189, 5.706511524028098 ], [ -73.275222829733849, 5.706470030276873 ], [ -73.275229212147892, 5.706442215871285 ], [ -73.27523878564179, 5.706401177080367 ], [ -73.275246733126977, 5.706373347434203 ], [ -73.275758302781526, 5.706373102448879 ], [ -73.276236418679844, 5.706432734749569 ], [ -73.276240939130403, 5.706431826876528 ], [ -73.276264102469398, 5.706448909070744 ], [ -73.276346034849126, 5.706522806765786 ], [ -73.276365150117485, 5.706546525602134 ], [ -73.276388816770762, 5.70657526134383 ], [ -73.27640929756538, 5.706603539783651 ], [ -73.276428409760513, 5.706635922119898 ], [ -73.276444789798489, 5.70667195198638 ], [ -73.27645570843849, 5.706702508362578 ], [ -73.276466171510947, 5.706732607935837 ], [ -73.276472079625094, 5.706769090805786 ], [ -73.276472524502012, 5.706801923748526 ], [ -73.276468872071931, 5.706838403068502 ], [ -73.276462942702295, 5.706872601994709 ], [ -73.276455191683198, 5.706908168336229 ], [ -73.276448806465694, 5.706945103276063 ], [ -73.276443331699966, 5.706983407033115 ], [ -73.276443319984779, 5.707023080134386 ], [ -73.276452871648061, 5.707055459823417 ], [ -73.276470166689435, 5.707077809369799 ], [ -73.276492470426149, 5.707096055983407 ], [ -73.27652433822783, 5.707106553970748 ], [ -73.276539128664012, 5.70710589526489 ], [ -73.276554844236472, 5.707105195389166 ], [ -73.276587172418516, 5.70709790822383 ], [ -73.276607596319678, 5.707090362523488 ], [ -73.276667674705848, 5.707056779193716 ], [ -73.276717868814686, 5.707011305381707 ], [ -73.276744285723879, 5.706979848681565 ], [ -73.276765237714201, 5.706950669762891 ], [ -73.276783002660196, 5.70692422636173 ], [ -73.27680213253312, 5.706897327996628 ], [ -73.276819897694182, 5.706871339805947 ], [ -73.276838116863431, 5.706844440973043 ], [ -73.276858614863698, 5.706814350036581 ], [ -73.276883663814331, 5.706788365578263 ], [ -73.276902792689384, 5.706766938799859 ], [ -73.276926019741026, 5.706743688296516 ], [ -73.276947880494433, 5.706721806799922 ], [ -73.276970196129852, 5.706700836411748 ], [ -73.276995244329768, 5.706678956093723 ], [ -73.277022568126441, 5.706658443028608 ], [ -73.277050346311995, 5.706641578676221 ], [ -73.277080401711444, 5.706623803707462 ], [ -73.277112274043546, 5.706617428966868 ], [ -73.277142323495539, 5.706619261581541 ], [ -73.277204240514621, 5.70663113693364 ], [ -73.277340379292482, 5.70661612806505 ], [ -73.277364968567596, 5.706605647247683 ], [ -73.277383186718453, 5.706584219988448 ], [ -73.277395487180584, 5.706559143029658 ], [ -73.277400504862342, 5.706526768097276 ], [ -73.277395052262435, 5.706490742041184 ], [ -73.277386864035066, 5.70646429032248 ], [ -73.277376399717696, 5.706439207145858 ], [ -73.277362292575845, 5.706415945666765 ], [ -73.277336349626793, 5.706384473459844 ], [ -73.277318599663545, 5.70636303548708 ], [ -73.277295843236246, 5.706333388018284 ], [ -73.277274907498253, 5.706306021158866 ], [ -73.277258070867276, 5.706275007915189 ], [ -73.277242600779417, 5.706241258217728 ], [ -73.277231228867493, 5.70620568660339 ], [ -73.277222587438615, 5.706172395160933 ], [ -73.277219867443748, 5.706133632895621 ], [ -73.277220788602818, 5.706098976640052 ], [ -73.277223530475069, 5.706064776528678 ], [ -73.277232645623911, 5.706032858454037 ], [ -73.277244493142035, 5.705997748961281 ], [ -73.277257252261137, 5.705962639933987 ], [ -73.277271832310674, 5.705928443167025 ], [ -73.277283680290267, 5.705892422345133 ], [ -73.277295983836709, 5.705856857420033 ], [ -73.277306943370121, 5.70582784709119 ], [ -73.27761054699198, 5.705653872299479 ], [ -73.277961072109917, 5.705692713801588 ], [ -73.277963040812125, 5.705703378089443 ], [ -73.277968951622881, 5.705730284301823 ], [ -73.27797349592251, 5.70575810250248 ], [ -73.277978495302264, 5.70578911329923 ], [ -73.2779866634245, 5.705882597865694 ], [ -73.277979300529168, 5.706149817860594 ], [ -73.27797746585621, 5.706195418639264 ], [ -73.277972902849768, 5.706230073938507 ], [ -73.277966064048513, 5.706261080499785 ], [ -73.277955579344066, 5.706304398540012 ], [ -73.277945551406077, 5.706343157003653 ], [ -73.277933702996336, 5.706380090070437 ], [ -73.277922309740561, 5.706414743239232 ], [ -73.277910006907433, 5.706449852963834 ], [ -73.277894061299861, 5.706483137266696 ], [ -73.277882214767033, 5.706514597837788 ], [ -73.277868548742333, 5.706538762327452 ], [ -73.277848506374781, 5.706569309193682 ], [ -73.277828462586356, 5.706604416320678 ], [ -73.277808874829219, 5.706639067110244 ], [ -73.277795207869858, 5.706665056065068 ], [ -73.277776071175637, 5.706715211884212 ], [ -73.277771506296205, 5.706753515210471 ], [ -73.27777650403732, 5.706788629247929 ], [ -73.277780273018493, 5.706795505376124 ], [ -73.277794251167023, 5.706821011288805 ], [ -73.277824293510733, 5.70684746873525 ], [ -73.277848420097939, 5.706861156868704 ], [ -73.277881197898353, 5.70687393492365 ], [ -73.277922173005265, 5.706879418391059 ], [ -73.277950402464299, 5.706878515142684 ], [ -73.277952896773215, 5.706878145605182 ], [ -73.277987283184942, 5.706873053786411 ], [ -73.278021887618451, 5.706866679484932 ], [ -73.278058314868844, 5.706855746754662 ], [ -73.27809109956118, 5.706843443813527 ], [ -73.278122519813863, 5.706828860947506 ], [ -73.278156215203282, 5.706816558467452 ], [ -73.278183990723932, 5.706811094261769 ], [ -73.278214495805358, 5.706809735593539 ], [ -73.278244545756166, 5.706808832355395 ], [ -73.278278238066989, 5.706807017835508 ], [ -73.278312842225176, 5.706803836332814 ], [ -73.278329571960185, 5.706800383834227 ], [ -73.278341527320038, 5.706797916467983 ], [ -73.278379778811058, 5.706776038752991 ], [ -73.278410289986226, 5.706757351262799 ], [ -73.27844171049253, 5.70673957646899 ], [ -73.278469488393782, 5.706724080399697 ], [ -73.27849407860073, 5.706709951507081 ], [ -73.278529140707377, 5.706697193132612 ], [ -73.278565110952826, 5.706690363831309 ], [ -73.278642512814145, 5.706685825812396 ], [ -73.278800960742615, 5.706672192241879 ], [ -73.278843762641429, 5.706660804781903 ], [ -73.278871083303898, 5.706650780503874 ], [ -73.278893852560216, 5.706635738434478 ], [ -73.278902173196798, 5.706627558692553 ], [ -73.27891935629458, 5.706610665904725 ], [ -73.278939852059793, 5.706587414838487 ], [ -73.278958071779542, 5.706561883387693 ], [ -73.278975836191847, 5.706532704129956 ], [ -73.278990870310579, 5.70650352348092 ], [ -73.279005902115301, 5.706478903997929 ], [ -73.279018204881154, 5.706443794253146 ], [ -73.279024586867592, 5.706417347259047 ], [ -73.279034163832776, 5.706365365239558 ], [ -73.27903690348343, 5.706338005063964 ], [ -73.279040555000506, 5.706307453440354 ], [ -73.279042842141891, 5.706269149402512 ], [ -73.27904285084027, 5.706240420391945 ], [ -73.279047412130851, 5.706211693698037 ], [ -73.2790547085783, 5.706172478617157 ], [ -73.279062001259661, 5.706146032085845 ], [ -73.279072481187484, 5.706117306140658 ], [ -73.279082960651891, 5.706089492428601 ], [ -73.279096628244133, 5.706061223768158 ], [ -73.279112572119573, 5.706033868046113 ], [ -73.279128059256863, 5.706009248339466 ], [ -73.279133687290468, 5.706000555864922 ], [ -73.279144001741997, 5.705984628411486 ], [ -73.2791617649399, 5.705960464621171 ], [ -73.279184993736266, 5.705931742442727 ], [ -73.279210044411272, 5.705900285395047 ], [ -73.279228718060892, 5.70587749041557 ], [ -73.279246936580222, 5.705855150867973 ], [ -73.279268342080528, 5.705833724720897 ], [ -73.279287016408517, 5.705810473622836 ], [ -73.279311154283775, 5.70578403158107 ], [ -73.279331195118331, 5.705759869395211 ], [ -73.279352144359137, 5.705738442561783 ], [ -73.279372184265981, 5.705716103936176 ], [ -73.279404064233532, 5.705686472555612 ], [ -73.279430478623269, 5.705659576002128 ], [ -73.279456894155075, 5.705631311097387 ], [ -73.279472404882611, 5.705614776808869 ], [ -73.279522866914647, 5.705593084720419 ], [ -73.279941077238789, 5.705353434700953 ], [ -73.280144814824908, 5.705119970157582 ], [ -73.280158203702726, 5.705113485947745 ], [ -73.280194175448187, 5.705102552405679 ], [ -73.280228779967061, 5.705096634093842 ], [ -73.280263838691297, 5.705092084813201 ], [ -73.280302084836464, 5.705089359348701 ], [ -73.280337143302418, 5.705088001974262 ], [ -73.280372657355457, 5.705085276026209 ], [ -73.280401797431779, 5.705082548657231 ], [ -73.280428206132996, 5.705075715759525 ], [ -73.280462811363861, 5.705065693290006 ], [ -73.280489677475416, 5.705055669161148 ], [ -73.280569823080185, 5.705010546953889 ], [ -73.280632672144932, 5.704947635579026 ], [ -73.280651347820111, 5.704916177057573 ], [ -73.280670936251525, 5.704881525274943 ], [ -73.280685515150452, 5.70484915289782 ], [ -73.280698271035703, 5.704820883743084 ], [ -73.28070556430842, 5.704793981077412 ], [ -73.280716502051916, 5.704755679151514 ], [ -73.280726070939707, 5.704728321973969 ], [ -73.280745656805848, 5.704701422360653 ], [ -73.280756125414186, 5.704690515707014 ], [ -73.280767972919961, 5.704678172156477 ], [ -73.280795295530581, 5.704663132320256 ], [ -73.280830810965938, 5.704654021618781 ], [ -73.280866780574854, 5.704649927974817 ], [ -73.28089956203236, 5.704649938218305 ], [ -73.280931432555136, 5.704651315444095 ], [ -73.280966946354852, 5.704648133344425 ], [ -73.280993356407478, 5.704638564627443 ], [ -73.281017492253966, 5.70462306750568 ], [ -73.28103343439858, 5.704597991413646 ], [ -73.281041184870631, 5.704563792467461 ], [ -73.281040737666316, 5.704535975915618 ], [ -73.281035737678081, 5.704505877384842 ], [ -73.281027550698283, 5.704476690833361 ], [ -73.28101754207357, 5.704450695271638 ], [ -73.281002525081178, 5.704423786302414 ], [ -73.280977949490847, 5.704385929774333 ], [ -73.280963842500469, 5.704361300941956 ], [ -73.280952466695894, 5.704336673490749 ], [ -73.280943825056411, 5.704307030138058 ], [ -73.280940191817194, 5.70427465216619 ], [ -73.280937924622023, 5.70424227443236 ], [ -73.28094021184134, 5.704206250068167 ], [ -73.28094477467468, 5.7041697711915 ], [ -73.280948883062536, 5.70413329072665 ], [ -73.280955266794223, 5.704101372125815 ], [ -73.280959372391507, 5.704074013087015 ], [ -73.280961849169401, 5.70406314029932 ], [ -73.281016103161562, 5.703976093196843 ], [ -73.281493896414872, 5.703377243020611 ], [ -73.281848669334067, 5.702970702379736 ], [ -73.281903509236898, 5.70300539359731 ], [ -73.282026858585098, 5.703129464725869 ], [ -73.282053255807384, 5.703165952873015 ], [ -73.282076469318326, 5.703187847757272 ], [ -73.282101961881423, 5.703201535952196 ], [ -73.282129277900324, 5.703210207781075 ], [ -73.282157961149153, 5.703210216345673 ], [ -73.28219074530459, 5.703199281533335 ], [ -73.282214880365274, 5.703186064042764 ], [ -73.282237197054286, 5.703160533203591 ], [ -73.28226179349376, 5.703122691531376 ], [ -73.282277282263195, 5.703092599254571 ], [ -73.282290494284837, 5.703064330749829 ], [ -73.282304617468355, 5.703033326004217 ], [ -73.282321926012855, 5.703007337881902 ], [ -73.282343328770111, 5.7029918393343 ], [ -73.282370193142668, 5.702985919267157 ], [ -73.282400699373952, 5.702981823687847 ], [ -73.282428928167135, 5.702981831557469 ], [ -73.282461252806073, 5.702984576829488 ], [ -73.282493122087487, 5.70298914678893 ], [ -73.282521804610241, 5.702995083040099 ], [ -73.282549575536279, 5.703001018832314 ], [ -73.28257871249248, 5.703008779323293 ], [ -73.282608759462917, 5.703016996387409 ], [ -73.282642904321833, 5.703026582501994 ], [ -73.282671585008302, 5.703037990333724 ], [ -73.282703907100441, 5.703052136694104 ], [ -73.282731221759434, 5.703061720727908 ], [ -73.282776291749286, 5.703077693432863 ], [ -73.282804972908394, 5.703086366368816 ], [ -73.282836386626684, 5.703090479511235 ], [ -73.282868711718891, 5.703094136087616 ], [ -73.282900582388578, 5.703094145764029 ], [ -73.282932454651331, 5.703091874855766 ], [ -73.282960683458214, 5.703090058233324 ], [ -73.282990734585411, 5.703082770936422 ], [ -73.28302306381552, 5.703072747629278 ], [ -73.283057668642513, 5.703064093360558 ], [ -73.283084533018638, 5.703056348794601 ], [ -73.283114585055259, 5.703047237930258 ], [ -73.283148279855695, 5.703039950643112 ], [ -73.283204282124743, 5.703034494944353 ], [ -73.283404617876243, 5.703016767079565 ], [ -73.283432847597368, 5.703011303312476 ], [ -73.283459716084266, 5.702991702415665 ], [ -73.283479756422608, 5.702967083075046 ], [ -73.283495699558401, 5.702938815010484 ], [ -73.283508457088544, 5.7029068977733 ], [ -73.283521212794284, 5.702878628563051 ], [ -73.283536244768868, 5.702853096739761 ], [ -73.283556739070789, 5.702833037432229 ], [ -73.283586791550505, 5.702821189845414 ], [ -73.283620485643553, 5.702816183113893 ], [ -73.283650534685023, 5.702815735720717 ], [ -73.283681038834132, 5.702818480916498 ], [ -73.283705088870462, 5.702821723417825 ], [ -73.283711542751689, 5.702822593554983 ], [ -73.283737947175894, 5.702831264851637 ], [ -73.28376480876932, 5.702836288800462 ], [ -73.283800318769664, 5.702845875078021 ], [ -73.283834919212552, 5.70285409345265 ], [ -73.283864965958088, 5.702863677895059 ], [ -73.283899111517982, 5.702869159791685 ], [ -73.283926427095679, 5.702876920207239 ], [ -73.283984506513008, 5.702890058296977 ], [ -73.283986977766133, 5.70289061726833 ], [ -73.284301577501438, 5.702926275250595 ], [ -73.284338002544828, 5.702920813726831 ], [ -73.284381714503041, 5.702910793771919 ], [ -73.284408580903914, 5.702896209208727 ], [ -73.28442312444588, 5.702886130357685 ], [ -73.284432260784953, 5.702879799038439 ], [ -73.284455486910687, 5.702859284949119 ], [ -73.284475527435774, 5.70283147457133 ], [ -73.284491925864486, 5.702803206256619 ], [ -73.284509691239961, 5.702773114610356 ], [ -73.28452654614982, 5.702741654159544 ], [ -73.284540668065603, 5.702713841275243 ], [ -73.284554788612922, 5.702690588650031 ], [ -73.284573008869614, 5.702663233475397 ], [ -73.284592593122852, 5.702639070440498 ], [ -73.284610811789122, 5.702613994942444 ], [ -73.284631764582429, 5.702582079966376 ], [ -73.284647706733196, 5.702559283459774 ], [ -73.284665014702199, 5.702534208410496 ], [ -73.284680956630254, 5.702509132226332 ], [ -73.284696898777128, 5.702486335718523 ], [ -73.284719217604746, 5.702452597408509 ], [ -73.284739260147518, 5.702419769741411 ], [ -73.284757025957163, 5.702386942294895 ], [ -73.28477069204952, 5.702361865424287 ], [ -73.284788911840209, 5.702331773545545 ], [ -73.284791083594854, 5.702327755208153 ], [ -73.284803944426528, 5.702303961109987 ], [ -73.284810941765016, 5.702292978275556 ], [ -73.284823986730885, 5.702272501789484 ], [ -73.284844484837365, 5.702238307354603 ], [ -73.284864983852358, 5.702200463987697 ], [ -73.284885024788849, 5.702171740459177 ], [ -73.284903243428232, 5.70214666495283 ], [ -73.284924194371214, 5.70212022245955 ], [ -73.284944233255814, 5.702098339770697 ], [ -73.284964727938174, 5.702075544622856 ], [ -73.285032586137717, 5.702009442031252 ], [ -73.285181047872797, 5.701883168170224 ], [ -73.285185826826023, 5.701879270435431 ], [ -73.285225268983041, 5.701851020267254 ], [ -73.285229319105014, 5.701848525568289 ], [ -73.285254363822744, 5.701835307505209 ], [ -73.285282596416366, 5.701819355688222 ], [ -73.285315380879098, 5.701807508471337 ], [ -73.285345887700785, 5.701801133062796 ], [ -73.285377759200131, 5.701797493674347 ], [ -73.285409174217506, 5.701798869980334 ], [ -73.285440588552945, 5.701804351332107 ], [ -73.285467904096649, 5.701812111676301 ], [ -73.285497038985397, 5.701824887491791 ], [ -73.28552298622408, 5.701842679451476 ], [ -73.285545744002064, 5.701869134677447 ], [ -73.285562582965653, 5.701893307731567 ], [ -73.285578055439132, 5.701920217256008 ], [ -73.285589429345023, 5.701951685451598 ], [ -73.285598526296624, 5.701982695945123 ], [ -73.285602614668548, 5.702015986789901 ], [ -73.285605336321154, 5.702053379739716 ], [ -73.285607147284367, 5.702088949580903 ], [ -73.285608109991657, 5.702111924153928 ], [ -73.285608504033803, 5.70212132683299 ], [ -73.285609404757849, 5.702155983987963 ], [ -73.285611218213134, 5.702183801659979 ], [ -73.285610754256595, 5.702215721888895 ], [ -73.285612110554482, 5.702249011373707 ], [ -73.285618930328269, 5.702282757884107 ], [ -73.285628486936517, 5.70230054529962 ], [ -73.285648516284937, 5.702314231521362 ], [ -73.285674012507954, 5.702315150107025 ], [ -73.285703609566312, 5.702303302638978 ], [ -73.285728655196252, 5.70228826099422 ], [ -73.285748694732305, 5.702265922162058 ], [ -73.285769645864306, 5.702239934851067 ], [ -73.285792872821929, 5.702213949124561 ], [ -73.285816100002734, 5.70218841860841 ], [ -73.285839782754138, 5.702161520421217 ], [ -73.285868019416725, 5.702131887798805 ], [ -73.28589762234057, 5.702100887052618 ], [ -73.285926770141202, 5.702070342647422 ], [ -73.285939852104406, 5.702055343135647 ], [ -73.285951819824675, 5.702041621121774 ], [ -73.285972315367971, 5.702015177914029 ], [ -73.285993265125526, 5.701991927294273 ], [ -73.286019679709966, 5.701966397902149 ], [ -73.286040173439574, 5.701947250744345 ], [ -73.286063399921659, 5.701922177240719 ], [ -73.286095830285518, 5.701899529067942 ], [ -73.286122144505853, 5.701881152783689 ], [ -73.28624645616064, 5.701825553397173 ], [ -73.286288346838816, 5.701812341394169 ], [ -73.28632340890907, 5.701798670333044 ], [ -73.286346633794068, 5.701781348081973 ], [ -73.286363941439049, 5.701755816869585 ], [ -73.286375788093736, 5.701725722685028 ], [ -73.286383993335022, 5.70168924468319 ], [ -73.286387643089711, 5.701661428822339 ], [ -73.286388562125254, 5.701632700277184 ], [ -73.286388115124097, 5.701603971506516 ], [ -73.286385549836055, 5.701570450043177 ], [ -73.286385392521225, 5.701568401217978 ], [ -73.286383126169056, 5.70153465607269 ], [ -73.286377670141832, 5.701505470057125 ], [ -73.28637357992605, 5.701477651711056 ], [ -73.286373588045777, 5.701448467502478 ], [ -73.286374962201378, 5.701419282614423 ], [ -73.28637649654803, 5.701412529700733 ], [ -73.286381800050393, 5.70138918820607 ], [ -73.286389548589753, 5.701360916904936 ], [ -73.286407770745058, 5.70132124925073 ], [ -73.286424168587786, 5.701297541144829 ], [ -73.286443297145695, 5.701272922162335 ], [ -73.286459238962749, 5.701249669493733 ], [ -73.286478368872181, 5.701224138276872 ], [ -73.286499319708867, 5.701197695730721 ], [ -73.286519360530292, 5.701170796615404 ], [ -73.286536667925191, 5.701146632842682 ], [ -73.286537975221307, 5.701144782387048 ], [ -73.28655534293388, 5.701120189617251 ], [ -73.286572650100609, 5.701097393287632 ], [ -73.2865917797739, 5.701071405951169 ], [ -73.286608176923409, 5.701046329491941 ], [ -73.286621388236654, 5.701020796691833 ], [ -73.286634598871586, 5.700995720008132 ], [ -73.286645533454163, 5.700966538505376 ], [ -73.286651461046674, 5.700937354970093 ], [ -73.286658299101219, 5.700905892209899 ], [ -73.286664263641114, 5.700880162108214 ], [ -73.286665592499944, 5.700874429222921 ], [ -73.286669698033904, 5.700845701805894 ], [ -73.286676079839722, 5.700816062832902 ], [ -73.286679732731756, 5.700780038685024 ], [ -73.286680657381794, 5.700729878099469 ], [ -73.286678846134777, 5.700693852146898 ], [ -73.286677490233203, 5.70065782687255 ], [ -73.286672491798072, 5.700620432347597 ], [ -73.286668420043853, 5.700527860861039 ], [ -73.286678480598525, 5.700481222361705 ], [ -73.286811077286586, 5.700321675929217 ], [ -73.287028210964024, 5.700103957580615 ], [ -73.287043237740278, 5.700132146190955 ], [ -73.287058708206629, 5.700165895611891 ], [ -73.28707190105456, 5.700203292383176 ], [ -73.287081453176441, 5.700237496344833 ], [ -73.287089639039024, 5.700271243061043 ], [ -73.287098279123015, 5.700308182364775 ], [ -73.287106464317091, 5.700346034127685 ], [ -73.287118292039366, 5.700381606207696 ], [ -73.287133307399174, 5.700415811064014 ], [ -73.287147869434762, 5.700441351746039 ], [ -73.287165163990025, 5.700465981547319 ], [ -73.287193840583313, 5.700491069932805 ], [ -73.28719485087889, 5.700491523735263 ], [ -73.287220244723699, 5.700502933887398 ], [ -73.287251658773087, 5.700507958122102 ], [ -73.287281252114695, 5.700508879121676 ], [ -73.287310847478793, 5.700504782839445 ], [ -73.287344542964007, 5.700493848195303 ], [ -73.28737323055222, 5.700479263498054 ], [ -73.287398732072262, 5.700460118321625 ], [ -73.287416495426214, 5.700433673715716 ], [ -73.287434260801376, 5.700402214544048 ], [ -73.287447018056397, 5.700368472765308 ], [ -73.287455680134485, 5.700329713941304 ], [ -73.287456667978105, 5.700324990291563 ], [ -73.287463885736855, 5.700290499228728 ], [ -73.287469812610055, 5.700263596268603 ], [ -73.28747300740811, 5.700233044836875 ], [ -73.287475750677558, 5.700192003860686 ], [ -73.287479403959551, 5.700151420356469 ], [ -73.287486244432571, 5.70011402898021 ], [ -73.28749399401741, 5.700078917731515 ], [ -73.287504471628566, 5.700055664144558 ], [ -73.287530884936842, 5.700033327503855 ], [ -73.287560482740801, 5.700021479041771 ], [ -73.287590989438442, 5.700015103519871 ], [ -73.287618764963952, 5.700005078620073 ], [ -73.287643809989589, 5.699989125570976 ], [ -73.287661573777413, 5.699965417655889 ], [ -73.28767433101055, 5.699931675872778 ], [ -73.287677070234423, 5.699904315671839 ], [ -73.287677078065201, 5.699874675348788 ], [ -73.287676631228024, 5.699844578231535 ], [ -73.287676639962442, 5.699814937907971 ], [ -73.287679837212806, 5.699776633402048 ], [ -73.287690771498916, 5.699748819326024 ], [ -73.287708989945813, 5.699725568203933 ], [ -73.28772676898285, 5.699714362752984 ], [ -73.287733579839809, 5.699710070590178 ], [ -73.287764543210741, 5.699700959039008 ], [ -73.287794591409835, 5.699704615579744 ], [ -73.28782463625268, 5.699719672312859 ], [ -73.287855590675065, 5.699741569429033 ], [ -73.287881989645584, 5.699770305134876 ], [ -73.287899740002445, 5.699794022453711 ], [ -73.287915212736678, 5.699817739100565 ], [ -73.287938424088537, 5.699849666496006 ], [ -73.287961636335481, 5.699877945864626 ], [ -73.287984394809257, 5.699902121317535 ], [ -73.288037656170118, 5.699932232745811 ], [ -73.288180163768828, 5.699930903513872 ], [ -73.288216134343671, 5.699920425608822 ], [ -73.288238903978467, 5.699903558726012 ], [ -73.288251202939151, 5.699882129585491 ], [ -73.288252576103105, 5.69985476916188 ], [ -73.288244845076051, 5.699821934469698 ], [ -73.288233473085057, 5.6997836263943 ], [ -73.288219824381443, 5.69974714120805 ], [ -73.288210725992514, 5.699720690112295 ], [ -73.288206635706516, 5.69969287268633 ], [ -73.288212560524101, 5.699670985190114 ], [ -73.288226679296557, 5.69965548465105 ], [ -73.288250811598914, 5.699648195527956 ], [ -73.288279038648483, 5.699652307261168 ], [ -73.288305442762677, 5.699662346702072 ], [ -73.288333208907304, 5.699689715163161 ], [ -73.288349135661633, 5.699717992733077 ], [ -73.288363241730494, 5.69974946131297 ], [ -73.288371428776202, 5.699780016098671 ], [ -73.288380982076163, 5.699809203661218 ], [ -73.288390990707427, 5.699834742970413 ], [ -73.28840873930757, 5.699865757228483 ], [ -73.288426944797962, 5.699887194625505 ], [ -73.288454713627075, 5.699903618098034 ], [ -73.288480663308206, 5.699911834197644 ], [ -73.288512078442437, 5.699911842895319 ], [ -73.288546226970709, 5.699905467309157 ], [ -73.288574457376313, 5.699898179738955 ], [ -73.288601780212815, 5.699880858064536 ], [ -73.288626371196116, 5.69986034494422 ], [ -73.288647777675976, 5.699832989865184 ], [ -73.288650664277256, 5.699827654392199 ], [ -73.288692418889227, 5.699750463841849 ], [ -73.288708367471784, 5.69970304238139 ], [ -73.28871110775404, 5.69967066670845 ], [ -73.288717945919174, 5.699641483604997 ], [ -73.288728881707769, 5.699607741809687 ], [ -73.288746645430805, 5.699582210303645 ], [ -73.28877169152824, 5.699564888858422 ], [ -73.288800833260368, 5.699553495774808 ], [ -73.288813844593648, 5.699551093734947 ], [ -73.288830428781182, 5.699548031973486 ], [ -73.288866852888603, 5.699544849852039 ], [ -73.288895991291071, 5.699546682326691 ], [ -73.288930591810512, 5.699553532053465 ], [ -73.288958362408835, 5.699562659451103 ], [ -73.288995238535065, 5.699572701750919 ], [ -73.289023008688417, 5.699582742283044 ], [ -73.289099490125366, 5.699613315270341 ], [ -73.289185531320399, 5.699646172173161 ], [ -73.28922058320677, 5.69966852598743 ], [ -73.28924652889188, 5.699690421921662 ], [ -73.289270653212625, 5.699714141424364 ], [ -73.289283849288751, 5.699739681830239 ], [ -73.289296134250506, 5.699769782045724 ], [ -73.289305687824083, 5.699799424801725 ], [ -73.289317517206598, 5.699827245569264 ], [ -73.28933344669214, 5.699850049713111 ], [ -73.289361669100671, 5.699870122747649 ], [ -73.289385796987304, 5.699882897263553 ], [ -73.289419029732514, 5.699897042791494 ], [ -73.289448166823036, 5.699903434590106 ], [ -73.289485044526032, 5.699907549155237 ], [ -73.289517370117125, 5.699907102129206 ], [ -73.289546967422496, 5.69989616580003 ], [ -73.289573380203663, 5.699876563957445 ], [ -73.289593874610304, 5.699851945096378 ], [ -73.289612550534997, 5.699820485405854 ], [ -73.289624850759438, 5.699792672420869 ], [ -73.289642615981535, 5.699759387817602 ], [ -73.289661744153378, 5.699739785109893 ], [ -73.289688154920867, 5.699725199636886 ], [ -73.289720026495587, 5.699722016131086 ], [ -73.289746887099838, 5.699730687831172 ], [ -73.289776931337428, 5.699749848601015 ], [ -73.28979377172152, 5.699767637709721 ], [ -73.289804691352657, 5.699797281578769 ], [ -73.289811965784651, 5.699832852267627 ], [ -73.289816509514225, 5.699869334752918 ], [ -73.289816954918479, 5.699905359564338 ], [ -73.289811025744925, 5.699943662734695 ], [ -73.289802820284677, 5.699979229448203 ], [ -73.289788697373524, 5.70001342717065 ], [ -73.289784940004097, 5.700028085414472 ], [ -73.289779581222533, 5.700048993437126 ], [ -73.289769100376319, 5.700081823692891 ], [ -73.289768182628464, 5.700109183887175 ], [ -73.289773184345464, 5.700134722068062 ], [ -73.289790478106426, 5.700161175345842 ], [ -73.289811416385149, 5.700180333454623 ], [ -73.289842373327488, 5.700192654732088 ], [ -73.289872420004997, 5.700200415303999 ], [ -73.289899737520869, 5.700203158159981 ], [ -73.289934794964509, 5.700202256333268 ], [ -73.289970309534837, 5.700197705344666 ], [ -73.289999905074254, 5.700192241482253 ], [ -73.29006683830471, 5.700173107001779 ], [ -73.290202981498311, 5.700138487610336 ], [ -73.290238040475657, 5.700131656254155 ], [ -73.290238474076247, 5.700131535671636 ], [ -73.290274012151585, 5.700121634337515 ], [ -73.290302242527957, 5.700112521313509 ], [ -73.290329107990587, 5.700102040627716 ], [ -73.290356428121939, 5.700092015827676 ], [ -73.290384204486898, 5.700080167236576 ], [ -73.290407884303676, 5.700064212949362 ], [ -73.290430653862501, 5.700045522423207 ], [ -73.290453426063621, 5.700017712286233 ], [ -73.290467092282341, 5.699989898596341 ], [ -73.29048030559683, 5.699956157434255 ], [ -73.290478491246091, 5.699928795903446 ], [ -73.290471214573756, 5.6999014335077 ], [ -73.290453008996749, 5.699878171714438 ], [ -73.290423875190626, 5.699858555311106 ], [ -73.290391098431243, 5.699842129936397 ], [ -73.290356499852663, 5.6998266168056 ], [ -73.29032844025248, 5.699812367365698 ], [ -73.290322357510007, 5.699809278977874 ], [ -73.290298686961563, 5.699793311458213 ], [ -73.290266367080307, 5.69976913458541 ], [ -73.290244973675328, 5.699748608373691 ], [ -73.290219029491823, 5.699720783880222 ], [ -73.290196728495786, 5.699690225377505 ], [ -73.290176248864881, 5.69965784239632 ], [ -73.290158045293907, 5.699627740658544 ], [ -73.290145304960461, 5.699599465157616 ], [ -73.290137571640173, 5.699576662338402 ], [ -73.290139854294495, 5.699552494269775 ], [ -73.290153064079945, 5.699529697189842 ], [ -73.290179930601411, 5.699512375673486 ], [ -73.290219090295992, 5.69949824982491 ], [ -73.290247776000328, 5.699490961945216 ], [ -73.290281923385464, 5.699489602631995 ], [ -73.290317436802013, 5.699488244438171 ], [ -73.290348397225713, 5.699485972685081 ], [ -73.290381179685355, 5.699481421240731 ], [ -73.290411228976069, 5.699480062176034 ], [ -73.290442189843716, 5.699476878185336 ], [ -73.290475882773762, 5.699473695530083 ], [ -73.290509575257971, 5.699471424200489 ], [ -73.290544634218264, 5.699468241757216 ], [ -73.290576505313069, 5.699464145972812 ], [ -73.290606100821947, 5.69946050654603 ], [ -73.290632510028814, 5.699453673197351 ], [ -73.290665748028644, 5.699445929598845 ], [ -73.290696710643132, 5.699435449544839 ], [ -73.290721755136786, 5.699424056624154 ], [ -73.290752718408982, 5.699411296890998 ], [ -73.290783227454156, 5.699397168132024 ], [ -73.290811003317614, 5.699384407290096 ], [ -73.290812392507391, 5.699383749564183 ], [ -73.290879306640818, 5.699352049184859 ], [ -73.291018596596828, 5.699296421339021 ], [ -73.291071006575535, 5.69927549134123 ], [ -73.291100148456806, 5.699262730700585 ], [ -73.291126562241175, 5.699238113322091 ], [ -73.291142505571656, 5.69920938804469 ], [ -73.291153441653378, 5.6991747339779 ], [ -73.291163467491202, 5.699139168138705 ], [ -73.291171214865727, 5.699110897689879 ], [ -73.291177140880976, 5.699084449911383 ], [ -73.291196271609351, 5.699055726641343 ], [ -73.291219496018257, 5.69903977255368 ], [ -73.291250914371261, 5.699026556448917 ], [ -73.291281876951459, 5.699016076364992 ], [ -73.291314660492247, 5.699010157425106 ], [ -73.2913515411866, 5.699000591101666 ], [ -73.291384779625204, 5.698995584160095 ], [ -73.291416652016764, 5.69898875253813 ], [ -73.291450801107544, 5.698980097107803 ], [ -73.291481764338329, 5.698967337337297 ], [ -73.291511818654826, 5.698950929095933 ], [ -73.291538231076743, 5.698929047492536 ], [ -73.291564189483367, 5.698904429420908 ], [ -73.291591059444258, 5.698876163767499 ], [ -73.291612922170444, 5.698843792887559 ], [ -73.291632053721628, 5.698809597115051 ], [ -73.291646176069619, 5.698778136050167 ], [ -73.291681252876828, 5.698708375957638 ], [ -73.291760043073282, 5.6986162820425 ], [ -73.291785090132407, 5.698595768563786 ], [ -73.291806949788679, 5.698575253983745 ], [ -73.29182380244238, 5.69855108939032 ], [ -73.291840199504364, 5.698524645351524 ], [ -73.291858417528601, 5.698502761551219 ], [ -73.291881644713541, 5.698474495016174 ], [ -73.29189986292964, 5.698449419306528 ], [ -73.291917626686995, 5.698422519362069 ], [ -73.291931748585512, 5.698393794083159 ], [ -73.291945871138196, 5.698362789127862 ], [ -73.291954075561705, 5.698329046854782 ], [ -73.291954994305087, 5.698298493847155 ], [ -73.291950448971491, 5.698271588012912 ], [ -73.291940439525547, 5.698244680422737 ], [ -73.291924967084313, 5.698216403632266 ], [ -73.291903574552009, 5.698192229456465 ], [ -73.291878083972421, 5.698171701760353 ], [ -73.291850769826667, 5.698157557898039 ], [ -73.291814805518456, 5.698142499848887 ], [ -73.291785668514649, 5.69813793172603 ], [ -73.291752887653843, 5.698134731080586 ], [ -73.291726024278873, 5.698138371894088 ], [ -73.291700070506479, 5.698147029523558 ], [ -73.29166683038062, 5.698159332530325 ], [ -73.291633138636954, 5.698159323342436 ], [ -73.291604588948957, 5.698153099681988 ], [ -73.291601725576797, 5.698152474876641 ], [ -73.291571225813115, 5.698134681873833 ], [ -73.29155347470909, 5.698113245253024 ], [ -73.29153572495278, 5.698090895493573 ], [ -73.291510231959109, 5.69807629638667 ], [ -73.29148200452822, 5.698073096136413 ], [ -73.291466815613163, 5.698076702071042 ], [ -73.291455140726669, 5.698079473634484 ], [ -73.291431915918437, 5.698096339962426 ], [ -73.291420527799175, 5.698117769608567 ], [ -73.291419153914305, 5.69814877805837 ], [ -73.291419601169935, 5.698179330375716 ], [ -73.291421413780725, 5.698210339928487 ], [ -73.291424136863341, 5.698242717369138 ], [ -73.291425494805637, 5.698273271035644 ], [ -73.291427307646799, 5.698304735799329 ], [ -73.291426842903476, 5.698339848834555 ], [ -73.291426834358035, 5.698369490054903 ], [ -73.291424549557803, 5.698400041944116 ], [ -73.291422983499004, 5.698410067337169 ], [ -73.291391476194079, 5.698454648721253 ], [ -73.291373088131436, 5.698451101402237 ], [ -73.291349417368536, 5.6984328551529 ], [ -73.291325749039331, 5.698408679391044 ], [ -73.291308000566261, 5.698378122248032 ], [ -73.291295715320828, 5.698349389521467 ], [ -73.29128479521799, 5.698322482378976 ], [ -73.291272511092856, 5.698292382207654 ], [ -73.291261590991837, 5.698265474159569 ], [ -73.291250217523654, 5.698231726407736 ], [ -73.291243851296471, 5.698203908349411 ], [ -73.291238396397546, 5.698171985689626 ], [ -73.291237494451138, 5.698137328555891 ], [ -73.291239325035548, 5.698105407642773 ], [ -73.291245707668125, 5.698070753161213 ], [ -73.291253000357671, 5.698042025919864 ], [ -73.291259381473708, 5.698015122699016 ], [ -73.291268042164347, 5.69797955664311 ], [ -73.291273514139817, 5.69794854883614 ], [ -73.291273573649192, 5.697944727023052 ], [ -73.29126162028048, 5.69787892654222 ], [ -73.291161102714852, 5.697775233543627 ], [ -73.291127872048193, 5.697756072642008 ], [ -73.291096461175172, 5.69773736693505 ], [ -73.291067783921036, 5.697716382884217 ], [ -73.291041838033863, 5.697694030913444 ], [ -73.291023177166736, 5.697670769364093 ], [ -73.291016809639714, 5.697647511559491 ], [ -73.291019091164571, 5.697628358956749 ], [ -73.291034120695784, 5.69760966689064 ], [ -73.291060075788906, 5.697598273498873 ], [ -73.291087394701734, 5.697593265043667 ], [ -73.291116078322787, 5.697592816154555 ], [ -73.291142027256058, 5.697601487349819 ], [ -73.291180723996845, 5.697613810080722 ], [ -73.291212135064455, 5.697629323874938 ], [ -73.291240358078724, 5.697647115334906 ], [ -73.291268754768168, 5.697659943727109 ], [ -73.291272680277686, 5.697661716432669 ], [ -73.291307734960185, 5.697673582164801 ], [ -73.291335958851747, 5.697687726499886 ], [ -73.29136190848179, 5.697697766033032 ], [ -73.291389678348352, 5.697707349433148 ], [ -73.291418815130328, 5.69771510948574 ], [ -73.291446130116285, 5.697725605345486 ], [ -73.291474811771181, 5.697731997276843 ], [ -73.291504859650942, 5.697735197512231 ], [ -73.291534453749051, 5.697736117394786 ], [ -73.291565415598271, 5.69772791697516 ], [ -73.291596833889457, 5.69771652531965 ], [ -73.291624610984329, 5.697701028650081 ], [ -73.291651022494094, 5.6976846195332 ], [ -73.291677433362224, 5.697672313651032 ], [ -73.291704752041525, 5.697666849050608 ], [ -73.291736168357346, 5.69766229732132 ], [ -73.291773957692001, 5.69766139581715 ], [ -73.291802186858519, 5.697659123564213 ], [ -73.291832693143903, 5.697652290804823 ], [ -73.291862290073482, 5.697642722712532 ], [ -73.291895985720075, 5.697629051116713 ], [ -73.291929226005522, 5.697613556190093 ], [ -73.291958368882064, 5.697597603601853 ], [ -73.291992977581017, 5.697572532253921 ], [ -73.29211183732852, 5.697467225010031 ], [ -73.29214007235737, 5.697442607571506 ], [ -73.292165573367996, 5.697424830545434 ], [ -73.292200635656172, 5.697407055004289 ], [ -73.292233419287442, 5.697397943203797 ], [ -73.292266202033019, 5.697390655866526 ], [ -73.292301259775044, 5.697392489696264 ], [ -73.292333128372292, 5.697399794010771 ], [ -73.292362263591727, 5.697409834597401 ], [ -73.292393674675935, 5.697425347421261 ], [ -73.292424176192299, 5.697439491451538 ], [ -73.292453309935027, 5.697459107758104 ], [ -73.292458236159106, 5.697463825697626 ], [ -73.292473792180019, 5.697478722120001 ], [ -73.292495640471827, 5.697500160252126 ], [ -73.292515211421318, 5.697525702774824 ], [ -73.292533870189729, 5.697558996114264 ], [ -73.292550706688388, 5.697592289473268 ], [ -73.292565266306326, 5.697630598550375 ], [ -73.292573454400028, 5.697657506149264 ], [ -73.29257891044071, 5.69768441242042 ], [ -73.292585271540801, 5.697734119513521 ], [ -73.292587083327362, 5.697766952619958 ], [ -73.292589352224269, 5.697796138375121 ], [ -73.292590253999208, 5.697828514922493 ], [ -73.292591612000919, 5.697859068583581 ], [ -73.292592059317471, 5.697889620897156 ], [ -73.29259705612229, 5.697932031729422 ], [ -73.292605697817066, 5.697964410680445 ], [ -73.292617983980733, 5.697989495352071 ], [ -73.292638012042289, 5.698009565148342 ], [ -73.292656220883714, 5.698019602218262 ], [ -73.292684904310079, 5.698020521598504 ], [ -73.292714500358827, 5.698012777927252 ], [ -73.292739999627898, 5.698000471555087 ], [ -73.292766866689945, 5.69798451827277 ], [ -73.292792367913322, 5.69796537287058 ], [ -73.292819236676422, 5.697940299072672 ], [ -73.292836999071412, 5.697917959359255 ], [ -73.29286068200966, 5.697892429252828 ], [ -73.292880267053846, 5.697863705700996 ], [ -73.292897121786609, 5.697829509238248 ], [ -73.292916256697282, 5.697782544889413 ], [ -73.292926281122817, 5.697753362840959 ], [ -73.292934485229367, 5.697717339976117 ], [ -73.292939501791906, 5.697688156853723 ], [ -73.292947706358717, 5.697653045315716 ], [ -73.292953634445283, 5.697618390146276 ], [ -73.292955464031479, 5.69758647013754 ], [ -73.292954562026694, 5.697555461034976 ], [ -73.292950016822957, 5.697523538837589 ], [ -73.292941831320761, 5.697487511635948 ], [ -73.292927726393486, 5.697453306478217 ], [ -73.29290861295776, 5.697421380826905 ], [ -73.292889496685675, 5.697398118667678 ], [ -73.292861730241782, 5.697372118777937 ], [ -73.292828045067964, 5.697349309277775 ], [ -73.292808236716951, 5.697336676602052 ], [ -73.292803007630468, 5.697333341647782 ], [ -73.292764767526506, 5.697316459443173 ], [ -73.29272333897687, 5.697306416072826 ], [ -73.292696022706181, 5.697302304995211 ], [ -73.292668250209815, 5.697300016802568 ], [ -73.292639111708354, 5.697299553766927 ], [ -73.292608607180156, 5.697299088708559 ], [ -73.292577191315615, 5.69730090469205 ], [ -73.292549417955584, 5.697302265423219 ], [ -73.292518003185421, 5.697300888589964 ], [ -73.292479304501157, 5.697297230346858 ], [ -73.292447437003958, 5.697286734131631 ], [ -73.292421944025378, 5.697272134159022 ], [ -73.292395998994394, 5.697247958690514 ], [ -73.292380980152714, 5.697225154169687 ], [ -73.292365051955244, 5.697199613412915 ], [ -73.292341382966015, 5.697175893807836 ], [ -73.292309971896941, 5.697160380980224 ], [ -73.292273549028579, 5.697156723378143 ], [ -73.292244866105861, 5.697156716207238 ], [ -73.292213905819111, 5.697158988055677 ], [ -73.292174294709341, 5.697160800933151 ], [ -73.2921401500722, 5.697151215372245 ], [ -73.292123763501721, 5.697137531145691 ], [ -73.292121039060419, 5.697107889501499 ], [ -73.292129241512797, 5.697082810718961 ], [ -73.292147003237915, 5.697060927142643 ], [ -73.292170227541305, 5.697044973020997 ], [ -73.292204378063389, 5.6970340378753 ], [ -73.292241711127531, 5.697034959228588 ], [ -73.292269482320322, 5.697043631259397 ], [ -73.292301804700969, 5.697055040391954 ], [ -73.29233185148891, 5.6970650805187 ], [ -73.292367817241029, 5.697072386373537 ], [ -73.292395591917682, 5.697068289859084 ], [ -73.292424278546605, 5.697055985504762 ], [ -73.292450234219203, 5.697040487912173 ], [ -73.292473914930554, 5.697019517174468 ], [ -73.292498052288906, 5.696993986852551 ], [ -73.292557711366626, 5.696935633427454 ], [ -73.292638775497622, 5.696851292225759 ], [ -73.29266200498077, 5.696815273497329 ], [ -73.292673850118518, 5.696788372013446 ], [ -73.292688431160784, 5.696742318596606 ], [ -73.29269936931793, 5.696703104247076 ], [ -73.292708482805025, 5.696671642083708 ], [ -73.292719872365794, 5.696644284714278 ], [ -73.292739456092932, 5.69662194498448 ], [ -73.292769508716134, 5.696609640825335 ], [ -73.292801836318972, 5.69660463336697 ], [ -73.292832794846632, 5.696609657537667 ], [ -73.292864661239278, 5.69662517101146 ], [ -73.292892428908416, 5.696642962622449 ], [ -73.292917464992911, 5.69666166604285 ], [ -73.292942045085354, 5.696682648464579 ], [ -73.292965714959223, 5.696704543580174 ], [ -73.29299393690512, 5.696727352232363 ], [ -73.29301988235521, 5.696748790977315 ], [ -73.293047650728411, 5.696767950928249 ], [ -73.293073597296512, 5.696788023131586 ], [ -73.293097721386289, 5.69680946189406 ], [ -73.293125489323941, 5.696829534073379 ], [ -73.293149160490714, 5.696845044459298 ], [ -73.293180114919579, 5.696865117729614 ], [ -73.293216078505665, 5.696880631812922 ], [ -73.293246582612269, 5.696885655286653 ], [ -73.293272535630635, 5.696877454612686 ], [ -73.293296216116318, 5.696859675750873 ], [ -73.293307153658802, 5.696840699734983 ], [ -73.293481647308553, 5.696828798022965 ], [ -73.293508966598878, 5.696822877223286 ], [ -73.293539928807192, 5.696813765373792 ], [ -73.29356816051785, 5.696802372523267 ], [ -73.29359912488006, 5.696785052389649 ], [ -73.293614228316869, 5.696778675358247 ], [ -73.293628266807858, 5.696772747745314 ], [ -73.293657407019282, 5.696767739148102 ], [ -73.293689277101251, 5.696769115688549 ], [ -73.29371886852978, 5.69677733151027 ], [ -73.293748914026921, 5.696791931819372 ], [ -73.293772584142971, 5.696812459456541 ], [ -73.293793520705975, 5.696838913470699 ], [ -73.293812179683314, 5.69686719129973 ], [ -73.293827197944879, 5.696894099921287 ], [ -73.293842669141668, 5.696926936915618 ], [ -73.293856321149647, 5.696953389211857 ], [ -73.293873159207394, 5.696980754829927 ], [ -73.29390410806765, 5.697021803972658 ], [ -73.293932786701262, 5.697040052087099 ], [ -73.293954184426696, 5.697044161600807 ], [ -73.293988790666845, 5.69703049032704 ], [ -73.294012471966369, 5.697007239853214 ], [ -73.294027048006399, 5.696983531573821 ], [ -73.294041626585553, 5.696947053852382 ], [ -73.294050741112684, 5.696914223322786 ], [ -73.294055758651993, 5.696878200261287 ], [ -73.294056221528876, 5.696850383278708 ], [ -73.29405486324751, 5.696821197972242 ], [ -73.294050774004575, 5.696788820341767 ], [ -73.294043499777473, 5.696750513017343 ], [ -73.294034859735277, 5.696710838041414 ], [ -73.294028948273507, 5.69668210755413 ], [ -73.294023950524519, 5.696643344761485 ], [ -73.294026236870891, 5.696603672354793 ], [ -73.294031708919789, 5.69657312064438 ], [ -73.29404491695847, 5.69655442762484 ], [ -73.29406905036609, 5.696544401570394 ], [ -73.294101830263415, 5.696549426553021 ], [ -73.294128688575597, 5.69656265831096 ], [ -73.294154180059564, 5.696583185907718 ], [ -73.294178302469533, 5.696611920671751 ], [ -73.294197874312047, 5.696633814206683 ], [ -73.294217445326964, 5.696661180229297 ], [ -73.294236559891942, 5.69668991483245 ], [ -73.294253853507101, 5.696715911858234 ], [ -73.294272968954118, 5.696742821995167 ], [ -73.294294814951513, 5.696775660245792 ], [ -73.294317115389759, 5.696808499168314 ], [ -73.294334864146705, 5.696835864306965 ], [ -73.294352157821606, 5.696865510257791 ], [ -73.29437172774125, 5.696894243717963 ], [ -73.294387656687093, 5.696919329203958 ], [ -73.294406770622899, 5.696950342571037 ], [ -73.294425429426468, 5.696979988726667 ], [ -73.294440447693248, 5.697005072866259 ], [ -73.294458195842694, 5.697036543045227 ], [ -73.29451826591044, 5.697146914151427 ], [ -73.294648867734011, 5.697402315810386 ], [ -73.294667525301932, 5.697438345771735 ], [ -73.294685728613288, 5.697471183152286 ], [ -73.294695737059953, 5.69749945903832 ], [ -73.294703470371331, 5.697527277256831 ], [ -73.294708469259461, 5.697562848131752 ], [ -73.294708463550677, 5.697583549830356 ], [ -73.294708459178963, 5.697599785391954 ], [ -73.294704352361023, 5.69763580889562 ], [ -73.294695237011581, 5.69767228745724 ], [ -73.294681568651484, 5.697706028936282 ], [ -73.294666991359662, 5.697736121951536 ], [ -73.294649226697075, 5.697768038345814 ], [ -73.29463146311565, 5.697796761926731 ], [ -73.294610055298449, 5.697831413259399 ], [ -73.294592291222983, 5.697857401953176 ], [ -73.294574528487544, 5.697882477508688 ], [ -73.294556309737374, 5.697908009412914 ], [ -73.294536270313117, 5.697934908785606 ], [ -73.294514408614248, 5.697961808184281 ], [ -73.294488904431972, 5.697990986404448 ], [ -73.294471598114697, 5.698012869816438 ], [ -73.29445201418082, 5.698034753487081 ], [ -73.294422867278243, 5.69806575531567 ], [ -73.294395542387761, 5.698094476536524 ], [ -73.29433132890658, 5.69815784522484 ], [ -73.294278640926038, 5.698205454820296 ], [ -73.294223343144381, 5.698255421438881 ], [ -73.29418679160824, 5.698288449695799 ], [ -73.294125487675686, 5.698343843896002 ], [ -73.294099073211228, 5.698372110333056 ], [ -73.29407493607988, 5.698396272371843 ], [ -73.294047610900222, 5.698422713902388 ], [ -73.294031678305714, 5.698442020993356 ], [ -73.294021650684272, 5.698454172011758 ], [ -73.294000797214721, 5.698482874527515 ], [ -73.2939997887582, 5.698484262395232 ], [ -73.293982480906394, 5.698512075303444 ], [ -73.293963806120487, 5.698539887098796 ], [ -73.293946496738258, 5.698571803241448 ], [ -73.293928730899907, 5.698605087059739 ], [ -73.29391460803555, 5.69863882875481 ], [ -73.293902762323697, 5.698671657960617 ], [ -73.293891827249141, 5.698700840488071 ], [ -73.293882712665706, 5.698731846550794 ], [ -73.29387359748192, 5.698768781217532 ], [ -73.293866757693166, 5.698808452324701 ], [ -73.293865382621163, 5.698842197469982 ], [ -73.293867649230435, 5.698880958939046 ], [ -73.293869421908653, 5.698888248651715 ], [ -73.293876745292152, 5.698918354005473 ], [ -73.293887208839763, 5.69894617355663 ], [ -73.293896763277317, 5.698973537455318 ], [ -73.293916331101954, 5.699010479206498 ], [ -73.293932259420217, 5.699036020817674 ], [ -73.293950919384017, 5.699064298635595 ], [ -73.293964114790356, 5.699093486948864 ], [ -73.293979131155837, 5.699125411028663 ], [ -73.294030092173102, 5.699247180671914 ], [ -73.294065559575472, 5.699420018782136 ], [ -73.294066459500343, 5.699459236157667 ], [ -73.294062809065025, 5.699492068421828 ], [ -73.294056881886235, 5.699523075574194 ], [ -73.294046401062928, 5.699555449779535 ], [ -73.294037287148171, 5.699585999727669 ], [ -73.294028629430827, 5.699612902324413 ], [ -73.29401906081786, 5.69964117282919 ], [ -73.294010857563848, 5.699669899657873 ], [ -73.294000373989334, 5.699716409841276 ], [ -73.293997632686541, 5.699751522221131 ], [ -73.293998990357153, 5.69978481166429 ], [ -73.294005357176047, 5.69981171745061 ], [ -73.294015366747175, 5.699838624997106 ], [ -73.294033116652599, 5.699860974671125 ], [ -73.294056786262544, 5.699883781962954 ], [ -73.294081368915954, 5.699897012160671 ], [ -73.294105495348319, 5.69991206705439 ], [ -73.294134630565338, 5.69992712300888 ], [ -73.294166951410148, 5.69994400451374 ], [ -73.29419426463366, 5.699963164629986 ], [ -73.294213839456106, 5.699980027303261 ], [ -73.294220210741386, 5.699985515540522 ], [ -73.294241603204611, 5.700009234409462 ], [ -73.29425844184054, 5.700037511334672 ], [ -73.294269815910795, 5.700066699663661 ], [ -73.294278002856245, 5.700099990140233 ], [ -73.294277082739384, 5.70013647084261 ], [ -73.294271607657691, 5.700177055296789 ], [ -73.294267048041306, 5.700203958517313 ], [ -73.294259301015543, 5.700230861556497 ], [ -73.294251099083539, 5.700256851691005 ], [ -73.294239252020319, 5.700290593135356 ], [ -73.294227862263313, 5.700319318879542 ], [ -73.294216015430337, 5.700353517344377 ], [ -73.294204623087253, 5.700391363600001 ], [ -73.294196420479608, 5.700417809850197 ], [ -73.294185939029802, 5.70045428819705 ], [ -73.294179557616516, 5.700483927233809 ], [ -73.294172262672305, 5.700520406667558 ], [ -73.294167024765528, 5.700537085632962 ], [ -73.294162237855872, 5.700552324525507 ], [ -73.294154035915611, 5.700578314658787 ], [ -73.294144922200601, 5.700607497164909 ], [ -73.294132165107513, 5.700640782956145 ], [ -73.294120775545991, 5.700668140350332 ], [ -73.294073850610076, 5.700779851203162 ], [ -73.294036825180029, 5.700858409851516 ], [ -73.293952217892169, 5.701037922036152 ], [ -73.293941739651984, 5.701063000191845 ], [ -73.293928071225977, 5.701100389678635 ], [ -73.293921685863367, 5.701140061457494 ], [ -73.29391985568283, 5.701174262043662 ], [ -73.293918937278306, 5.701205270257195 ], [ -73.293922116722669, 5.701234000323696 ], [ -73.293931213455025, 5.701267291244596 ], [ -73.293945318984413, 5.701300584133133 ], [ -73.293949186976022, 5.701311767860832 ], [ -73.29395714735081, 5.701334788605855 ], [ -73.29396715632727, 5.701365799385044 ], [ -73.293978529143914, 5.701401371532772 ], [ -73.293985806442294, 5.701427822546039 ], [ -73.293987163449785, 5.701461568103487 ], [ -73.293978910168093, 5.701491452441735 ], [ -73.293977593540035, 5.701496222422363 ], [ -73.293957097955101, 5.701523577223249 ], [ -73.293927042315673, 5.701546370313997 ], [ -73.293901542042306, 5.70156049939849 ], [ -73.293877407339778, 5.701573717362839 ], [ -73.293848264094294, 5.701589213937654 ], [ -73.293820943107988, 5.701602887832004 ], [ -73.293793165663274, 5.701617928496115 ], [ -73.293767210477696, 5.701631145575057 ], [ -73.293732147992969, 5.701648921219655 ], [ -73.293701181646981, 5.70167171385894 ], [ -73.29367613367657, 5.701695875445804 ], [ -73.293669219823087, 5.701705197410183 ], [ -73.293743848893882, 5.701455551014931 ], [ -73.293743605403847, 5.700976658266541 ], [ -73.293683601616294, 5.700497796896229 ], [ -73.293683327793929, 5.699959042532839 ], [ -73.293683084418376, 5.699480149757051 ], [ -73.293204972327828, 5.699420531736507 ], [ -73.292906445248775, 5.699959438181111 ], [ -73.292906748692701, 5.700558054181613 ], [ -73.292906991470659, 5.701036946067973 ], [ -73.292907234269819, 5.701515838851321 ], [ -73.29260870501912, 5.702054745172859 ], [ -73.292190593577232, 5.70247398793515 ], [ -73.291832272353076, 5.702953062628637 ], [ -73.291832544593262, 5.703491817025679 ], [ -73.29183278660679, 5.703970709814541 ], [ -73.292072101868939, 5.704509342009942 ], [ -73.292371117767118, 5.70492822142927 ], [ -73.292610373280411, 5.705347131059966 ], [ -73.292550855142167, 5.705826054176271 ], [ -73.292252323526384, 5.706364959458767 ], [ -73.29195370052912, 5.70672428073533 ], [ -73.291535464425749, 5.706904077682964 ], [ -73.291057467938117, 5.707083904581225 ], [ -73.290579440091392, 5.707203869498869 ], [ -73.290101532394715, 5.70756328042927 ], [ -73.289743206426067, 5.708042353082078 ], [ -73.289743476960496, 5.708581107484235 ], [ -73.28974371745727, 5.709060000277589 ], [ -73.289624436325312, 5.709538952378125 ], [ -73.289206227425609, 5.709778609355055 ], [ -73.288728107025975, 5.709718988047882 ], [ -73.288548583592785, 5.70924018612692 ], [ -73.288428791751471, 5.708701491643069 ], [ -73.288249268920538, 5.708222688678291 ], [ -73.28795028485149, 5.707863668709194 ], [ -73.287591569010715, 5.70756454096545 ], [ -73.287173122271497, 5.707325303527398 ], [ -73.286874078924711, 5.706846559694554 ], [ -73.286634826777004, 5.706427647519945 ], [ -73.286335784365122, 5.705948903346382 ], [ -73.285917280912429, 5.705589942549125 ], [ -73.285558508315205, 5.70517108922752 ], [ -73.285080273748406, 5.704872018140463 ], [ -73.284542426381847, 5.704872284356895 ], [ -73.284482902441027, 5.705351206981788 ], [ -73.284662390771018, 5.705770149739806 ], [ -73.284722446950525, 5.706368735576518 ], [ -73.284603161139785, 5.706847687767322 ], [ -73.284483935071023, 5.707446363194606 ], [ -73.284603781097019, 5.708104781073018 ], [ -73.284902823323364, 5.708583526127143 ], [ -73.285142134393539, 5.709122162254801 ], [ -73.285381416316511, 5.709600935725121 ], [ -73.285262160128923, 5.710139749625114 ], [ -73.284784098780278, 5.710199848278251 ], [ -73.28436568155098, 5.710020470481368 ], [ -73.284126400258231, 5.70954169565681 ], [ -73.28388711937788, 5.709062921610098 ], [ -73.283827122534319, 5.708584058069619 ], [ -73.283587842332281, 5.708105282945553 ], [ -73.283229099079449, 5.707746289836848 ], [ -73.282691044585704, 5.707327523888182 ], [ -73.282033701900275, 5.70738770824704 ], [ -73.281615607939727, 5.707866805472008 ], [ -73.281316977313054, 5.70822612157923 ], [ -73.280779302328142, 5.708585554313458 ], [ -73.28012192884654, 5.708585874915116 ], [ -73.279643722968615, 5.708346660997108 ], [ -73.279225279558659, 5.708107417647 ], [ -73.278747219007755, 5.708167511232944 ], [ -73.278388825145612, 5.708526854876482 ], [ -73.278090192106106, 5.708886169414598 ], [ -73.27773182620831, 5.709305374341909 ], [ -73.277253822896569, 5.709485189160262 ], [ -73.276536658158307, 5.709425672861528 ], [ -73.276118242870098, 5.70924628980913 ], [ -73.27581926457384, 5.708887263199244 ], [ -73.275580020210043, 5.708468346101768 ], [ -73.275400536495852, 5.708049400266987 ], [ -73.275340775300037, 5.708049428881964 ], [ -73.274922418399626, 5.707989767335505 ], [ -73.274593163531279, 5.708319890473629 ], [ -73.27459259667036, 5.708319420330873 ] ] ], [ [ [ -73.293633292665675, 5.70185820491809 ], [ -73.293635560137702, 5.701893318360552 ], [ -73.293660106248439, 5.702042441299968 ], [ -73.293689669340807, 5.702159644416148 ], [ -73.293679187832595, 5.702196122754854 ], [ -73.293660055448399, 5.702233966614504 ], [ -73.293637736288886, 5.702269529709025 ], [ -73.29363735182379, 5.70227033715808 ], [ -73.293623614855733, 5.702299166353241 ], [ -73.293618139506776, 5.702341118244746 ], [ -73.293624962568558, 5.702366201145583 ], [ -73.293643167911512, 5.702390374153238 ], [ -73.293668661358367, 5.702403605707855 ], [ -73.293703718061877, 5.702406350763744 ], [ -73.293742420562523, 5.702399064834847 ], [ -73.293768374487783, 5.702390408011357 ], [ -73.293798882933203, 5.702376735206138 ], [ -73.293830758294447, 5.702361239952602 ], [ -73.293859444498992, 5.702351215192488 ], [ -73.293892684807801, 5.702338911145965 ], [ -73.293921370595655, 5.702331623079123 ], [ -73.293950051856029, 5.702340294548402 ], [ -73.293973268552449, 5.702351700977872 ], [ -73.293992385272588, 5.70237541920234 ], [ -73.294001027562842, 5.702406885887774 ], [ -73.294001929644637, 5.702437894980211 ], [ -73.293996458018867, 5.702469358918852 ], [ -73.293980969037321, 5.702503099503389 ], [ -73.293960015902073, 5.702536839257947 ], [ -73.293940432913971, 5.702557354568126 ], [ -73.293919028979317, 5.702576956765453 ], [ -73.293898080597216, 5.702595192191448 ], [ -73.293877131334682, 5.702615251176195 ], [ -73.293848895056243, 5.702643060612267 ], [ -73.293820204979383, 5.702668589698671 ], [ -73.293796977271171, 5.70269594407984 ], [ -73.293773751294609, 5.702717825972189 ], [ -73.29374824708367, 5.702745636724376 ], [ -73.293723653562353, 5.702773447010835 ], [ -73.293701791676426, 5.702802169944585 ], [ -73.293681752236296, 5.702825876481661 ], [ -73.293657162410568, 5.702843198810431 ], [ -73.293629385758948, 5.702854591445775 ], [ -73.293598879436047, 5.70286005596399 ], [ -73.293569285540457, 5.702860047528111 ], [ -73.293533318093509, 5.702855478465825 ], [ -73.293504182530413, 5.702841789932399 ], [ -73.293482333550628, 5.702821263182054 ], [ -73.293465040628988, 5.702791618122636 ], [ -73.293458217776774, 5.702765167777005 ], [ -73.293447301140432, 5.702724123805601 ], [ -73.293437292418375, 5.702695391788597 ], [ -73.293424552269457, 5.702664379678588 ], [ -73.293408167661468, 5.702642486316273 ], [ -73.293379489173262, 5.702621502401368 ], [ -73.29334671196915, 5.702606445556993 ], [ -73.293320307224334, 5.70259914215101 ], [ -73.293277055160459, 5.702594570448647 ], [ -73.293247999609846, 5.702594562418367 ], [ -73.293266312578908, 5.702533302525183 ], [ -73.293564871845547, 5.702054258388216 ], [ -73.293633301862414, 5.701825348837881 ], [ -73.293633292665675, 5.70185820491809 ] ] ], [ [ [ -73.293082943360801, 5.703173654313595 ], [ -73.293109797882551, 5.703203758776393 ], [ -73.293137563099961, 5.703233862773952 ], [ -73.293166240521899, 5.703258039512067 ], [ -73.293189455338975, 5.703279933926157 ], [ -73.293217222071917, 5.703304110220351 ], [ -73.293240436198431, 5.703324637189444 ], [ -73.29325277079289, 5.703332706149586 ], [ -73.293273212166753, 5.703346078757437 ], [ -73.293294876688606, 5.703362723192616 ], [ -73.293300524648657, 5.703367062466587 ], [ -73.293329658056265, 5.703387134824264 ], [ -73.293353471528803, 5.703401218844231 ], [ -73.293357604307559, 5.703403641211626 ], [ -73.293398398246296, 5.703422722085839 ], [ -73.29343117746798, 5.70343276345727 ], [ -73.293464867776933, 5.703438244107161 ], [ -73.293496737811154, 5.703442356430262 ], [ -73.293529519372186, 5.703440997609633 ], [ -73.293563667204538, 5.703440094206283 ], [ -73.293580107097796, 5.703437389849491 ], [ -73.293599637487915, 5.703434176215197 ], [ -73.293640616120612, 5.703427347054721 ], [ -73.293670210252287, 5.70342598623234 ], [ -73.293704358963069, 5.703423260166239 ], [ -73.293738960845772, 5.703426916775815 ], [ -73.293773105648711, 5.70343604610354 ], [ -73.293798143774382, 5.703447453417867 ], [ -73.293826367155617, 5.703465245633825 ], [ -73.293848216611792, 5.703484860136559 ], [ -73.293869154911548, 5.703503561966632 ], [ -73.293891003077491, 5.703527736723109 ], [ -73.293913306359784, 5.703551455130243 ], [ -73.293932422862483, 5.703572892774012 ], [ -73.293950171669096, 5.703605274279245 ], [ -73.293966555911737, 5.703629903414047 ], [ -73.293984760018645, 5.703658636662532 ], [ -73.294000232278194, 5.703687825611845 ], [ -73.29401889111513, 5.70372066367057 ], [ -73.294064403855202, 5.703782237794647 ], [ -73.294236916854487, 5.703953744251624 ], [ -73.294258765259286, 5.703976550644103 ], [ -73.294278337342675, 5.703996620598826 ], [ -73.294301552643333, 5.704015779172788 ], [ -73.294322946351002, 5.704036306120227 ], [ -73.29434616165473, 5.704055464692205 ], [ -73.29436846647134, 5.704073254476 ], [ -73.294392137098853, 5.704090589254194 ], [ -73.294415352613242, 5.704108380380121 ], [ -73.29444903933549, 5.7041279978513 ], [ -73.294480450227027, 5.704147614674942 ], [ -73.294505487779475, 5.704163126094796 ], [ -73.294531435123986, 5.704178637047875 ], [ -73.29456785370553, 5.704197799712488 ], [ -73.294596988922621, 5.704212399513731 ], [ -73.294628400467246, 5.704229736653662 ], [ -73.294709887492331, 5.704271710990309 ], [ -73.294762360945953, 5.70430022032148 ], [ -73.29504493994304, 5.704453749475612 ], [ -73.295080904464399, 5.704466526715653 ], [ -73.295120512642612, 5.704477482146001 ], [ -73.295161032595132, 5.704485244294432 ], [ -73.295193812719646, 5.704489813073939 ], [ -73.295229324696763, 5.704493927049064 ], [ -73.295263016828173, 5.704495759566174 ], [ -73.295299895256164, 5.704497137950256 ], [ -73.295335865173854, 5.704493955639094 ], [ -73.295368192281202, 5.704488948016888 ], [ -73.295400066224374, 5.704479379466371 ], [ -73.295430574094468, 5.704467987151815 ], [ -73.295461538154711, 5.704452947484183 ], [ -73.295488858619876, 5.704443378551869 ], [ -73.295518911808387, 5.704431529445375 ], [ -73.295581293549176, 5.704406921447302 ], [ -73.295836279466485, 5.704337218265182 ], [ -73.295875893160868, 5.70432719683424 ], [ -73.295913685495691, 5.704318998990801 ], [ -73.295952387417586, 5.704312168119843 ], [ -73.295981071558728, 5.704310352433699 ], [ -73.296017950409535, 5.704310817635316 ], [ -73.296053007297033, 5.704317211468447 ], [ -73.296086695357971, 5.704332268585567 ], [ -73.296117194511979, 5.704353253228093 ], [ -73.296140864392569, 5.704376059511914 ], [ -73.296158612241442, 5.704409809288672 ], [ -73.296170894446703, 5.704449485954275 ], [ -73.296174985191115, 5.7044791277612 ], [ -73.296173152764254, 5.704519256946911 ], [ -73.296166109174848, 5.704543604852194 ], [ -73.296163127598533, 5.704553910623644 ], [ -73.296145818146329, 5.704584003270292 ], [ -73.296128510604632, 5.704607255082272 ], [ -73.296099364992131, 5.704634152862469 ], [ -73.296074773596544, 5.704651930505403 ], [ -73.296051548678378, 5.704668797022522 ], [ -73.29602832486421, 5.704684295190559 ], [ -73.295997813168327, 5.704709368300224 ], [ -73.295973676305238, 5.70473261819093 ], [ -73.295949993480093, 5.704758604542489 ], [ -73.295932229737204, 5.704785504605829 ], [ -73.295919020544588, 5.704809214040217 ], [ -73.295905808298457, 5.704839307288323 ], [ -73.295897148688113, 5.704873049837138 ], [ -73.295892585089874, 5.704915002175484 ], [ -73.295894397372734, 5.70495011583178 ], [ -73.295900309000487, 5.704977021818975 ], [ -73.295909406989779, 5.705007120788617 ], [ -73.295923513169072, 5.705039501381753 ], [ -73.295939439604709, 5.705071426732327 ], [ -73.295957643483021, 5.705104720163551 ], [ -73.295976302414687, 5.705133910127058 ], [ -73.295998605673944, 5.705160821255649 ], [ -73.296019541753481, 5.705187275160765 ], [ -73.296052771828528, 5.705216468484609 ], [ -73.296080538739815, 5.705238821069552 ], [ -73.296112403785742, 5.70526117425896 ], [ -73.296137897413217, 5.705274404788398 ], [ -73.296163845486731, 5.705287635987727 ], [ -73.296190705128637, 5.705299043158079 ], [ -73.296229403120918, 5.70530908583959 ], [ -73.296256720693592, 5.705313197632116 ], [ -73.296268761140496, 5.70531304934868 ], [ -73.296293144695142, 5.705312750815249 ], [ -73.296331846242481, 5.705306833052701 ], [ -73.296358711415479, 5.70529908787096 ], [ -73.296391040230745, 5.705286784144906 ], [ -73.296422915905367, 5.705271743955397 ], [ -73.296428803007132, 5.705268424127562 ], [ -73.296455246190561, 5.705253511623951 ], [ -73.296485301507303, 5.705233455094649 ], [ -73.296511714706895, 5.705212941609933 ], [ -73.296535394745277, 5.705195618723695 ], [ -73.296565904500923, 5.705175562861226 ], [ -73.2965941384508, 5.705157329013782 ], [ -73.296625103115289, 5.705138185145555 ], [ -73.296658799464041, 5.705121777467466 ], [ -73.296690674653249, 5.705105825032414 ], [ -73.296722093891802, 5.705093976968461 ], [ -73.296750779136545, 5.705088968430629 ], [ -73.296779463076646, 5.705086695682143 ], [ -73.296806325928031, 5.705088527104252 ], [ -73.296834095398182, 5.705101758238531 ], [ -73.296860952304968, 5.70512365423325 ], [ -73.296886441501044, 5.705152846070787 ], [ -73.296906466958006, 5.705181123969793 ], [ -73.296924215511595, 5.705212593138858 ], [ -73.296939689064956, 5.705240414554633 ], [ -73.29695880276293, 5.705271883922844 ], [ -73.2969770071049, 5.705302441527969 ], [ -73.29699293447365, 5.705332542381917 ], [ -73.297009774712151, 5.705358084320692 ], [ -73.297026158665076, 5.705381801126123 ], [ -73.297044364715816, 5.705406886242785 ], [ -73.297053955747231, 5.705417052493127 ], [ -73.297068033139553, 5.705431973063426 ], [ -73.297123112414667, 5.705478044900637 ], [ -73.297250795799201, 5.705558344927218 ], [ -73.297301560980131, 5.705590271239361 ], [ -73.297343444710563, 5.705603962029156 ], [ -73.297376680926973, 5.705608075233432 ], [ -73.29740627601889, 5.705604890654965 ], [ -73.297437695267362, 5.705593042551474 ], [ -73.297463650298738, 5.705579369188264 ], [ -73.297490519890061, 5.705555663518184 ], [ -73.297514655890652, 5.705536060682829 ], [ -73.297537880995264, 5.705517826665027 ], [ -73.297564747980132, 5.705499592572811 ], [ -73.297589792542738, 5.70548637488592 ], [ -73.297617568833701, 5.705477717848001 ], [ -73.297644887609621, 5.705473621298538 ], [ -73.297678122717912, 5.705479101928689 ], [ -73.297705437149716, 5.705494613833164 ], [ -73.297730473108899, 5.70551377222177 ], [ -73.297749132612026, 5.70554387435338 ], [ -73.297761874321495, 5.705570326095585 ], [ -73.297775071776513, 5.705594042716752 ], [ -73.29778826568301, 5.705631895309121 ], [ -73.297798273451491, 5.705667010140471 ], [ -73.297807371748959, 5.705695741631167 ], [ -73.297821930444115, 5.705738154673888 ], [ -73.29791841528305, 5.705890032002259 ], [ -73.297945815596606, 5.705902094021168 ], [ -73.297971831530106, 5.70591188975168 ], [ -73.298004256287513, 5.705926185399666 ], [ -73.298029390281087, 5.705939178919725 ], [ -73.298060442206946, 5.705952574808892 ], [ -73.298085177455206, 5.705971951438886 ], [ -73.298104502869251, 5.705996844079947 ], [ -73.298120676170569, 5.706025409904695 ], [ -73.298135504486652, 5.706056265149681 ], [ -73.298142113001788, 5.706083549032207 ], [ -73.298143331830005, 5.706118625875653 ], [ -73.29814267448009, 5.706147340695314 ], [ -73.298139340511199, 5.706182002697028 ], [ -73.298131022395879, 5.706218986775199 ], [ -73.29811859437693, 5.70625418471965 ], [ -73.298108832331977, 5.706282068045138 ], [ -73.298094939329928, 5.706305886478743 ], [ -73.298078297711186, 5.706327451097163 ], [ -73.298061217044562, 5.706350842215731 ], [ -73.298042336945699, 5.706376527514863 ], [ -73.298025380116997, 5.706414043677475 ], [ -73.298018334984448, 5.706440535526943 ], [ -73.298019050463878, 5.70647014919696 ], [ -73.298022997754401, 5.706505202907192 ], [ -73.298033692176091, 5.706531538052505 ], [ -73.298053460503723, 5.706555059402169 ], [ -73.298075000416702, 5.706573097393918 ], [ -73.298099256347328, 5.706589743910202 ], [ -73.298122599542751, 5.706605942022564 ], [ -73.298149601147841, 5.706624387141896 ], [ -73.298175677566888, 5.706641017326268 ], [ -73.298204503509055, 5.706659902228076 ], [ -73.298228744049595, 5.706674726093372 ], [ -73.298256176104744, 5.706690432479584 ], [ -73.298283597517397, 5.706704773237623 ], [ -73.29834982677005, 5.706735174662882 ], [ -73.298602278931753, 5.706939373568883 ], [ -73.298638976928288, 5.706974137867312 ], [ -73.298663757296922, 5.706998526288248 ], [ -73.298687590519009, 5.70701882192307 ], [ -73.29871697170023, 5.707049094017337 ], [ -73.298742230521199, 5.707076212545485 ], [ -73.298766539248675, 5.707098782173429 ], [ -73.298794933887109, 5.707120404866563 ], [ -73.298823791574193, 5.707142934119127 ], [ -73.29884712620894, 5.707158221782548 ], [ -73.298878665268788, 5.707175259960384 ], [ -73.298898230483417, 5.707186785720482 ], [ -73.298908387694283, 5.707192769676031 ], [ -73.298934480463046, 5.707211222467641 ], [ -73.298961941318581, 5.707230118897698 ], [ -73.29898671310832, 5.707253595981247 ], [ -73.299010167767634, 5.707282552566912 ], [ -73.29902493275965, 5.707306118109826 ], [ -73.299036996232218, 5.707332897776666 ], [ -73.299045411936348, 5.707358797878031 ], [ -73.299053856398046, 5.707387887154325 ], [ -73.299060014380217, 5.707415630086952 ], [ -73.299066172363084, 5.707443373019452 ], [ -73.299069697889536, 5.707482075862735 ], [ -73.299073609699661, 5.707513028157853 ], [ -73.299071132814234, 5.707541758400891 ], [ -73.299062351696506, 5.707577835023007 ], [ -73.29905488386062, 5.70760797693288 ], [ -73.299045620443408, 5.70764086823546 ], [ -73.29903498803597, 5.707673316803862 ], [ -73.299011453038617, 5.707738688431006 ], [ -73.298959142707915, 5.707902213198802 ], [ -73.298949470439368, 5.707932448562533 ], [ -73.298939780420113, 5.707968532895372 ], [ -73.298932375979774, 5.708005965382351 ], [ -73.298931714821748, 5.708034224085402 ], [ -73.298932777021037, 5.708042270068111 ], [ -73.298886649597364, 5.708037673806075 ], [ -73.298348677048807, 5.707798506862616 ], [ -73.297930256980806, 5.707619139953181 ], [ -73.29745207614269, 5.7074398027288 ], [ -73.29703356415655, 5.707080849541626 ], [ -73.296854065684272, 5.706661911141566 ], [ -73.296495347193627, 5.70636278823082 ], [ -73.296196726952303, 5.706722111573981 ], [ -73.296137242442455, 5.707260896460184 ], [ -73.296197249243505, 5.707739757321349 ], [ -73.296556030915497, 5.70815860349478 ], [ -73.296974480914969, 5.708397833869299 ], [ -73.29739293215431, 5.708637063918729 ], [ -73.297871052178039, 5.708696678023159 ], [ -73.298408995350542, 5.708875983819837 ], [ -73.298708017200397, 5.709294859526608 ], [ -73.298827818681616, 5.709833550452572 ], [ -73.298828066773353, 5.710312442832731 ], [ -73.298768553529612, 5.71079136626912 ], [ -73.298589486399408, 5.711210489348105 ], [ -73.298350658480103, 5.7116296443088 ], [ -73.298052036888294, 5.711988968631488 ], [ -73.297693622497945, 5.712288462226013 ], [ -73.297395000159099, 5.712647786238335 ], [ -73.297096377451112, 5.713007109205478 ], [ -73.296558677944063, 5.713306694814548 ], [ -73.295841691964483, 5.713606372291167 ], [ -73.295363721324179, 5.713846064503912 ], [ -73.295184650830834, 5.714265187560386 ], [ -73.29518489608904, 5.714744079120578 ], [ -73.295125379532635, 5.715223002287303 ], [ -73.294886578141359, 5.715702017523995 ], [ -73.29452815979522, 5.716001509310217 ], [ -73.293870900773356, 5.71624129231185 ], [ -73.293751376875832, 5.716241353461669 ], [ -73.293273494557127, 5.716660627858062 ], [ -73.292855283196843, 5.716900287617307 ], [ -73.292377369285646, 5.717259700657394 ], [ -73.291899394104405, 5.717499390186447 ], [ -73.291361596742149, 5.717619386522131 ], [ -73.290763975677578, 5.717619689483911 ], [ -73.290285878802706, 5.717619931405238 ], [ -73.289748049903437, 5.717680064671924 ], [ -73.289210191716279, 5.717680335856244 ], [ -73.288791736812129, 5.717441100084955 ], [ -73.288492746446764, 5.717082080771661 ], [ -73.288492506649618, 5.716603188058457 ], [ -73.288850898674468, 5.716243839183164 ], [ -73.289269052188047, 5.715884459099641 ], [ -73.289328573682553, 5.715405536298647 ], [ -73.289388004926764, 5.714747028722741 ], [ -73.289626811553376, 5.714268016447022 ], [ -73.290104874643305, 5.714207913629878 ], [ -73.29052308625586, 5.713968255891757 ], [ -73.290702129944975, 5.713489272530524 ], [ -73.29076165009468, 5.71301034961408 ], [ -73.290821170165657, 5.71253142759366 ], [ -73.290880690157167, 5.712052504659084 ], [ -73.290880388200492, 5.71145388878881 ], [ -73.290581339562209, 5.710975148121236 ], [ -73.2903420829374, 5.710556237771982 ], [ -73.290282080551833, 5.710077375207277 ], [ -73.290281839564955, 5.7095984824536 ], [ -73.290401090925741, 5.709059668649331 ], [ -73.290580103253546, 5.708520823721699 ], [ -73.290818906548111, 5.708041810123518 ], [ -73.291177261793507, 5.707622598440196 ], [ -73.291714928948466, 5.707263156342606 ], [ -73.292192926252426, 5.70708332890149 ], [ -73.292670923241189, 5.706903501077363 ], [ -73.293029337199073, 5.706604010596095 ], [ -73.29320834548264, 5.70606516496963 ], [ -73.293267863086896, 5.705586242720926 ], [ -73.293267619814117, 5.705107350020853 ], [ -73.293267376562142, 5.704628457312424 ], [ -73.293028061058749, 5.704089825675567 ], [ -73.29302781804904, 5.703610932940137 ], [ -73.293082264398365, 5.703172816892685 ], [ -73.293082943360801, 5.703173654313595 ] ] ] ] } },
{ "type": "Feature", "properties": { "fid": 65550, "Shape_Area": 0.00062640085610600005, "area_ha": 766.11085263471784, "tipo": "hidrica", "clas": "laminar y surcos", "gra": "ligera" }, "geometry": { "type": "MultiPolygon", "coordinates": [ [ [ [ -73.299952695637785, 5.709138004609834 ], [ -73.300406982894472, 5.709170448491661 ], [ -73.300521631702608, 5.709171713488304 ], [ -73.300876922235446, 5.7091722209065 ], [ -73.30090836926307, 5.709178779211943 ], [ -73.300942138350521, 5.709190784347856 ], [ -73.300972727463019, 5.709203273506637 ], [ -73.301001569028301, 5.709223980899424 ], [ -73.301028184588105, 5.709250175513223 ], [ -73.301039053825562, 5.709266608084239 ], [ -73.301046165259706, 5.709277358372275 ], [ -73.301055036433937, 5.709303253672893 ], [ -73.301059874472102, 5.709336020873912 ], [ -73.301060638145984, 5.709371102460929 ], [ -73.30105913934041, 5.709407570774216 ], [ -73.301056734591924, 5.709444502917365 ], [ -73.301054705448209, 5.709472317981698 ], [ -73.301054103978856, 5.709507412048255 ], [ -73.301052565752585, 5.709539323750978 ], [ -73.301048744884213, 5.709570344327497 ], [ -73.301046332431554, 5.709606365148287 ], [ -73.301043907520423, 5.709641019438737 ], [ -73.301035790270689, 5.709700786597447 ], [ -73.301001735135074, 5.709815918412255 ], [ -73.300994706752064, 5.709839679017716 ], [ -73.300976816221564, 5.709874469913304 ], [ -73.300964871526546, 5.709912853226141 ], [ -73.30095876415723, 5.709942527467009 ], [ -73.300958561398772, 5.709971237516112 ], [ -73.300961954551141, 5.709994903976406 ], [ -73.300979464488606, 5.710020268049791 ], [ -73.301002852078199, 5.710041478755269 ], [ -73.301029841475994, 5.710058556288605 ], [ -73.301058055577741, 5.71007484764685 ], [ -73.301060934014387, 5.7100765095134 ], [ -73.301084261122895, 5.710090885752977 ], [ -73.301109419378676, 5.710106612184383 ], [ -73.301137335792419, 5.710125504639233 ], [ -73.301164305939125, 5.710140304312925 ], [ -73.301192628773506, 5.710153724974919 ], [ -73.301217316278212, 5.710167633520493 ], [ -73.301246161753298, 5.710188796105903 ], [ -73.301268209132445, 5.710212753245266 ], [ -73.30128523972536, 5.710235387200758 ], [ -73.301300003985659, 5.71025895267444 ], [ -73.301311161685902, 5.710286195207373 ], [ -73.301320528566308, 5.710316644157593 ], [ -73.301326710710001, 5.710347121021663 ], [ -73.301331544019689, 5.710379432104835 ], [ -73.301335967062329, 5.710416759769308 ], [ -73.301338489860441, 5.710444990553028 ], [ -73.301341931062112, 5.710474124036503 ], [ -73.301347674170472, 5.710506427402457 ], [ -73.301358441773957, 5.710540964367568 ], [ -73.301385406089665, 5.710606801916855 ], [ -73.301464914667605, 5.710802046467398 ], [ -73.30147760179409, 5.710847959066922 ], [ -73.301481166938757, 5.710891218491222 ], [ -73.30148098052031, 5.710921751181926 ], [ -73.301476253725141, 5.710953235589721 ], [ -73.301467907905618, 5.710987030528066 ], [ -73.301456776958034, 5.711014470268839 ], [ -73.301445921407591, 5.711039870919833 ], [ -73.301445633549989, 5.711040543479257 ], [ -73.301428621090807, 5.711071680478027 ], [ -73.301412494411423, 5.711100075793563 ], [ -73.301392752557177, 5.711131236847433 ], [ -73.301369351348299, 5.711160151821237 ], [ -73.301344118986862, 5.711187716602333 ], [ -73.301324731659747, 5.711207482724083 ], [ -73.301310976309665, 5.711223218682048 ], [ -73.301306266588, 5.711228607658562 ], [ -73.301285973312375, 5.711248836704533 ], [ -73.30126342615695, 5.711271364703844 ], [ -73.301241357461862, 5.71129662281004 ], [ -73.301175966006952, 5.711361452638522 ], [ -73.301012515736403, 5.711500971164005 ], [ -73.300984477152326, 5.711519901974158 ], [ -73.300957784456415, 5.711536542450509 ], [ -73.300926150852618, 5.711560517751507 ], [ -73.300903140616697, 5.711582138274085 ], [ -73.300875099077018, 5.711600613870203 ], [ -73.300852523123524, 5.711619952680684 ], [ -73.300832222114849, 5.71163927038979 ], [ -73.300813297808986, 5.711659943959522 ], [ -73.300773331684653, 5.711719080713009 ], [ -73.300612196200035, 5.711966576951006 ], [ -73.300571666177802, 5.712013415156116 ], [ -73.300545986092857, 5.712041895085608 ], [ -73.300525741689668, 5.712067592943516 ], [ -73.300505943125756, 5.712092374716544 ], [ -73.300476346981824, 5.712140939351445 ], [ -73.300442217730762, 5.71224121475608 ], [ -73.300382795108419, 5.712107478241421 ], [ -73.300382545646983, 5.711628585959659 ], [ -73.300382296206863, 5.711149693669768 ], [ -73.300322285452637, 5.710670833502093 ], [ -73.300083023002969, 5.710251927561728 ], [ -73.299843697777646, 5.709713298412964 ], [ -73.299843448869524, 5.709234406972371 ], [ -73.299903140223407, 5.70912964503101 ], [ -73.299952695637785, 5.709138004609834 ] ] ], [ [ [ -73.30082348384019, 5.713488996425453 ], [ -73.300854990687952, 5.713502389182554 ], [ -73.300881023323953, 5.713514007401924 ], [ -73.300909354025833, 5.71352833938999 ], [ -73.300935395271068, 5.713540868928357 ], [ -73.300959200984138, 5.713557974366775 ], [ -73.300986634347922, 5.713573681502384 ], [ -73.301037829253133, 5.713601482253676 ], [ -73.301117319717349, 5.713648952633464 ], [ -73.301272434385552, 5.713741585847801 ], [ -73.301298953208772, 5.713756844571485 ], [ -73.301326044518177, 5.713785314053922 ], [ -73.301343594019684, 5.713815234715551 ], [ -73.301351121201648, 5.713843421240635 ], [ -73.301351035696882, 5.713859598906618 ], [ -73.3013509510956, 5.713875776572137 ], [ -73.301343502576998, 5.713908196355682 ], [ -73.301334634070443, 5.713934249366475 ], [ -73.301323055418436, 5.713962604285998 ], [ -73.301294336436001, 5.714007515957129 ], [ -73.301183647431571, 5.71414611184677 ], [ -73.301163901617116, 5.714176817687123 ], [ -73.301149135244884, 5.7142047453089 ], [ -73.301133562834394, 5.714244527831512 ], [ -73.301128756252382, 5.714266899016489 ], [ -73.301132011774413, 5.714277804262967 ], [ -73.301139067669055, 5.714301440742321 ], [ -73.301161126766004, 5.71432676440485 ], [ -73.301183053327406, 5.714337051708581 ], [ -73.301211239982948, 5.714334979885507 ], [ -73.301239821499479, 5.714326068836228 ], [ -73.301266502755453, 5.714308061811492 ], [ -73.301285890183337, 5.714288295688243 ], [ -73.301301147475868, 5.714264464700523 ], [ -73.301319073681427, 5.714233775195003 ], [ -73.301327050648325, 5.71422018799953 ], [ -73.301336553140047, 5.714204000869342 ], [ -73.30135494330257, 5.714174218825545 ], [ -73.301372901223431, 5.71414717460608 ], [ -73.301390871602422, 5.714121496916131 ], [ -73.301414353580398, 5.714101695156208 ], [ -73.301442865980476, 5.714085038314968 ], [ -73.30147012741115, 5.714081151553195 ], [ -73.301504698074666, 5.714080846528958 ], [ -73.301575240129679, 5.714084324488665 ], [ -73.301774297107727, 5.714062060350726 ], [ -73.301808348969203, 5.714054468592686 ], [ -73.301847420601234, 5.71404865521772 ], [ -73.301877941789826, 5.714053397623896 ], [ -73.301909492876206, 5.714071803042249 ], [ -73.301931524124171, 5.714093936595237 ], [ -73.301951312142407, 5.714119736540087 ], [ -73.301969752225119, 5.714147370704532 ], [ -73.301981843862706, 5.714177339462323 ], [ -73.301991648986728, 5.714205960985053 ], [ -73.301995623199147, 5.714221091251241 ], [ -73.301999650822481, 5.714236422397311 ], [ -73.302003068070576, 5.714262821904705 ], [ -73.301981352790534, 5.714328177293538 ], [ -73.301930893632374, 5.714435710417597 ], [ -73.301923405711577, 5.714463573597513 ], [ -73.301911460098609, 5.714501957831056 ], [ -73.301904922311365, 5.7145343689964 ], [ -73.301901559772659, 5.714565841827209 ], [ -73.301901908501222, 5.714605483871672 ], [ -73.301905860863769, 5.714640992738036 ], [ -73.30191298077095, 5.714674651042844 ], [ -73.301925535476641, 5.714705527263471 ], [ -73.301938053702784, 5.714732302083521 ], [ -73.301952814261298, 5.714755412320801 ], [ -73.301964423590292, 5.714782194857804 ], [ -73.301981083520957, 5.714814401970572 ], [ -73.30199405710556, 5.714841172929696 ], [ -73.302025570734642, 5.714906970023434 ], [ -73.302094164473885, 5.715050818474931 ], [ -73.302105414543348, 5.715088540728456 ], [ -73.302105727709758, 5.715124082275763 ], [ -73.302103770671962, 5.715160099232325 ], [ -73.302108120852992, 5.715189224984962 ], [ -73.302127957862751, 5.715220491945272 ], [ -73.302150862486442, 5.715238517272662 ], [ -73.302177313193468, 5.715246031073021 ], [ -73.302213708287439, 5.71524616486828 ], [ -73.302241371417693, 5.715236351070089 ], [ -73.302272638181378, 5.7152224040903 ], [ -73.302297097280572, 5.715210340358056 ], [ -73.302327474406241, 5.71519867985086 ], [ -73.302359698108233, 5.715190192173495 ], [ -73.302363203181571, 5.715189349591775 ], [ -73.302389205764925, 5.715183095990378 ], [ -73.302417791154795, 5.715174640994918 ], [ -73.302450900636074, 5.715163412533497 ], [ -73.302473504540473, 5.715147263736625 ], [ -73.302489188377763, 5.715120238781653 ], [ -73.302502581841637, 5.715091412290491 ], [ -73.302512752009719, 5.715058057111783 ], [ -73.302519776848172, 5.715029286463791 ], [ -73.302529523389353, 5.714999580431571 ], [ -73.302539290098508, 5.714972152250875 ], [ -73.30255726905763, 5.714947386752932 ], [ -73.302580279355709, 5.714925766162833 ], [ -73.30260559158333, 5.714907314542611 ], [ -73.302632768511032, 5.714893859299087 ], [ -73.302658153707327, 5.714883609571447 ], [ -73.302685346046019, 5.714871977874241 ], [ -73.302723941271537, 5.714860406230872 ], [ -73.302733894277381, 5.714857421755234 ], [ -73.302826977801658, 5.714785967998705 ], [ -73.302851803834756, 5.714763874940961 ], [ -73.302875699893349, 5.714739512655233 ], [ -73.302891874638561, 5.714716585230684 ], [ -73.302900767107516, 5.714693266164671 ], [ -73.302900554746287, 5.714669116592878 ], [ -73.302887561857787, 5.714640066899021 ], [ -73.302867361717915, 5.714619283572226 ], [ -73.30284132514241, 5.714607210239616 ], [ -73.302812587940323, 5.714598350142346 ], [ -73.302784336918563, 5.714593131471 ], [ -73.302751058411971, 5.714585223099722 ], [ -73.302725457023286, 5.714570867145055 ], [ -73.302712080861625, 5.714550023201739 ], [ -73.302706365501692, 5.714520909938632 ], [ -73.302712520862045, 5.714496703616281 ], [ -73.302733707678811, 5.71447464325121 ], [ -73.302761287133521, 5.714455261004609 ], [ -73.30278527542302, 5.71444137756477 ], [ -73.30281422773588, 5.714422894153199 ], [ -73.302841814891963, 5.714404423224807 ], [ -73.302869913152676, 5.714392326782105 ], [ -73.302930758630467, 5.714379485457958 ], [ -73.303126920075144, 5.714390056352507 ], [ -73.303159236868595, 5.71439204928408 ], [ -73.303199302846892, 5.714395796521313 ], [ -73.303228953699389, 5.714405104087787 ], [ -73.303254120813975, 5.714421741731231 ], [ -73.303277942947247, 5.714440670615608 ], [ -73.303299036578707, 5.714459623564246 ], [ -73.303319311754834, 5.714489063979093 ], [ -73.303334539274076, 5.714513536848273 ], [ -73.303353500679151, 5.714541048514719 ], [ -73.303353893090417, 5.714541618451792 ], [ -73.303373702261709, 5.714569696194078 ], [ -73.303397484060199, 5.714584068464886 ], [ -73.303421660695122, 5.714591601509697 ], [ -73.303443000103073, 5.714589997453907 ], [ -73.303483488964233, 5.714586954300265 ], [ -73.303546222276964, 5.714581843250659 ], [ -73.303583989284277, 5.714582875797312 ], [ -73.303614422110272, 5.714577594476353 ], [ -73.30364380482311, 5.714556373199135 ], [ -73.303660398391727, 5.714529340494575 ], [ -73.303665217341731, 5.714508336728351 ], [ -73.303657698649246, 5.71448106156198 ], [ -73.303643827661574, 5.71445566579926 ], [ -73.303624014627616, 5.714427131953286 ], [ -73.303602825782349, 5.714397243157217 ], [ -73.303588958653407, 5.714372303506247 ], [ -73.303568595068029, 5.714332837658652 ], [ -73.30356285088348, 5.71430053432828 ], [ -73.303562602003723, 5.714272284263307 ], [ -73.303568302876229, 5.714248081793716 ], [ -73.303585005013787, 5.714233352385483 ], [ -73.303617720485761, 5.714228962180038 ], [ -73.3036450453735, 5.714232365888743 ], [ -73.303679249990481, 5.714242089130967 ], [ -73.30371298293619, 5.714249993588732 ], [ -73.303743057404915, 5.714255651981375 ], [ -73.303817363586006, 5.714273222906937 ], [ -73.303991569656503, 5.714321809305222 ], [ -73.304033486973765, 5.714329185423002 ], [ -73.304074924910253, 5.71433383233895 ], [ -73.304114535534225, 5.714337583373251 ], [ -73.304146425759654, 5.714342769282854 ], [ -73.304180457926776, 5.714350973106045 ], [ -73.304182895831147, 5.714351560964229 ], [ -73.30420853759378, 5.714370473460257 ], [ -73.304226067987756, 5.714398116172575 ], [ -73.304232661485401, 5.714423576408543 ], [ -73.304229299074379, 5.714455048341319 ], [ -73.304217245933884, 5.714481129321006 ], [ -73.30419883278914, 5.714508178388645 ], [ -73.304179952726273, 5.714533863881763 ], [ -73.304161534820025, 5.714560456835465 ], [ -73.304140991793929, 5.714603928993327 ], [ -73.304121056004092, 5.714664711494232 ], [ -73.304117259312122, 5.714698466043365 ], [ -73.30411388057351, 5.714728116237622 ], [ -73.30411141254045, 5.714757757804806 ], [ -73.304112139928407, 5.714788738876727 ], [ -73.304117428796545, 5.714821046060217 ], [ -73.304124042470391, 5.714848784148344 ], [ -73.304133867887685, 5.714879684383884 ], [ -73.30414276332786, 5.71490831448951 ], [ -73.304155740867287, 5.714935541507632 ], [ -73.304170562043794, 5.714965486141593 ], [ -73.304183510797742, 5.714989523081406 ], [ -73.304198750833848, 5.715015363359162 ], [ -73.304222255043811, 5.715049787622592 ], [ -73.304248930649408, 5.715082817424129 ], [ -73.304271907420755, 5.715109044557555 ], [ -73.304288476122679, 5.715130770945283 ], [ -73.304301876384642, 5.715154348812298 ], [ -73.304315751273705, 5.71518020066941 ], [ -73.304325126111976, 5.715211559969551 ], [ -73.304330869447142, 5.715243863289002 ], [ -73.30433433101706, 5.715275275496383 ], [ -73.30433601628404, 5.715311715868875 ], [ -73.304348006374397, 5.715381786574871 ], [ -73.304393527012522, 5.715539964801416 ], [ -73.304406519997826, 5.715569014455193 ], [ -73.304430371005125, 5.715591132458819 ], [ -73.304458694181491, 5.715604552939065 ], [ -73.304488864853553, 5.715621147146122 ], [ -73.304501721364559, 5.715634704332208 ], [ -73.304505066642861, 5.715652901923557 ], [ -73.304495307728644, 5.715681241454324 ], [ -73.304472780717774, 5.715706047429792 ], [ -73.304458346517833, 5.715714333032412 ], [ -73.304446980522329, 5.715720857706183 ], [ -73.304420262811874, 5.715734764381986 ], [ -73.304396737575885, 5.71574955444561 ], [ -73.304371903855355, 5.715770735341856 ], [ -73.304350724768682, 5.715793707087203 ], [ -73.30433141335125, 5.715822131316799 ], [ -73.304327244386414, 5.71583527037243 ], [ -73.304323003262169, 5.715848635713956 ], [ -73.304329572753048, 5.71587136198194 ], [ -73.304349799971163, 5.715895334424574 ], [ -73.304379503738389, 5.715910565967843 ], [ -73.304409159443864, 5.715920328675598 ], [ -73.304441987450517, 5.715928696919312 ], [ -73.304475764712734, 5.715941613141553 ], [ -73.304501817703198, 5.715955509942258 ], [ -73.304525656262754, 5.715976260506133 ], [ -73.304551310578972, 5.715996540415811 ], [ -73.304576449010369, 5.716009988822419 ], [ -73.304606595674997, 5.716023849057363 ], [ -73.30463483816618, 5.716028156313072 ], [ -73.304650653614274, 5.716029775097132 ], [ -73.304663524447051, 5.716031092270943 ], [ -73.304699910970072, 5.716030315489839 ], [ -73.304727606734332, 5.716024145952908 ], [ -73.304760732534703, 5.716014740001203 ], [ -73.304788356198273, 5.716000369473377 ], [ -73.304814164106219, 5.715986470503202 ], [ -73.304821679356181, 5.715979765057878 ], [ -73.304850272885034, 5.715954252671224 ], [ -73.304971995260544, 5.715828773523942 ], [ -73.304993182032661, 5.715806713078543 ], [ -73.305012111068464, 5.715786495487643 ], [ -73.305034658236892, 5.715763967343149 ], [ -73.305058602305976, 5.715745071993733 ], [ -73.305085347889374, 5.715734354461619 ], [ -73.30511582111663, 5.715733629665768 ], [ -73.305144087630779, 5.715740670861303 ], [ -73.305169202931665, 5.715751385277221 ], [ -73.305192530370888, 5.715765761329562 ], [ -73.305217777415692, 5.715791512999276 ], [ -73.305238934650276, 5.715817755536341 ], [ -73.305256014544796, 5.715845858185618 ], [ -73.305275822950009, 5.715873935854209 ], [ -73.305292452252687, 5.715902497571967 ], [ -73.305308606022479, 5.715928784395254 ], [ -73.305324324620344, 5.71595735383593 ], [ -73.305340026894783, 5.715984100633434 ], [ -73.305357521792502, 5.716007642810162 ], [ -73.305379967333238, 5.716025215750066 ], [ -73.305414634243547, 5.716035846341035 ], [ -73.305447836898551, 5.716035096545492 ], [ -73.305477376299493, 5.716031646394319 ], [ -73.305506838830397, 5.716019537331491 ], [ -73.305530388986327, 5.716007481187111 ], [ -73.305552437473168, 5.715979945069836 ], [ -73.305564022755505, 5.715952501397954 ], [ -73.305570577575367, 5.715921911939756 ], [ -73.305573504744146, 5.715892721717261 ], [ -73.305571380367269, 5.715858107858224 ], [ -73.305556660704525, 5.715788062169257 ], [ -73.305529393129717, 5.715739543833859 ], [ -73.305505969537791, 5.71571423193896 ], [ -73.305482127100689, 5.715693025303641 ], [ -73.305459198324726, 5.715672266151701 ], [ -73.305434437472584, 5.715650155916892 ], [ -73.305410598896415, 5.715629405391544 ], [ -73.305380726868819, 5.7155950370577 ], [ -73.305361795622431, 5.7155633054783 ], [ -73.305356598963584, 5.71554147805477 ], [ -73.305361386110945, 5.715516828992119 ], [ -73.30537758095393, 5.715496179353237 ], [ -73.305398199179962, 5.715485624343531 ], [ -73.305403848033649, 5.715482732609501 ], [ -73.30543292048614, 5.715477917984301 ], [ -73.305462926778617, 5.715475830503049 ], [ -73.305498387133554, 5.715473238754445 ], [ -73.305539374564091, 5.715478344629502 ], [ -73.305573103746994, 5.715485792859186 ], [ -73.30561096786198, 5.715497762030274 ], [ -73.305641565115479, 5.715511162236194 ], [ -73.305718753756238, 5.715546023931816 ], [ -73.305872753957416, 5.715676357432159 ], [ -73.305897916440571, 5.715692539744225 ], [ -73.305923546750151, 5.715710085626874 ], [ -73.305948729418688, 5.715728545787309 ], [ -73.305976223560705, 5.715751087128058 ], [ -73.305998669109087, 5.71576866094845 ], [ -73.306003804385469, 5.71577182567974 ], [ -73.306021996567935, 5.71578303696595 ], [ -73.306048040968719, 5.715796021468982 ], [ -73.306077716875407, 5.715808062845141 ], [ -73.306111032000061, 5.715820072415346 ], [ -73.306139342750924, 5.715832125375675 ], [ -73.306167665974755, 5.715845545768773 ], [ -73.306193276114954, 5.715860812882786 ], [ -73.306218012060512, 5.715880189119222 ], [ -73.306241407792882, 5.715902310905741 ], [ -73.306261635992087, 5.715926284181214 ], [ -73.306265559004586, 5.715929842322394 ], [ -73.306285023112267, 5.715947494644767 ], [ -73.306307082491685, 5.715972818092856 ], [ -73.306324556338936, 5.715994081482861 ], [ -73.306340686116968, 5.716017635215479 ], [ -73.306360495482863, 5.716045712842866 ], [ -73.306383044929262, 5.716075132918723 ], [ -73.30643773850305, 5.71613844674637 ], [ -73.306569901428901, 5.716274880468848 ], [ -73.306587861728332, 5.716293421378203 ], [ -73.306613085717643, 5.716316438112281 ], [ -73.306635096138663, 5.716336294523863 ], [ -73.306655300327051, 5.716357532914666 ], [ -73.306677303038157, 5.716376478003045 ], [ -73.306704297656665, 5.716394011354088 ], [ -73.30673438382874, 5.716401036111766 ], [ -73.306767143617975, 5.71640165753621 ], [ -73.306795282254313, 5.716394118412536 ], [ -73.306824761101836, 5.716383831925048 ], [ -73.306850142421595, 5.716373126804911 ], [ -73.306875978191158, 5.716362417820896 ], [ -73.306901830289291, 5.716353530573077 ], [ -73.30693221893813, 5.716343237259133 ], [ -73.30696408434541, 5.716345689041452 ], [ -73.306969090246056, 5.716346805838993 ], [ -73.306995535676705, 5.716352702195826 ], [ -73.307015192205469, 5.716363464695195 ], [ -73.30703176875916, 5.716386103221757 ], [ -73.307049266688892, 5.716410099645934 ], [ -73.307063609559279, 5.716437314997952 ], [ -73.307074771518046, 5.716465013505431 ], [ -73.307087306350709, 5.71649361083908 ], [ -73.307117202008655, 5.716582206096412 ], [ -73.307128601518471, 5.716614855678649 ], [ -73.307190006695294, 5.716790724940064 ], [ -73.3072034753922, 5.716822048507064 ], [ -73.307220100057123, 5.716850154953783 ], [ -73.307233073929709, 5.716876925777253 ], [ -73.307251932283421, 5.716900454490606 ], [ -73.307274909261963, 5.716926681491028 ], [ -73.307297838151811, 5.716947440563404 ], [ -73.30734600266247, 5.716992583767393 ], [ -73.3074060400333, 5.71703291963613 ], [ -73.307406342944347, 5.717033375589166 ], [ -73.307424848565191, 5.717061261109231 ], [ -73.307452388306473, 5.717064057264501 ], [ -73.307571613503541, 5.717144157472188 ], [ -73.307598128782473, 5.71715896067785 ], [ -73.307629676352676, 5.717176909648017 ], [ -73.307662556420283, 5.717191200835816 ], [ -73.307691737598205, 5.717198689380331 ], [ -73.307725394762045, 5.7171979364912 ], [ -73.307754882248972, 5.717188561275726 ], [ -73.307778391115207, 5.717171948434667 ], [ -73.307795456240171, 5.717146734397452 ], [ -73.307802923710739, 5.717116593306661 ], [ -73.307806288454103, 5.717099985832717 ], [ -73.307809026923138, 5.717086463806996 ], [ -73.307820653398991, 5.717063575795143 ], [ -73.30784779762493, 5.717046475927805 ], [ -73.307907254935145, 5.717030911696546 ], [ -73.307924073416132, 5.717029395868588 ], [ -73.307957264545038, 5.717027279395693 ], [ -73.307988675540827, 5.717029735887518 ], [ -73.308017827904166, 5.717034035244791 ], [ -73.308048803737293, 5.717038774352659 ], [ -73.308079795904277, 5.717045335195858 ], [ -73.308110346097195, 5.717053267335034 ], [ -73.308135915956129, 5.717063977750877 ], [ -73.308164219091665, 5.717075120189046 ], [ -73.308187566846186, 5.717091773962303 ], [ -73.308212299051803, 5.717110694897437 ], [ -73.308231596472368, 5.717132397069498 ], [ -73.30825186427704, 5.717160925967737 ], [ -73.308255427112641, 5.717166721423779 ], [ -73.308266633766564, 5.717184947344713 ], [ -73.308281466788699, 5.717216259290033 ], [ -73.308293534770172, 5.717243493927597 ], [ -73.308306037915031, 5.717268445945296 ], [ -73.308318552634717, 5.717294765396971 ], [ -73.30833156604983, 5.71732609279751 ], [ -73.308340917094355, 5.717354718958001 ], [ -73.308354369532339, 5.717384219851385 ], [ -73.308361485996741, 5.717417422842999 ], [ -73.308364549169838, 5.71745521812275 ], [ -73.308366613146447, 5.717482996600134 ], [ -73.308366882464441, 5.717513525402211 ], [ -73.308366720478503, 5.717546792936913 ], [ -73.308362951935024, 5.717583736669658 ], [ -73.308356807918429, 5.717660803523136 ], [ -73.308335648490143, 5.717892481572187 ], [ -73.308336393356285, 5.717925285264417 ], [ -73.308338907928345, 5.717952603764295 ], [ -73.30834238131348, 5.717985383366251 ], [ -73.308344981419083, 5.718022271188607 ], [ -73.308353478487007, 5.718057284323488 ], [ -73.308362849739069, 5.718088188332175 ], [ -73.308378105477672, 5.718115851124177 ], [ -73.30839694463009, 5.718137101943756 ], [ -73.308417583206079, 5.718156058550269 ], [ -73.308449533347201, 5.718168079567177 ], [ -73.308480099036458, 5.718177834325238 ], [ -73.308510153551993, 5.718181213699049 ], [ -73.308539752712647, 5.718184597840957 ], [ -73.308572512599852, 5.71818521915679 ], [ -73.30860161692101, 5.718184050554867 ], [ -73.30863754525069, 5.718182821268468 ], [ -73.308671158221102, 5.718177055603015 ], [ -73.308703414647624, 5.718172213755251 ], [ -73.308756487959016, 5.718154883608301 ], [ -73.308774454240094, 5.718147263881552 ], [ -73.308808779862431, 5.718132706748567 ], [ -73.309056069534975, 5.718027830095508 ], [ -73.309088201819108, 5.718008862299334 ], [ -73.309118062989924, 5.717990370844212 ], [ -73.309147873094574, 5.717965955348379 ], [ -73.309166736693996, 5.717938447059097 ], [ -73.309174659454797, 5.717908301184437 ], [ -73.309179426255028, 5.717881373344925 ], [ -73.309182779783598, 5.71784899007971 ], [ -73.309182961917841, 5.71781800130247 ], [ -73.3091840529558, 5.717787004795806 ], [ -73.309184674107868, 5.717754189511576 ], [ -73.309189396655839, 5.717722248954264 ], [ -73.309202350812058, 5.717695248831074 ], [ -73.309215442481275, 5.717683740258216 ], [ -73.309245444101606, 5.717681196461466 ], [ -73.309272362831791, 5.717690072586892 ], [ -73.309297115293532, 5.717711271321372 ], [ -73.309314143470885, 5.717733448890745 ], [ -73.309331633819085, 5.717756534820817 ], [ -73.309346861678947, 5.717781007509489 ], [ -73.309363897578152, 5.717804097303207 ], [ -73.30940118888465, 5.717854348515261 ], [ -73.309488398869718, 5.717993930655296 ], [ -73.309505434781116, 5.718017020443997 ], [ -73.309524322082268, 5.718043739150035 ], [ -73.309546864049594, 5.718072247765615 ], [ -73.309561629757653, 5.718095812991309 ], [ -73.309577795359942, 5.718123468017795 ], [ -73.309590024319789, 5.718145802013703 ], [ -73.309591203625146, 5.718147956159631 ], [ -73.309603751101221, 5.718177920861567 ], [ -73.309615352234289, 5.718203792802397 ], [ -73.309625596826322, 5.718230587659666 ], [ -73.30963402952203, 5.718258310203977 ], [ -73.309643396083388, 5.718288758980123 ], [ -73.309646821431514, 5.718316070644357 ], [ -73.309650697372632, 5.718342921425419 ], [ -73.309651213286742, 5.718351366516456 ], [ -73.309655482797794, 5.718421258422888 ], [ -73.309649102415349, 5.71862637610078 ], [ -73.309650715867605, 5.718654614546955 ], [ -73.309657402030126, 5.71869055534389 ], [ -73.309667089175562, 5.718708936805564 ], [ -73.309671744178829, 5.71871776971439 ], [ -73.309694214913421, 5.718738077338353 ], [ -73.309723037065339, 5.718756505489628 ], [ -73.309750442984466, 5.718769023007162 ], [ -73.309775142633029, 5.718784297679077 ], [ -73.309805342434856, 5.71880408075787 ], [ -73.309828319604748, 5.718830307644015 ], [ -73.309839404809736, 5.718849348990549 ], [ -73.309840117085415, 5.718878506486975 ], [ -73.309828555115018, 5.718908685102583 ], [ -73.309808318635916, 5.71893529368838 ], [ -73.309786676592864, 5.71895735817104 ], [ -73.309763702966237, 5.718983080437162 ], [ -73.309746885983529, 5.719000912390181 ], [ -73.309741167450255, 5.71900697529072 ], [ -73.309718648272394, 5.719032693690012 ], [ -73.309697030279679, 5.719057492132193 ], [ -73.309681363032581, 5.719086339004552 ], [ -73.309664785071803, 5.719115194512774 ], [ -73.309652313278733, 5.719145380856112 ], [ -73.309647119957063, 5.719175502638458 ], [ -73.309643307235945, 5.719207434561478 ], [ -73.309644014740925, 5.719236136850768 ], [ -73.309644260075189, 5.719263931684114 ], [ -73.309645869671968, 5.719291714921575 ], [ -73.309647065212062, 5.71932405772325 ], [ -73.309649628874169, 5.719356845042031 ], [ -73.309652212735216, 5.719391911115268 ], [ -73.309654723211651, 5.719421559956415 ], [ -73.309655258767251, 5.719427883739352 ], [ -73.30966379247667, 5.719466997338794 ], [ -73.309680580663496, 5.719565278366391 ], [ -73.309719254003085, 5.719870015674908 ], [ -73.309720669448978, 5.719881173440572 ], [ -73.30972459828682, 5.719913949161415 ], [ -73.309732584280866, 5.719942586887267 ], [ -73.309740626109658, 5.719977603858894 ], [ -73.309752304225512, 5.72001213288801 ], [ -73.309767133548107, 5.720042988670579 ], [ -73.30978287268303, 5.720073836721626 ], [ -73.309802227003374, 5.720101918075494 ], [ -73.309821118250738, 5.720129092878386 ], [ -73.309844558552882, 5.720156227214949 ], [ -73.309867511723212, 5.720179720132823 ], [ -73.30988682951191, 5.720203700992435 ], [ -73.309907947627224, 5.720225386728936 ], [ -73.309927257700707, 5.720248456265994 ], [ -73.309972769299819, 5.720302281317323 ], [ -73.310094063422966, 5.720489409388598 ], [ -73.310112544503355, 5.720521599857295 ], [ -73.310128243269759, 5.720547891292975 ], [ -73.310149895759821, 5.720578686361398 ], [ -73.31017286530097, 5.720604001906514 ], [ -73.31020128894896, 5.72062881313777 ], [ -73.310228750808307, 5.720647709871708 ], [ -73.310251181238328, 5.720663460863752 ], [ -73.310274062263829, 5.720678751876199 ], [ -73.310302409878219, 5.720694906007256 ], [ -73.310325733781383, 5.720708825717927 ], [ -73.310349955015283, 5.720721371167224 ], [ -73.310377388962721, 5.720737077818345 ], [ -73.310401191384642, 5.720753727622179 ], [ -73.310426379178693, 5.720772643675799 ], [ -73.310446586620571, 5.720794338027399 ], [ -73.310464983063753, 5.720816960067889 ], [ -73.310480219680954, 5.720842344037299 ], [ -73.310494597567626, 5.720873659776196 ], [ -73.31050439551916, 5.72090136979725 ], [ -73.310512390190681, 5.72093091882882 ], [ -73.310518106022386, 5.720960032888145 ], [ -73.310519775373081, 5.720994650572106 ], [ -73.31052184037911, 5.721022429936517 ], [ -73.310524001632615, 5.721061144244446 ], [ -73.310522527498179, 5.721100346499369 ], [ -73.310520159894338, 5.721141380032766 ], [ -73.310518234261792, 5.721181042266904 ], [ -73.310516736968651, 5.721217510559061 ], [ -73.310516075495087, 5.721245769233482 ], [ -73.310514533937948, 5.72127722571425 ], [ -73.310511622447208, 5.721308238586202 ], [ -73.310509158594783, 5.72133833627087 ], [ -73.310499902243194, 5.721423632073449 ], [ -73.310477468121064, 5.72161385413039 ], [ -73.310469215103282, 5.721658129807519 ], [ -73.310459609395338, 5.721703783611434 ], [ -73.310455394239085, 5.721741643438516 ], [ -73.310452495226542, 5.721774022838279 ], [ -73.310451830794676, 5.721801826303877 ], [ -73.310451652598516, 5.72183327028154 ], [ -73.310454264448808, 5.721871525514931 ], [ -73.310460024553279, 5.721905651384791 ], [ -73.310468019239295, 5.721935200415314 ], [ -73.310484679860537, 5.721967407236757 ], [ -73.310495366420398, 5.7219808830908 ], [ -73.310502621890066, 5.721990033138916 ], [ -73.310560334907478, 5.722034636012261 ], [ -73.310632049481555, 5.722067722539453 ], [ -73.310647229181043, 5.722071267311327 ], [ -73.310662136894564, 5.722074747975767 ], [ -73.310689949322125, 5.722081792742299 ], [ -73.310720474847798, 5.722086990763252 ], [ -73.310752816141246, 5.722091717204199 ], [ -73.310782424134587, 5.722096012538713 ], [ -73.310823415926464, 5.722101574120256 ], [ -73.31085074507466, 5.722105433575623 ], [ -73.310885839874587, 5.722112869867226 ], [ -73.310921409334256, 5.722122580139417 ], [ -73.310946525013733, 5.722133294279398 ], [ -73.310974393296462, 5.722146719181361 ], [ -73.310995539450715, 5.72217159494506 ], [ -73.311013951402202, 5.722196039604907 ], [ -73.311026917859991, 5.722221899000801 ], [ -73.311037604569336, 5.722247323427145 ], [ -73.311045571365042, 5.722273682372654 ], [ -73.311050413072053, 5.722306905551874 ], [ -73.31105014880562, 5.722312767315655 ], [ -73.311048890845342, 5.722340639880962 ], [ -73.311045042545814, 5.722368471316172 ], [ -73.311032558281127, 5.722397290252814 ], [ -73.311014591969524, 5.722423423435896 ], [ -73.310996417831575, 5.722447845394984 ], [ -73.310996158717117, 5.722448193956617 ], [ -73.310979073388751, 5.722471130236311 ], [ -73.310963820171025, 5.722495416672546 ], [ -73.310948575575821, 5.722520614428739 ], [ -73.310933358000511, 5.722549002259825 ], [ -73.310920049492552, 5.722587398245716 ], [ -73.310913003899401, 5.722613890217926 ], [ -73.310902874523904, 5.722651802120737 ], [ -73.310890494933375, 5.722743961250934 ], [ -73.310884957606376, 5.722889832356242 ], [ -73.31089078994178, 5.722932159199185 ], [ -73.31089970515896, 5.722963067921794 ], [ -73.310907220461203, 5.722989886848013 ], [ -73.310920547252067, 5.723020436612932 ], [ -73.310920685658857, 5.723020755094399 ], [ -73.310932766382834, 5.7230493570908 ], [ -73.310946186410774, 5.723075212621097 ], [ -73.310964599294721, 5.723099657279818 ], [ -73.310985692592425, 5.723118609005177 ], [ -73.311011798047829, 5.723138428612454 ], [ -73.311039211925888, 5.723151857374453 ], [ -73.311069794265293, 5.72316343461719 ], [ -73.311096704655768, 5.723171399319678 ], [ -73.311123826606618, 5.723179626353188 ], [ -73.311125897756924, 5.723180254197842 ], [ -73.311161016691386, 5.723190424430316 ], [ -73.311228464501497, 5.72320395454281 ], [ -73.311543782185453, 5.723261771504659 ], [ -73.311572069342787, 5.723271091111386 ], [ -73.311599922251688, 5.723282692432266 ], [ -73.311630065594727, 5.723296096152317 ], [ -73.311655675305133, 5.723311362993415 ], [ -73.311681265713247, 5.723324351984051 ], [ -73.311703692427187, 5.723339646797174 ], [ -73.311727930148493, 5.72335401482038 ], [ -73.311752646395021, 5.723371112032081 ], [ -73.311774658168915, 5.723390968217061 ], [ -73.311800779105866, 5.723412610427442 ], [ -73.311817798930889, 5.723433876583561 ], [ -73.311837564551681, 5.723456942176256 ], [ -73.311855038836057, 5.723478205369029 ], [ -73.311871632139116, 5.723502665464673 ], [ -73.311892315302259, 5.723526634641211 ], [ -73.311911669846879, 5.723554715908655 ], [ -73.311928270877061, 5.723580088227987 ], [ -73.311939896303471, 5.723608694066859 ], [ -73.31194698423441, 5.723638706917665 ], [ -73.311950917095672, 5.723671936913536 ], [ -73.311953029422611, 5.723705184189319 ], [ -73.311953935427795, 5.723723145936475 ], [ -73.311954683432276, 5.723737979219377 ], [ -73.311952291860692, 5.723776278788523 ], [ -73.311951216422173, 5.723809097927811 ], [ -73.311950105331348, 5.723837816577156 ], [ -73.311948472262927, 5.72384865109968 ], [ -73.31194494775427, 5.72387203886109 ], [ -73.311939782454672, 5.723905349824307 ], [ -73.311934109794862, 5.723932741524401 ], [ -73.311928019234188, 5.723964238485983 ], [ -73.311920132205586, 5.723998484878923 ], [ -73.311908578883674, 5.724029574850899 ], [ -73.311876904594385, 5.724100487176203 ], [ -73.3118202261292, 5.724224936914231 ], [ -73.311804175711586, 5.724261989593134 ], [ -73.311790347384189, 5.724293098899777 ], [ -73.311772397400816, 5.724321054747048 ], [ -73.311751238535948, 5.724346305513352 ], [ -73.311748781564589, 5.7243489702343 ], [ -73.311730059461226, 5.724369277525337 ], [ -73.311704803006066, 5.724394107887143 ], [ -73.311677238861066, 5.724415314112504 ], [ -73.311651040794814, 5.724436507829403 ], [ -73.311623050117475, 5.724460907088598 ], [ -73.311611149044452, 5.724472555484746 ], [ -73.311265779020403, 5.723954253344175 ], [ -73.310608357509238, 5.723894748297596 ], [ -73.310070526805077, 5.723954900794297 ], [ -73.309592489934118, 5.724074881993999 ], [ -73.30911432421118, 5.723955416961303 ], [ -73.309054304347171, 5.723476557472338 ], [ -73.309233367030799, 5.723057431510313 ], [ -73.309651576188571, 5.722817759990392 ], [ -73.309771101275203, 5.722817695457479 ], [ -73.310189310019041, 5.722578023565347 ], [ -73.310248814403906, 5.72209909958201 ], [ -73.310188793879263, 5.721620240221341 ], [ -73.309949421917793, 5.721021755694665 ], [ -73.309710114881227, 5.720542993053755 ], [ -73.309351315900642, 5.72012415619065 ], [ -73.308992549567847, 5.71976518144487 ], [ -73.30857405446551, 5.719466099146189 ], [ -73.308095924813756, 5.719406494504256 ], [ -73.307617859192419, 5.719466612416909 ], [ -73.307438796281986, 5.719885737930213 ], [ -73.3074988142763, 5.720364597740684 ], [ -73.307797849788017, 5.720783467881745 ], [ -73.308156584043559, 5.721082582800193 ], [ -73.308694541671684, 5.721261878103576 ], [ -73.309172672006127, 5.721321482157009 ], [ -73.309352216526349, 5.721800276337149 ], [ -73.30929271140775, 5.722279200271032 ], [ -73.3089940917734, 5.722638530082634 ], [ -73.308516056612063, 5.722758510343056 ], [ -73.308097814932466, 5.722938319589446 ], [ -73.3076796049819, 5.723177990015017 ], [ -73.307261522520889, 5.723657105137704 ], [ -73.307202079461433, 5.724255751870942 ], [ -73.307202335154159, 5.724734643638442 ], [ -73.307083162019239, 5.725393182926609 ], [ -73.306844334227833, 5.725812341199173 ], [ -73.30648598026761, 5.726231563295983 ], [ -73.306067735407794, 5.726411371209792 ], [ -73.305769111662869, 5.726770699513793 ], [ -73.305709603248772, 5.727249622276076 ], [ -73.30565009475697, 5.727728545934326 ], [ -73.305231849442919, 5.72790835330045 ], [ -73.30481338082717, 5.727669130033462 ], [ -73.304514375256815, 5.727310119991671 ], [ -73.304275069726145, 5.72683135508538 ], [ -73.30397600166765, 5.726352622646289 ], [ -73.303915985695255, 5.725873762443598 ], [ -73.303975495530551, 5.725394838867601 ], [ -73.304094768081143, 5.724915884498103 ], [ -73.304453123094788, 5.724496663827324 ], [ -73.304811509301317, 5.724137304439523 ], [ -73.305110037173051, 5.723598392189274 ], [ -73.30528900756434, 5.722999682850229 ], [ -73.305288690039504, 5.722401067996032 ], [ -73.305228641826716, 5.721862346413673 ], [ -73.305228260953072, 5.721144009459636 ], [ -73.305287674187298, 5.72048550128352 ], [ -73.305406880428166, 5.719886822786123 ], [ -73.305585944851543, 5.719467697827554 ], [ -73.305585627215407, 5.718869082916513 ], [ -73.305585341371625, 5.718330329485696 ], [ -73.305346071739621, 5.717911427124875 ], [ -73.304987277528653, 5.717492587237132 ], [ -73.304509149737783, 5.717432979495982 ], [ -73.303911529583729, 5.717433296132299 ], [ -73.303373577749085, 5.717253996050829 ], [ -73.302895481726466, 5.717254248455902 ], [ -73.302537066880234, 5.717553745057955 ], [ -73.302178683060106, 5.717913102965156 ], [ -73.301700524635862, 5.717793631372899 ], [ -73.301580749794255, 5.717314802034934 ], [ -73.301580499108127, 5.716835909892779 ], [ -73.301580248443315, 5.716357017742325 ], [ -73.301699521537103, 5.715878063714229 ], [ -73.301759032633868, 5.715399140158866 ], [ -73.301459941726819, 5.714860543365376 ], [ -73.300981847605271, 5.714860794072592 ], [ -73.300563608886591, 5.71504059769876 ], [ -73.300205194068326, 5.715340092859208 ], [ -73.300189193905169, 5.71537754251608 ], [ -73.300088832563802, 5.715291466045301 ], [ -73.299744336369201, 5.714774442546457 ], [ -73.299744067398308, 5.714257239297524 ], [ -73.299915941488393, 5.713797413146835 ], [ -73.299920487913937, 5.713783727305952 ], [ -73.29996543112992, 5.713963403425453 ], [ -73.300443492448096, 5.713903292073098 ], [ -73.300801906280412, 5.713603796802204 ], [ -73.300801842068637, 5.713480733299598 ], [ -73.30082348384019, 5.713488996425453 ] ] ], [ [ [ -73.312928950813159, 5.724903676278456 ], [ -73.3129602938847, 5.724898385797624 ], [ -73.31300438985258, 5.724894806024767 ], [ -73.313102036216165, 5.724911037094127 ], [ -73.312902138931136, 5.724911146143551 ], [ -73.312928950813159, 5.724903676278456 ] ] ] ] } },
{ "type": "Feature", "properties": { "fid": 80242, "Shape_Area": 2.4849346934e-05, "area_ha": 30.391255624663721, "tipo": "hidrica", "clas": "laminar y surcos", "gra": "moderada" }, "geometry": { "type": "MultiPolygon", "coordinates": [ [ [ [ -73.297994070197831, 5.715460967392119 ], [ -73.297635282709678, 5.715042122513012 ], [ -73.29709742646321, 5.715042400958339 ], [ -73.296619332902992, 5.715042648042299 ], [ -73.296260515876497, 5.714563941585595 ], [ -73.296678662424995, 5.714204556386846 ], [ -73.297096901909811, 5.714024755552714 ], [ -73.297574902801045, 5.713844923475676 ], [ -73.29811269599162, 5.713724921554046 ], [ -73.298650457017857, 5.71354505759939 ], [ -73.298949078975852, 5.713185732962302 ], [ -73.299187907936812, 5.712766578669175 ], [ -73.299606145524194, 5.712586776094895 ], [ -73.299845409598277, 5.71300568126145 ], [ -73.299845658674144, 5.713484573544122 ], [ -73.299920487913937, 5.713783727305952 ], [ -73.299915941488393, 5.713797413146835 ], [ -73.299744067398308, 5.714257239297524 ], [ -73.299744336369201, 5.714774442546457 ], [ -73.300088832563802, 5.715291466045301 ], [ -73.300189193905169, 5.71537754251608 ], [ -73.30002612766981, 5.715759217243601 ], [ -73.299906853186712, 5.716238171903399 ], [ -73.299966864419844, 5.716717032009456 ], [ -73.300206129717026, 5.717135937768035 ], [ -73.300206410469968, 5.71767469149006 ], [ -73.300206660050321, 5.718153582774164 ], [ -73.300147148393762, 5.718632506205211 ], [ -73.299968080150506, 5.719051630579884 ], [ -73.299669487156336, 5.719470817323156 ], [ -73.299370893734874, 5.719890003022499 ], [ -73.299072299887087, 5.720309189488091 ], [ -73.298594356358251, 5.720608746080416 ], [ -73.29811638222651, 5.720848440768179 ], [ -73.297698169208616, 5.721088104074624 ], [ -73.297339749207822, 5.721387597658008 ], [ -73.296861711226427, 5.721507568286597 ], [ -73.296682423788923, 5.721507661020951 ], [ -73.296204294043264, 5.72144804649912 ], [ -73.295845565367074, 5.721148923796136 ], [ -73.295785556884709, 5.720670062273427 ], [ -73.295904835565693, 5.720191108317294 ], [ -73.29590458947348, 5.719712216879145 ], [ -73.295725087395908, 5.719293278471127 ], [ -73.295605317080117, 5.718814447668194 ], [ -73.295784388504103, 5.718395324489336 ], [ -73.296023221797725, 5.717976171355986 ], [ -73.296501195472501, 5.717736478465383 ], [ -73.296919344061735, 5.717377093019195 ], [ -73.297217907243919, 5.716898046086214 ], [ -73.297635931992147, 5.716299214903529 ], [ -73.297934555947961, 5.715939890720676 ], [ -73.297994070197831, 5.715460967392119 ] ] ] ] } },
{ "type": "Feature", "properties": { "fid": 80286, "Shape_Area": 2.4139999437000001e-05, "area_ha": 29.522235469283245, "tipo": "hidrica", "clas": "laminar y surcos", "gra": "moderada" }, "geometry": { "type": "MultiPolygon", "coordinates": [ [ [ [ -73.287653696676387, 5.746073400741977 ], [ -73.287194614696659, 5.745901230860227 ], [ -73.286735619215506, 5.745901461389451 ], [ -73.286276566315109, 5.745786757682083 ], [ -73.285817513580696, 5.745672052691532 ], [ -73.285358461013288, 5.745557348227635 ], [ -73.284899408612375, 5.745442643385047 ], [ -73.284440327864729, 5.74527047122001 ], [ -73.28398124737663, 5.74509829776639 ], [ -73.283579456115547, 5.744753694612371 ], [ -73.283177694620292, 5.744466559004593 ], [ -73.283292215869039, 5.744006765613506 ], [ -73.283751209971399, 5.744006537925088 ], [ -73.284210204055285, 5.744006309868041 ], [ -73.284669198120639, 5.744006081442592 ], [ -73.285128163591423, 5.743948385704812 ], [ -73.28558710033036, 5.743833221756745 ], [ -73.286046036868015, 5.743718058353807 ], [ -73.286504944492606, 5.743545427653714 ], [ -73.286963880581482, 5.743430262628237 ], [ -73.287422874074991, 5.743430032014317 ], [ -73.28788195409885, 5.743602202728312 ], [ -73.288283689170726, 5.743831868022369 ], [ -73.288685424555354, 5.744061533921126 ], [ -73.289087160251711, 5.744291198614746 ], [ -73.28954621238978, 5.744405901006701 ], [ -73.290005293761283, 5.744578069033025 ], [ -73.2904643462781, 5.744692769760718 ], [ -73.290923340639779, 5.744692536284731 ], [ -73.291382276570459, 5.744577368619446 ], [ -73.291841241550628, 5.744519667502857 ], [ -73.292300206420009, 5.744461966022243 ], [ -73.292759288552418, 5.744634131791713 ], [ -73.292988990790548, 5.745036283396701 ], [ -73.293046600004459, 5.745495990086681 ], [ -73.292989460736067, 5.745955755612954 ], [ -73.292530524104222, 5.746070924603373 ], [ -73.292071440858592, 5.745898758713679 ], [ -73.291612357872737, 5.745726592440235 ], [ -73.291153333522232, 5.745669358697 ], [ -73.290809261876461, 5.746014336377357 ], [ -73.290809524289784, 5.746531539472642 ], [ -73.290809757566251, 5.746991275650146 ], [ -73.291211554556355, 5.747335873396764 ], [ -73.291670580252912, 5.747393106117158 ], [ -73.292129606022854, 5.747450338463523 ], [ -73.292416684454281, 5.747852460876004 ], [ -73.292302170002131, 5.74831225570648 ], [ -73.292130133389435, 5.748484745376004 ], [ -73.292072876017244, 5.7487146423166 ], [ -73.291671399345262, 5.74900218298626 ], [ -73.291155114569619, 5.749174847201289 ], [ -73.290696145788161, 5.749232547949646 ], [ -73.290237147780999, 5.749232781426713 ], [ -73.289778149754909, 5.74923301453498 ], [ -73.289376410242596, 5.749003350555427 ], [ -73.289376178034104, 5.748543614351433 ], [ -73.289835088312429, 5.748370979957372 ], [ -73.290064354698131, 5.747911127257851 ], [ -73.289777277826261, 5.747509003581627 ], [ -73.289260877683148, 5.747451798392547 ], [ -73.288801852082599, 5.747394563726345 ], [ -73.28834276872584, 5.747222394845551 ], [ -73.288170414213312, 5.746762745421108 ], [ -73.288055433446459, 5.746303066999701 ], [ -73.287653696676387, 5.746073400741977 ] ] ] ] } },
{ "type": "Feature", "properties": { "fid": 80295, "Shape_Area": 0.000117358525627, "area_ha": 143.52303819876275, "tipo": "hidrica", "clas": "laminar y surcos", "gra": "moderada" }, "geometry": { "type": "MultiPolygon", "coordinates": [ [ [ [ -73.276239445476165, 5.752860151808534 ], [ -73.275952376222108, 5.75245802089438 ], [ -73.275550611796234, 5.752170880075482 ], [ -73.275091610831169, 5.752171101491456 ], [ -73.274632637411969, 5.752228789517176 ], [ -73.274231149005459, 5.752516318438779 ], [ -73.27417399412036, 5.752976082748773 ], [ -73.274231589440774, 5.753435791914796 ], [ -73.274231809685148, 5.753895528641522 ], [ -73.274232029947541, 5.754355265360971 ], [ -73.274060123489221, 5.754815084787936 ], [ -73.273601092873378, 5.754757837222655 ], [ -73.273600873102339, 5.75429810048513 ], [ -73.273600653349149, 5.753838363740442 ], [ -73.273715184790717, 5.753378571956773 ], [ -73.273772340071332, 5.752918807679805 ], [ -73.273714745189295, 5.752459098439147 ], [ -73.27337027451739, 5.751999526653549 ], [ -73.272911191436947, 5.751827345346669 ], [ -73.272509675030449, 5.75205740610005 ], [ -73.272165587960217, 5.752402372302697 ], [ -73.271706586679159, 5.75240259100525 ], [ -73.271247585380593, 5.752402809338662 ], [ -73.270788584064348, 5.752403027302648 ], [ -73.270329582730255, 5.752403244897664 ], [ -73.270157674497511, 5.752863063300197 ], [ -73.270100516300431, 5.753322827353145 ], [ -73.269641541270971, 5.753380511429725 ], [ -73.269182539109806, 5.753380728139177 ], [ -73.268780777184929, 5.753093582433564 ], [ -73.268608435187787, 5.75263392652414 ], [ -73.268378746280632, 5.752231764533008 ], [ -73.26803427988574, 5.751772189315261 ], [ -73.26786210111311, 5.751657336092705 ], [ -73.267402939257238, 5.751312748313239 ], [ -73.26694385830632, 5.751140561187697 ], [ -73.266484857838975, 5.751140775643705 ], [ -73.266370320886892, 5.751600567168737 ], [ -73.266600009050308, 5.752002729148899 ], [ -73.267059090613827, 5.752174916518527 ], [ -73.267059305050566, 5.752634653539417 ], [ -73.266715214212525, 5.75297961752409 ], [ -73.26625610535757, 5.752749962890277 ], [ -73.265911693654346, 5.752405320375033 ], [ -73.265452638848444, 5.752290600003505 ], [ -73.265223324924932, 5.752692976764592 ], [ -73.265108787598194, 5.753152767167478 ], [ -73.265223750906159, 5.753612450919888 ], [ -73.265338714414725, 5.754072134633589 ], [ -73.265166801664293, 5.754531951715592 ], [ -73.264765306630807, 5.754819474252372 ], [ -73.264306223514836, 5.754647285119177 ], [ -73.26384711416938, 5.754417629482646 ], [ -73.26338811095917, 5.754417841569023 ], [ -73.26298658864556, 5.75464789495868 ], [ -73.262872049182135, 5.755107684981283 ], [ -73.262757508647098, 5.755567474982513 ], [ -73.262700344301322, 5.756027238537911 ], [ -73.262700555380377, 5.756486975659357 ], [ -73.262700766476598, 5.756946712773868 ], [ -73.262299242136805, 5.757176766657722 ], [ -73.261840289261954, 5.757291911657774 ], [ -73.261381204901738, 5.757119721140612 ], [ -73.260979470142502, 5.75689003604765 ], [ -73.260577709524227, 5.756602884523943 ], [ -73.260864404623533, 5.756200483224973 ], [ -73.261151099326014, 5.755798081794239 ], [ -73.261323015692028, 5.755338265777823 ], [ -73.261093330596623, 5.754936100706118 ], [ -73.260748920484104, 5.75459145501884 ], [ -73.260347161639629, 5.754304302326432 ], [ -73.259945377094766, 5.753959683190715 ], [ -73.259658317415472, 5.753557543588215 ], [ -73.259256586761751, 5.753327857108445 ], [ -73.258797480340434, 5.753098197257998 ], [ -73.258395723495028, 5.752811043085217 ], [ -73.257936695482101, 5.752753783672347 ], [ -73.257477719233805, 5.752811458001872 ], [ -73.257447380315512, 5.75289260252174 ], [ -73.257305592862622, 5.752811535634521 ], [ -73.25661696127662, 5.752524510334467 ], [ -73.256215231587191, 5.752294821618591 ], [ -73.25598555040159, 5.751892654232449 ], [ -73.256272195186625, 5.751375321003536 ], [ -73.25667369241819, 5.751087804323561 ], [ -73.256903011913039, 5.750685430731153 ], [ -73.257304508340269, 5.750397914541452 ], [ -73.257706030213456, 5.750167864241973 ], [ -73.2581650043237, 5.750110189819395 ], [ -73.258681379152108, 5.750109956098072 ], [ -73.259312504616105, 5.75010966980409 ], [ -73.259886254270896, 5.750109408931849 ], [ -73.260517300359083, 5.749936720157621 ], [ -73.26097619535409, 5.749706641446721 ], [ -73.261549683053602, 5.749131707554227 ], [ -73.261893747767033, 5.748729279554652 ], [ -73.262409937859843, 5.748326772304722 ], [ -73.262983580082278, 5.748096640233484 ], [ -73.263442551819537, 5.748038961664349 ], [ -73.263901549915147, 5.748038749768455 ], [ -73.264360547993533, 5.748038537503533 ], [ -73.264819519495404, 5.747980857836126 ], [ -73.265221036461298, 5.747750802447172 ], [ -73.265220823682625, 5.747291065279001 ], [ -73.265163236400213, 5.746831354737367 ], [ -73.264990899372037, 5.746371697413792 ], [ -73.264875937968839, 5.74591201342264 ], [ -73.264933099919858, 5.745452249613379 ], [ -73.265162359132376, 5.744934938914412 ], [ -73.265563873872111, 5.744704883364705 ], [ -73.265850558876195, 5.744302479827866 ], [ -73.26607976350067, 5.743670234726835 ], [ -73.265907426817307, 5.743210577619038 ], [ -73.265677743838921, 5.742808414145713 ], [ -73.265448033691996, 5.742348783517912 ], [ -73.265218351400335, 5.741946619817327 ], [ -73.264988668535864, 5.741544456003965 ], [ -73.264701612951853, 5.741142318639334 ], [ -73.264414530388251, 5.740682714056163 ], [ -73.264242196927512, 5.740223056295065 ], [ -73.264012515474917, 5.739820892002399 ], [ -73.264356600480028, 5.73947593068209 ], [ -73.264815644726468, 5.739590652468848 ], [ -73.265217368454273, 5.739820334581623 ], [ -73.265447049825241, 5.740222498352011 ], [ -73.265676759041582, 5.74068212905371 ], [ -73.265906441098991, 5.741084292596497 ], [ -73.266193498372388, 5.741486429319366 ], [ -73.26659535751287, 5.742003446456181 ], [ -73.267054564709838, 5.742462969435337 ], [ -73.267800670068482, 5.74297982471694 ], [ -73.267858045095238, 5.742979797835517 ], [ -73.268489376574337, 5.743439238878921 ], [ -73.268891104420447, 5.743668919091363 ], [ -73.269350125805772, 5.743726170001707 ], [ -73.269694534021596, 5.744070810694609 ], [ -73.269924247343283, 5.744530439398034 ], [ -73.26998189223093, 5.745105083360329 ], [ -73.269752584215041, 5.745507461759018 ], [ -73.269523274982475, 5.745909840075967 ], [ -73.269179271417897, 5.746427206418105 ], [ -73.2691794873395, 5.746886943451102 ], [ -73.269237077832599, 5.747346653436693 ], [ -73.269581487356959, 5.747691294055869 ], [ -73.26992589819929, 5.748035934443408 ], [ -73.270327656994255, 5.748323079533122 ], [ -73.270729416185645, 5.748610225223501 ], [ -73.271131148576558, 5.748839902702116 ], [ -73.271475561030059, 5.749184542064825 ], [ -73.271705250731259, 5.749586702808131 ], [ -73.2718775941388, 5.750046357757412 ], [ -73.272222006876177, 5.750390996600572 ], [ -73.272623795808613, 5.750735607815159 ], [ -73.273082795718153, 5.7507353884385 ], [ -73.273656572812968, 5.750792580684958 ], [ -73.274115517718599, 5.750677425602532 ], [ -73.274574434873728, 5.750504804081913 ], [ -73.275033434523209, 5.750504583145585 ], [ -73.275492517984844, 5.750676762773253 ], [ -73.275607299303715, 5.750742384450234 ], [ -73.275377877893561, 5.750906686953215 ], [ -73.275435473887399, 5.75136639599458 ], [ -73.27589447419399, 5.751366174332929 ], [ -73.27635355768092, 5.751538353218109 ], [ -73.276697974827016, 5.751882989170952 ], [ -73.276985045182528, 5.752285119706244 ], [ -73.277386782521091, 5.75251479341614 ], [ -73.277669797092699, 5.752312107774003 ], [ -73.277673574067535, 5.752342252117217 ], [ -73.277673797033628, 5.752801988727754 ], [ -73.277846146236868, 5.753261641548306 ], [ -73.278133217205379, 5.75366377141512 ], [ -73.278477636711273, 5.754008406154867 ], [ -73.278649986054631, 5.754468058664884 ], [ -73.278879683857156, 5.754870216103996 ], [ -73.278879907890769, 5.755329952626596 ], [ -73.278708005882322, 5.755789773272511 ], [ -73.278593478109997, 5.756249565850567 ], [ -73.278593701967793, 5.756709302362196 ], [ -73.27866895434687, 5.756909995437354 ], [ -73.278307048376291, 5.757169178945219 ], [ -73.277848127243374, 5.757341803630254 ], [ -73.277389150086265, 5.757399494048741 ], [ -73.276930061541918, 5.757227316273259 ], [ -73.276470917715415, 5.756940203288309 ], [ -73.276298568347329, 5.756480550111633 ], [ -73.276068844785016, 5.756020924635095 ], [ -73.275953872294451, 5.755561243538921 ], [ -73.27578152380255, 5.755101590143909 ], [ -73.275781302266751, 5.754641853496594 ], [ -73.275895831162359, 5.754182061364588 ], [ -73.276125138834061, 5.753779680659989 ], [ -73.276239667310847, 5.753319888466706 ], [ -73.276239445476165, 5.752860151808534 ] ] ] ] } },
{ "type": "Feature", "properties": { "fid": 80211, "Shape_Area": 0.0014916256569239999, "area_ha": 1824.386919631442, "tipo": "hidrica", "clas": "laminar y surcos", "gra": "moderada" }, "geometry": { "type": "MultiPolygon", "coordinates": [ [ [ [ -73.262506880318711, 5.7035533919117 ], [ -73.262872543079695, 5.703444848318709 ], [ -73.263121420789062, 5.70342962028487 ], [ -73.263409095640981, 5.703476765605303 ], [ -73.263608537491095, 5.703568899293698 ], [ -73.263396903099078, 5.703690166138074 ], [ -73.262918816659862, 5.703690384739048 ], [ -73.262440730201945, 5.7036906029428 ], [ -73.262204148294131, 5.703690710724795 ], [ -73.262506880318711, 5.7035533919117 ] ] ] ] } },
{ "type": "Feature", "properties": { "fid": 65676, "Shape_Area": 0.0024051956234320002, "area_ha": 2941.4734108317007, "tipo": "hidrica", "clas": "laminar y surcos", "gra": "ligera" }, "geometry": { "type": "MultiPolygon", "coordinates": [ [ [ [ -73.199766236307354, 5.733591788860544 ], [ -73.2000224745629, 5.733857033781166 ], [ -73.200115407137119, 5.734114239573948 ], [ -73.200177338149828, 5.73430129083604 ], [ -73.200363713870019, 5.734480742725165 ], [ -73.200542324833791, 5.734652390761517 ], [ -73.200658456725492, 5.734995319620342 ], [ -73.200494721706903, 5.735267712407726 ], [ -73.200315373695943, 5.735579029120274 ], [ -73.200330356249339, 5.735952962433204 ], [ -73.200415225584862, 5.736397112635831 ], [ -73.200609011327714, 5.736818056713095 ], [ -73.200764042299113, 5.737153255863033 ], [ -73.20091177143803, 5.737176851591279 ], [ -73.201075018689195, 5.737223841436572 ], [ -73.201253749802561, 5.737317593329919 ], [ -73.201424524865686, 5.737528177674895 ], [ -73.201502129935989, 5.737637354552307 ], [ -73.201553492097702, 5.737676952713916 ], [ -73.200913336699912, 5.738631197861347 ], [ -73.200610851959254, 5.739047001810002 ], [ -73.200584476347174, 5.739130213786675 ], [ -73.20040818078283, 5.739192020822681 ], [ -73.199832006180571, 5.739627364068133 ], [ -73.199341676991992, 5.73986809610149 ], [ -73.199033254925752, 5.73993934806078 ], [ -73.198963045976143, 5.740079459729087 ], [ -73.199048057835924, 5.74043012925176 ], [ -73.199179458757058, 5.740960036302856 ], [ -73.199287897708672, 5.741248424751949 ], [ -73.199450741154934, 5.741560268016157 ], [ -73.199879009873129, 5.741218174339248 ], [ -73.200470693340733, 5.740814011782001 ], [ -73.200649889380472, 5.740603964258167 ], [ -73.201016105563241, 5.740152717204551 ], [ -73.201273037339448, 5.739966153994101 ], [ -73.201856692184919, 5.739725565687049 ], [ -73.202385906198884, 5.739484891989873 ], [ -73.202684983266735, 5.739338400520496 ], [ -73.202909088217325, 5.739730898414564 ], [ -73.203253476011412, 5.740133048220628 ], [ -73.203597863387358, 5.740535197796817 ], [ -73.203920893430166, 5.740812330334734 ], [ -73.203999605902084, 5.740879859378765 ], [ -73.204401307945886, 5.741109585157801 ], [ -73.204917758746944, 5.741339270435731 ], [ -73.205376835705977, 5.741568974936627 ], [ -73.205835871780891, 5.741683745376577 ], [ -73.206294908026905, 5.741798514536242 ], [ -73.206811318715609, 5.741913262570051 ], [ -73.207327730498434, 5.742028010129275 ], [ -73.207901536688837, 5.742200204541746 ], [ -73.20841792712946, 5.742257483817639 ], [ -73.209049108154147, 5.742429655233082 ], [ -73.209737643752476, 5.742544337614561 ], [ -73.210196639238802, 5.742544169038297 ], [ -73.210655676925853, 5.742658935541613 ], [ -73.211114714783719, 5.742773700764189 ], [ -73.211573774012834, 5.742945932878456 ], [ -73.212032812259622, 5.743060698252521 ], [ -73.212491871970315, 5.743232929608837 ], [ -73.213008306342829, 5.743405139207937 ], [ -73.213467345205117, 5.743519903403751 ], [ -73.213926384237936, 5.743634666318655 ], [ -73.214328091973925, 5.743864384885512 ], [ -73.214729800024998, 5.744094104061105 ], [ -73.214787174484968, 5.744094082502329 ], [ -73.215016845631339, 5.744553735128875 ], [ -73.215131767151888, 5.74501343085285 ], [ -73.215189335845878, 5.745530615398025 ], [ -73.215074780698728, 5.746047864743218 ], [ -73.215017621627283, 5.746622559719981 ], [ -73.214788272633712, 5.747024917689146 ], [ -73.215075298272893, 5.747427081378362 ], [ -73.215534362352514, 5.747599311005388 ], [ -73.215993383373359, 5.74765660486463 ], [ -73.216394921150709, 5.747426582985725 ], [ -73.216624268238604, 5.74702422441419 ], [ -73.216681469169714, 5.746564463825678 ], [ -73.216738626563085, 5.745989768744096 ], [ -73.216681056415609, 5.745472584417655 ], [ -73.216680882648291, 5.745012845564077 ], [ -73.216852789823008, 5.744438106927987 ], [ -73.217196884356156, 5.744035704593102 ], [ -73.217483561319284, 5.743518389408962 ], [ -73.217598113854933, 5.743001138730961 ], [ -73.217827437505036, 5.742541312468177 ], [ -73.21817153114813, 5.742138910493509 ], [ -73.218687900305156, 5.742138713215581 ], [ -73.219089630703706, 5.742425895655913 ], [ -73.219147180645507, 5.742885612485168 ], [ -73.219204730693434, 5.743345329297824 ], [ -73.21920490643339, 5.743805068100585 ], [ -73.219319831107612, 5.744264762873172 ], [ -73.219549505892644, 5.744724413535209 ], [ -73.220008657200026, 5.745126508539443 ], [ -73.220467676542398, 5.745183798866947 ], [ -73.220926695962646, 5.745241088822127 ], [ -73.221385737653861, 5.745355846534835 ], [ -73.221844823994559, 5.745585537412524 ], [ -73.222189206036887, 5.745930207886204 ], [ -73.222304133572209, 5.746389901916018 ], [ -73.222533833031491, 5.746907018437923 ], [ -73.222935591041448, 5.747251666044747 ], [ -73.223394589894156, 5.7472514867261 ], [ -73.223853566284674, 5.747193839826593 ], [ -73.224312407612331, 5.746791388394058 ], [ -73.224713941234086, 5.746561360811995 ], [ -73.225115429385767, 5.746216399446212 ], [ -73.225516894441739, 5.745813969700009 ], [ -73.22551671357769, 5.745354231127465 ], [ -73.225344341468769, 5.744722157909507 ], [ -73.224999958357557, 5.744377490273394 ], [ -73.224712927554378, 5.743975331734532 ], [ -73.224311103459286, 5.743458282733229 ], [ -73.224253549322896, 5.74299856659519 ], [ -73.224310743828312, 5.742538805428467 ], [ -73.224712229511226, 5.7421938443984 ], [ -73.225285859862879, 5.741906281618412 ], [ -73.225687389723362, 5.74167625436769 ], [ -73.226088896605063, 5.741388758725975 ], [ -73.226490425766997, 5.741158730028928 ], [ -73.226949442364173, 5.741216016162809 ], [ -73.227465878739508, 5.741388212617551 ], [ -73.228039575342621, 5.741273049680103 ], [ -73.22855576111931, 5.740813104972005 ], [ -73.228670326042277, 5.740353320547229 ], [ -73.228670051221229, 5.739663712253048 ], [ -73.228440302828744, 5.739031663750438 ], [ -73.228038547613778, 5.738687019817291 ], [ -73.227808824051579, 5.738112438210464 ], [ -73.227980717243611, 5.737537695697881 ], [ -73.228267381254454, 5.737020375493955 ], [ -73.228668906495784, 5.736790346293617 ], [ -73.228955592441707, 5.736330492984223 ], [ -73.229357116012693, 5.736100462420779 ], [ -73.229873480243441, 5.736100255257384 ], [ -73.230332516057331, 5.73621500513741 ], [ -73.230848902556943, 5.736272265200739 ], [ -73.231365242827565, 5.736214588576956 ], [ -73.231766742994921, 5.735927090066241 ], [ -73.23222570926265, 5.735869436816586 ], [ -73.232684745284303, 5.735984184799293 ], [ -73.232891243602126, 5.736314823229179 ], [ -73.232971799710128, 5.73644380658294 ], [ -73.233086757834485, 5.73696096552527 ], [ -73.233086991162054, 5.737535638376244 ], [ -73.232972499355981, 5.738167826051097 ], [ -73.232915312122714, 5.738627587860321 ], [ -73.232628652553046, 5.739144910227481 ], [ -73.232355425226388, 5.739528378199566 ], [ -73.232341945040559, 5.739547298077639 ], [ -73.231997839919359, 5.739892241875964 ], [ -73.23153882404381, 5.739834959769439 ], [ -73.231079761961951, 5.739662743799954 ], [ -73.230563349294584, 5.739548017779839 ], [ -73.230104402923814, 5.739663137015725 ], [ -73.229817693346206, 5.740065523674843 ], [ -73.229875252436329, 5.740525239135195 ], [ -73.230162284031337, 5.740927395055508 ], [ -73.230621462405338, 5.741386948612501 ], [ -73.230908495867311, 5.741789104107909 ], [ -73.231023452510101, 5.742306263400678 ], [ -73.23062206315609, 5.74288109839398 ], [ -73.230335353337182, 5.743283485316908 ], [ -73.230565058559137, 5.743800598429914 ], [ -73.23090944452332, 5.7441452635058 ], [ -73.23136851020098, 5.7443174794426 ], [ -73.231827506434456, 5.744317293442407 ], [ -73.232286432809303, 5.744144705521933 ], [ -73.232745335569007, 5.743914649155613 ], [ -73.233491040384138, 5.743512074682826 ], [ -73.233949989013638, 5.743396951741943 ], [ -73.234408913955519, 5.743224362167666 ], [ -73.234810439898922, 5.742994327724773 ], [ -73.23538418440063, 5.742994091765468 ], [ -73.235900553708916, 5.742993878910283 ], [ -73.236359548733731, 5.742993689313721 ], [ -73.236875823063428, 5.742763606906863 ], [ -73.237219926783894, 5.742418660256988 ], [ -73.237564030090539, 5.742073713412879 ], [ -73.237965530051383, 5.741786210569842 ], [ -73.238424476269017, 5.741671085028599 ], [ -73.238870824157004, 5.741770238205277 ], [ -73.238909202278307, 5.74146167323363 ], [ -73.238851635861977, 5.741001958997174 ], [ -73.238966193385238, 5.740542172847086 ], [ -73.239138123797204, 5.740082362688213 ], [ -73.239482224559481, 5.739737414767717 ], [ -73.239826324908506, 5.739392467558389 ], [ -73.240170423940071, 5.739047519250619 ], [ -73.240342474203999, 5.738875044571444 ], [ -73.240342305748698, 5.738472774440993 ], [ -73.240514234489808, 5.738012963907522 ], [ -73.24074356167489, 5.737610596350862 ], [ -73.241030261308936, 5.737208204546505 ], [ -73.241431757032103, 5.736920698530753 ], [ -73.241489106495237, 5.736863207161548 ], [ -73.241775975544101, 5.736863086031406 ], [ -73.242234892727652, 5.736690490452531 ], [ -73.242464217284862, 5.736288122261328 ], [ -73.24246402315373, 5.735828384094873 ], [ -73.242234359372162, 5.735426210246999 ], [ -73.242176792017347, 5.73496649633438 ], [ -73.242406115978611, 5.734564128169666 ], [ -73.24257804290545, 5.734104317071854 ], [ -73.242922137178141, 5.733759367248979 ], [ -73.243381075885281, 5.733644238010413 ], [ -73.243667748281325, 5.733184377832572 ], [ -73.244069264291454, 5.732954337258434 ], [ -73.244528177634606, 5.732781739979202 ], [ -73.244569287819274, 5.732797161633528 ], [ -73.244987237716998, 5.732953945263375 ], [ -73.245331625205552, 5.733298601698152 ], [ -73.245503941453308, 5.733758266029952 ], [ -73.245733607655723, 5.73416043851978 ], [ -73.245848551121242, 5.734620127333869 ], [ -73.246078217025911, 5.735022299648904 ], [ -73.246537279339407, 5.735194503580203 ], [ -73.246938795485789, 5.734964461903644 ], [ -73.247282863682472, 5.734562042419611 ], [ -73.247512184733637, 5.734159672363035 ], [ -73.247741504568012, 5.733757302223182 ], [ -73.248028198244015, 5.733354907150499 ], [ -73.247855879240319, 5.7328952436539 ], [ -73.247568839869132, 5.732493096844223 ], [ -73.247109779475636, 5.732320893644214 ], [ -73.246708043131889, 5.732033730151954 ], [ -73.24647837717788, 5.731631558015806 ], [ -73.246478179994085, 5.731171819913129 ], [ -73.246529910162849, 5.730755844910448 ], [ -73.246535355820129, 5.730712057114829 ], [ -73.246822048939407, 5.730309663537128 ], [ -73.247223561633064, 5.730079620868707 ], [ -73.247625049241321, 5.729792110783251 ], [ -73.248083909308946, 5.729504576497789 ], [ -73.248427998402406, 5.729159623570979 ], [ -73.248886907305462, 5.728987022963565 ], [ -73.249288642476301, 5.729274184098585 ], [ -73.249346015314245, 5.729274159134945 ], [ -73.250034690215898, 5.729733597133134 ], [ -73.250436426463466, 5.730020758312946 ], [ -73.250608745632519, 5.730480421027096 ], [ -73.250551573097823, 5.730940184093299 ], [ -73.250437027442274, 5.73139997223825 ], [ -73.250265108526548, 5.731859785433414 ], [ -73.250265308764142, 5.732319523392391 ], [ -73.250380255384982, 5.732779211185289 ], [ -73.250781993990131, 5.733066371991754 ], [ -73.251241055962112, 5.733238572169739 ], [ -73.251700118195572, 5.73341077196676 ], [ -73.252044509822724, 5.733755424172045 ], [ -73.252159458189169, 5.734215111509798 ], [ -73.251987539027084, 5.734674925154025 ], [ -73.251758221902662, 5.735077296867928 ], [ -73.251758448643102, 5.735594501840865 ], [ -73.251899377591599, 5.735841277894849 ], [ -73.251805416732054, 5.735853084164546 ], [ -73.251506753970773, 5.736212385947226 ], [ -73.251626492316234, 5.736691226350786 ], [ -73.251746229974515, 5.737170067617683 ], [ -73.252104947413898, 5.737469218381932 ], [ -73.252436290000276, 5.737706056755201 ], [ -73.252766180392314, 5.737469816272608 ], [ -73.253225094370009, 5.737297212004989 ], [ -73.253741381660234, 5.737124581942226 ], [ -73.253970648176619, 5.73660727436959 ], [ -73.254142565331335, 5.736147460205814 ], [ -73.254371882041141, 5.735745087605835 ], [ -73.2547732932033, 5.735285171233159 ], [ -73.255174729259807, 5.73488272260937 ], [ -73.255461417189281, 5.734480324034109 ], [ -73.255977726833407, 5.734365158276091 ], [ -73.256436714261895, 5.734364952867281 ], [ -73.256895650268234, 5.73424981289503 ], [ -73.257354560327371, 5.734077205466633 ], [ -73.25764124720763, 5.733674805874386 ], [ -73.257755761623798, 5.733157549464408 ], [ -73.257640809077998, 5.732697863423027 ], [ -73.257640577157758, 5.732180658635571 ], [ -73.257640371024422, 5.731720920938244 ], [ -73.257754885130339, 5.731203663605811 ], [ -73.258098969136711, 5.730858706007325 ], [ -73.258558005394775, 5.730973433217798 ], [ -73.258845052311869, 5.731375574234619 ], [ -73.258845259396594, 5.731835311893406 ], [ -73.258845466498144, 5.732295049545087 ], [ -73.258903046759485, 5.732754761253091 ], [ -73.259075373505084, 5.733214421038724 ], [ -73.259419769237184, 5.73355906861832 ], [ -73.259764165382137, 5.733903715063036 ], [ -73.259936493191219, 5.734363374524321 ], [ -73.259821954568793, 5.734823164187731 ], [ -73.25993690934223, 5.735282849659427 ], [ -73.26033862818133, 5.735512536364297 ], [ -73.260797590269647, 5.735454860339985 ], [ -73.261199100439285, 5.735224808002613 ], [ -73.261657983632801, 5.734994730078995 ], [ -73.262117023814653, 5.735109454237715 ], [ -73.262575985339367, 5.735051776809371 ], [ -73.26297746815186, 5.734764256197934 ], [ -73.263321524569449, 5.734361827576663 ], [ -73.263780538119192, 5.734419084251101 ], [ -73.264010216174768, 5.734821247914908 ], [ -73.264010427519679, 5.735280985328359 ], [ -73.2640106388817, 5.735740722734363 ], [ -73.264010665303601, 5.735798190701473 ], [ -73.263896182571443, 5.736372915144273 ], [ -73.264068514462224, 5.736832573137178 ], [ -73.26447023593397, 5.73706225589973 ], [ -73.264929251726869, 5.737119511542801 ], [ -73.265388267594346, 5.737176765908544 ], [ -73.265847283536573, 5.737234019901507 ], [ -73.265977750442914, 5.737250293493048 ], [ -73.266306299553662, 5.737291273522203 ], [ -73.266650701983451, 5.737635916391127 ], [ -73.266823036467372, 5.738095573414682 ], [ -73.266651129128888, 5.73855539092267 ], [ -73.266651342727869, 5.739015128177357 ], [ -73.26699574643709, 5.739359769855355 ], [ -73.267405466981756, 5.739308277127805 ], [ -73.267454710670108, 5.739302088388285 ], [ -73.267798792310259, 5.738957125101592 ], [ -73.268142874440002, 5.738612160717594 ], [ -73.268601837920357, 5.738554478361777 ], [ -73.269060828231432, 5.738554262675109 ], [ -73.269457206743311, 5.738653320340859 ], [ -73.269519872497426, 5.73866898068087 ], [ -73.269864277631996, 5.739013621470235 ], [ -73.270266002801009, 5.739243299966688 ], [ -73.270725020709847, 5.739300549942129 ], [ -73.271005142504578, 5.739265343399381 ], [ -73.271183984380912, 5.73924286550249 ], [ -73.271642893540218, 5.739070246659935 ], [ -73.272044374233076, 5.73878271980783 ], [ -73.272273678131796, 5.738380340598383 ], [ -73.272494813821027, 5.73815863520548 ], [ -73.272617757116393, 5.738035374563992 ], [ -73.273076719519509, 5.737977687755233 ], [ -73.273478445123374, 5.738207364882498 ], [ -73.273678792761416, 5.738407847093754 ], [ -73.273822852232456, 5.738552003194684 ], [ -73.274109912614051, 5.738954135778442 ], [ -73.274511639298566, 5.739183811215185 ], [ -73.274913366295948, 5.73941348725748 ], [ -73.275315121176959, 5.739700629095921 ], [ -73.275716848840602, 5.739930304536927 ], [ -73.276061258312666, 5.740274940461688 ], [ -73.276405668198777, 5.740619577060045 ], [ -73.276807396019763, 5.740849251676252 ], [ -73.277266471170719, 5.741021430283126 ], [ -73.277429329948404, 5.741000960012286 ], [ -73.277381303194886, 5.741193776501632 ], [ -73.277840378776489, 5.741365954624086 ], [ -73.278299287346044, 5.741193330467866 ], [ -73.278758195623482, 5.74102070505063 ], [ -73.279159701792594, 5.740790641213664 ], [ -73.279618609461636, 5.740618015131702 ], [ -73.279715943424264, 5.740562241746147 ], [ -73.279847964632836, 5.740330567990952 ], [ -73.279946937157831, 5.740214798229147 ], [ -73.280249610200997, 5.740387838304571 ], [ -73.280708573413051, 5.740330146228075 ], [ -73.281167536514715, 5.740272452882834 ], [ -73.281626555920582, 5.740329694920433 ], [ -73.281794836578172, 5.740565424844533 ], [ -73.281741416378964, 5.740559506273655 ], [ -73.281397342606397, 5.740904478478797 ], [ -73.281282819414116, 5.741364271584757 ], [ -73.281627232970379, 5.741708904840948 ], [ -73.282028964391202, 5.741938574735741 ], [ -73.2820865644386, 5.74239828303547 ], [ -73.281914668426509, 5.74285810453955 ], [ -73.281455731575534, 5.742973264635907 ], [ -73.281053971458164, 5.742686127404397 ], [ -73.280938998208853, 5.742226447162295 ], [ -73.280709304500249, 5.741824290197826 ], [ -73.280250283947396, 5.741767048385839 ], [ -73.279848777588484, 5.741997112992692 ], [ -73.279447270898913, 5.742227178236533 ], [ -73.279160596727195, 5.742629588120053 ], [ -73.279103446426518, 5.743089352844152 ], [ -73.279218418429309, 5.743549033504962 ], [ -73.279620178315724, 5.743836172033355 ], [ -73.280021938598281, 5.744123311161673 ], [ -73.280481017257614, 5.744295486993508 ], [ -73.280939955387964, 5.744180327623781 ], [ -73.281398893316975, 5.744065167893893 ], [ -73.28180065369196, 5.744352305718678 ], [ -73.281858057038505, 5.744409744384427 ], [ -73.281800851408775, 5.744754574431397 ], [ -73.281399344595798, 5.744984641079839 ], [ -73.280940405939759, 5.745099800842411 ], [ -73.280424063782618, 5.745157521439467 ], [ -73.279965040562729, 5.745100279534029 ], [ -73.27950604543463, 5.745100504224467 ], [ -73.279047050288284, 5.74510072854622 ], [ -73.278588055123919, 5.745100952499513 ], [ -73.278129115701631, 5.745216110035642 ], [ -73.277727661755364, 5.745561108142681 ], [ -73.277613135739671, 5.746020900626945 ], [ -73.277498609556915, 5.746480693089381 ], [ -73.277097182145781, 5.746883157776892 ], [ -73.276753100929909, 5.747228127430844 ], [ -73.276294103972134, 5.747228349623413 ], [ -73.275835079336218, 5.747171104464542 ], [ -73.275376027160746, 5.747056391041269 ], [ -73.274802198625309, 5.746884266367658 ], [ -73.274285772378221, 5.746769580547493 ], [ -73.273884287481678, 5.747057108201091 ], [ -73.273654980659273, 5.747459488046445 ], [ -73.273253468458449, 5.747689549198128 ], [ -73.272794470995848, 5.747689768596274 ], [ -73.272794689865805, 5.748149505470622 ], [ -73.273024407403682, 5.748609132667582 ], [ -73.273426168064702, 5.748896276384528 ], [ -73.273885221415696, 5.749010990410568 ], [ -73.274286982770377, 5.749298132578758 ], [ -73.274688716964988, 5.749527808363609 ], [ -73.275090230698254, 5.749297746183458 ], [ -73.275549146436902, 5.749125123937915 ], [ -73.276008172629986, 5.749182369249127 ], [ -73.276409935102265, 5.749469510770552 ], [ -73.276697003067909, 5.749871641553113 ], [ -73.276639850337006, 5.750331406045007 ], [ -73.276238336573101, 5.750561468406488 ], [ -73.275779364595792, 5.750619157290203 ], [ -73.275607299303715, 5.750742384450234 ], [ -73.275492517984844, 5.750676762773253 ], [ -73.275033434523209, 5.750504583145585 ], [ -73.274574434873728, 5.750504804081913 ], [ -73.274115517718599, 5.750677425602532 ], [ -73.273656572812968, 5.750792580684958 ], [ -73.273082795718153, 5.7507353884385 ], [ -73.272623795808613, 5.750735607815159 ], [ -73.272222006876177, 5.750390996600572 ], [ -73.2718775941388, 5.750046357757412 ], [ -73.271705250731259, 5.749586702808131 ], [ -73.271475561030059, 5.749184542064825 ], [ -73.271131148576558, 5.748839902702116 ], [ -73.270729416185645, 5.748610225223501 ], [ -73.270327656994255, 5.748323079533122 ], [ -73.26992589819929, 5.748035934443408 ], [ -73.269581487356959, 5.747691294055869 ], [ -73.269237077832599, 5.747346653436693 ], [ -73.2691794873395, 5.746886943451102 ], [ -73.269179271417897, 5.746427206418105 ], [ -73.269523274982475, 5.745909840075967 ], [ -73.269752584215041, 5.745507461759018 ], [ -73.26998189223093, 5.745105083360329 ], [ -73.269924247343283, 5.744530439398034 ], [ -73.269694534021596, 5.744070810694609 ], [ -73.269350125805772, 5.743726170001707 ], [ -73.268891104420447, 5.743668919091363 ], [ -73.268489376574337, 5.743439238878921 ], [ -73.267858045095238, 5.742979797835517 ], [ -73.267800670068482, 5.74297982471694 ], [ -73.267054564709838, 5.742462969435337 ], [ -73.26659535751287, 5.742003446456181 ], [ -73.266193498372388, 5.741486429319366 ], [ -73.265906441098991, 5.741084292596497 ], [ -73.265676759041582, 5.74068212905371 ], [ -73.265447049825241, 5.740222498352011 ], [ -73.265217368454273, 5.739820334581623 ], [ -73.264815644726468, 5.739590652468848 ], [ -73.264356600480028, 5.73947593068209 ], [ -73.264012515474917, 5.739820892002399 ], [ -73.264242196927512, 5.740223056295065 ], [ -73.264414530388251, 5.740682714056163 ], [ -73.264701612951853, 5.741142318639334 ], [ -73.264988668535864, 5.741544456003965 ], [ -73.265218351400335, 5.741946619817327 ], [ -73.265448033691996, 5.742348783517912 ], [ -73.265677743838921, 5.742808414145713 ], [ -73.265907426817307, 5.743210577619038 ], [ -73.26607976350067, 5.743670234726835 ], [ -73.265850558876195, 5.744302479827866 ], [ -73.265563873872111, 5.744704883364705 ], [ -73.265162359132376, 5.744934938914412 ], [ -73.264933099919858, 5.745452249613379 ], [ -73.264875937968839, 5.74591201342264 ], [ -73.264990899372037, 5.746371697413792 ], [ -73.265163236400213, 5.746831354737367 ], [ -73.265220823682625, 5.747291065279001 ], [ -73.265221036461298, 5.747750802447172 ], [ -73.264819519495404, 5.747980857836126 ], [ -73.264360547993533, 5.748038537503533 ], [ -73.263901549915147, 5.748038749768455 ], [ -73.263442551819537, 5.748038961664349 ], [ -73.262983580082278, 5.748096640233484 ], [ -73.262409937859843, 5.748326772304722 ], [ -73.261893747767033, 5.748729279554652 ], [ -73.261549683053602, 5.749131707554227 ], [ -73.26097619535409, 5.749706641446721 ], [ -73.260517300359083, 5.749936720157621 ], [ -73.259886254270896, 5.750109408931849 ], [ -73.259312504616105, 5.75010966980409 ], [ -73.258681379152108, 5.750109956098072 ], [ -73.2581650043237, 5.750110189819395 ], [ -73.257706030213456, 5.750167864241973 ], [ -73.257304508340269, 5.750397914541452 ], [ -73.256903011913039, 5.750685430731153 ], [ -73.25667369241819, 5.751087804323561 ], [ -73.256272195186625, 5.751375321003536 ], [ -73.25598555040159, 5.751892654232449 ], [ -73.256215231587191, 5.752294821618591 ], [ -73.25661696127662, 5.752524510334467 ], [ -73.257305592862622, 5.752811535634521 ], [ -73.257447380315512, 5.75289260252174 ], [ -73.257305799490723, 5.75327127300551 ], [ -73.257478132783376, 5.753730932724011 ], [ -73.257478339583258, 5.754190670073854 ], [ -73.257478546399966, 5.754650407416477 ], [ -73.257822979654577, 5.755052522217284 ], [ -73.257880589005026, 5.755569700647698 ], [ -73.257651293384242, 5.756029541671978 ], [ -73.257192314484712, 5.756087215884236 ], [ -73.256975525987173, 5.756005902224217 ], [ -73.256946805991106, 5.75593408133102 ], [ -73.256707547570102, 5.755503185153941 ], [ -73.256181540306216, 5.755359753050413 ], [ -73.255751352187417, 5.755647282348775 ], [ -73.255608234460681, 5.756365686703248 ], [ -73.255417196214751, 5.756844664849837 ], [ -73.254939107938924, 5.756940657829091 ], [ -73.254508726259303, 5.756797182378364 ], [ -73.253934884636919, 5.756605880954055 ], [ -73.253456753824821, 5.756606093643313 ], [ -73.252978665344813, 5.756702084080757 ], [ -73.252644164572757, 5.757133236386778 ], [ -73.252453165843463, 5.757707992702933 ], [ -73.252118685215578, 5.758187034256537 ], [ -73.251688471782586, 5.758426671116581 ], [ -73.251162610062124, 5.758618460271805 ], [ -73.250636706900764, 5.758714470796178 ], [ -73.25011094924389, 5.759145704864522 ], [ -73.249633046124927, 5.759672697512428 ], [ -73.249155122164495, 5.760151800252345 ], [ -73.248629362056988, 5.760583033943021 ], [ -73.248103477358086, 5.760726930853764 ], [ -73.247434109999631, 5.760775111409657 ], [ -73.247003727029039, 5.760631629451098 ], [ -73.246573282304837, 5.760344480334709 ], [ -73.246142817389568, 5.760009440420504 ], [ -73.245329908032033, 5.759818233561077 ], [ -73.244851815233119, 5.7599142182533 ], [ -73.244134860637132, 5.760489197815559 ], [ -73.243656930315694, 5.760968296158239 ], [ -73.243322439404096, 5.761447332895102 ], [ -73.242987887771392, 5.761782700786796 ], [ -73.242605521983307, 5.762118088855402 ], [ -73.24217528107755, 5.762309829242838 ], [ -73.241697185571411, 5.762405811390579 ], [ -73.24102777500417, 5.762358205403189 ], [ -73.240740672205334, 5.761831544222559 ], [ -73.240788263153661, 5.761304740636717 ], [ -73.241122776370332, 5.760873594862346 ], [ -73.241505142268295, 5.760538207772527 ], [ -73.241839592834822, 5.759963393827093 ], [ -73.241839390297912, 5.759484500013286 ], [ -73.24155226809529, 5.758909949594624 ], [ -73.241026260859883, 5.75876650350051 ], [ -73.240261268755319, 5.758814715985181 ], [ -73.23987880276843, 5.758910656200953 ], [ -73.239352896100513, 5.759006655502617 ], [ -73.23887476365843, 5.75900685604978 ], [ -73.238396610333041, 5.758959166620457 ], [ -73.23806169736514, 5.758432523847148 ], [ -73.238061418322388, 5.757762072464743 ], [ -73.238395931699927, 5.757330928237423 ], [ -73.238587004556109, 5.756899843856615 ], [ -73.238443385808011, 5.756468899443291 ], [ -73.237965135047773, 5.756181763460063 ], [ -73.237247918635035, 5.756134172654583 ], [ -73.236769867788382, 5.756325928776505 ], [ -73.236244002386684, 5.75651770431773 ], [ -73.235765910481575, 5.756613681350643 ], [ -73.235287799609011, 5.756661767493199 ], [ -73.234618435285938, 5.756709932855017 ], [ -73.234044756281378, 5.756901726077899 ], [ -73.233471075967714, 5.757093518738429 ], [ -73.233088687844486, 5.757381011887333 ], [ -73.232945424060631, 5.757812075063441 ], [ -73.232850031129999, 5.758386786564415 ], [ -73.232850245599082, 5.758913570304799 ], [ -73.232850460087775, 5.759440353130515 ], [ -73.232994193503885, 5.760158635700634 ], [ -73.23181837502068, 5.761126481154179 ], [ -73.231473931374012, 5.760666882955547 ], [ -73.231072205176019, 5.760437176409368 ], [ -73.230613195995375, 5.760437362321227 ], [ -73.230211655393987, 5.760667394234247 ], [ -73.229867537662187, 5.761012336150486 ], [ -73.22963819396108, 5.761414699705767 ], [ -73.229236675314837, 5.761702198128035 ], [ -73.228835133252403, 5.761932228213311 ], [ -73.228433590859652, 5.762162258931482 ], [ -73.228032049039314, 5.76239228847254 ], [ -73.228032071966823, 5.762449755637078 ], [ -73.227630551761479, 5.762737252978013 ], [ -73.227114369881065, 5.763254664475824 ], [ -73.226712848639011, 5.763542161202338 ], [ -73.226311304227067, 5.763772189584984 ], [ -73.225909759484807, 5.764002218600751 ], [ -73.225565636222655, 5.764347158965734 ], [ -73.225106669007744, 5.764462274910272 ], [ -73.224705123272884, 5.764692302203969 ], [ -73.224246133027236, 5.764749951201225 ], [ -73.22378716518466, 5.76486506610371 ], [ -73.223328219608447, 5.765037647821146 ], [ -73.222754610284596, 5.765440143700118 ], [ -73.222410484211082, 5.765785082248954 ], [ -73.222009003417156, 5.766187510157181 ], [ -73.221607477461987, 5.766475002530001 ], [ -73.221205951097659, 5.766762495537193 ], [ -73.220632227503415, 5.766877652550193 ], [ -73.220173212817883, 5.766877830251929 ], [ -73.219714286553767, 5.767107877241415 ], [ -73.219484934167269, 5.767510236995975 ], [ -73.219255602627811, 5.767970063853113 ], [ -73.218968893845158, 5.768429912701379 ], [ -73.218567431649319, 5.768889805497395 ], [ -73.21816588005936, 5.769119828364069 ], [ -73.21776437198281, 5.769464786244498 ], [ -73.217477639370486, 5.769867167200402 ], [ -73.217248328085702, 5.770384460498235 ], [ -73.216961638355428, 5.770901775594382 ], [ -73.216617527296137, 5.771304178024536 ], [ -73.216215973206943, 5.771534200494386 ], [ -73.215814506630352, 5.771994091463455 ], [ -73.215527793110823, 5.772453938693616 ], [ -73.215298434799365, 5.772856295972815 ], [ -73.21524123091092, 5.773316056139834 ], [ -73.21524140437981, 5.773775794581979 ], [ -73.215471066984207, 5.774177978899331 ], [ -73.215815463204194, 5.774522652371274 ], [ -73.216274527755161, 5.774637412325035 ], [ -73.216733548801415, 5.774637237532545 ], [ -73.217307259176891, 5.774464616974171 ], [ -73.217766258111112, 5.774406974172564 ], [ -73.21839745539944, 5.774521666447583 ], [ -73.218856542443177, 5.774693891472964 ], [ -73.219200940955488, 5.775038562799466 ], [ -73.219488006540018, 5.775498190397286 ], [ -73.219832405019986, 5.775842861298543 ], [ -73.220291471330086, 5.77595761793259 ], [ -73.220750515563395, 5.776014907022727 ], [ -73.221152070789515, 5.775784882241794 ], [ -73.221611003274631, 5.775554833917738 ], [ -73.222069913000837, 5.775267318978592 ], [ -73.222528889526586, 5.775152205166421 ], [ -73.223045356671037, 5.775324404275466 ], [ -73.223389779622721, 5.7757265401018 ], [ -73.223275294454766, 5.776416191963278 ], [ -73.222759051677087, 5.776818665585893 ], [ -73.222128029356554, 5.777163716468863 ], [ -73.221726474504351, 5.777393741949822 ], [ -73.221439763313811, 5.777853591996916 ], [ -73.221382564050543, 5.778313352533075 ], [ -73.221784321841028, 5.778600532592179 ], [ -73.222300723802334, 5.77860033078241 ], [ -73.222759658011739, 5.77837028238929 ], [ -73.223161191495763, 5.778082788117842 ], [ -73.223734903105992, 5.777910161034754 ], [ -73.224251304372899, 5.777909957476311 ], [ -73.224481020236908, 5.778427072083105 ], [ -73.224653357709201, 5.778944209263102 ], [ -73.224653538941311, 5.779403947322294 ], [ -73.224940588464221, 5.779806104699901 ], [ -73.225342349031791, 5.780093281212885 ], [ -73.225801442510601, 5.780265501246333 ], [ -73.226260467791917, 5.780265318585123 ], [ -73.226719515925311, 5.780322602686851 ], [ -73.227293228546444, 5.780149971978062 ], [ -73.227462424087662, 5.780086347402403 ], [ -73.227638037883878, 5.780393863807774 ], [ -73.228154510298509, 5.780566057996452 ], [ -73.228613674104565, 5.78091067708101 ], [ -73.228785993941813, 5.781370345662083 ], [ -73.229245066269868, 5.781485094796381 ], [ -73.229704092423503, 5.781484909313292 ], [ -73.230277805178162, 5.781312275586401 ], [ -73.230794302422055, 5.781541934419351 ], [ -73.23102397909804, 5.781944111796633 ], [ -73.231081543809239, 5.782403826254381 ], [ -73.231024352050554, 5.782863587401607 ], [ -73.230852425935325, 5.783380862326169 ], [ -73.230623122033421, 5.783898160515378 ], [ -73.230221565301463, 5.784128192904916 ], [ -73.229820031433007, 5.784415691229469 ], [ -73.230107086262251, 5.784817845682312 ], [ -73.230566092704976, 5.784760192286285 ], [ -73.231025098136683, 5.784702538522424 ], [ -73.231483893184873, 5.78412767952949 ], [ -73.231655794635685, 5.783552937334321 ], [ -73.23205728010015, 5.783150502646038 ], [ -73.232573709284964, 5.783207758438323 ], [ -73.232918121115233, 5.783552420820513 ], [ -73.233033089477601, 5.784069578540937 ], [ -73.233090656086006, 5.784529292686955 ], [ -73.233549708141084, 5.784586571094223 ], [ -73.233779057681886, 5.784184206025316 ], [ -73.233836200098381, 5.783609510509621 ], [ -73.233893389626417, 5.783149749179415 ], [ -73.234065311977815, 5.782632473443925 ], [ -73.234524362562468, 5.782689751124678 ], [ -73.234639333068174, 5.78320690848301 ], [ -73.234467386527172, 5.783666717272638 ], [ -73.234295464271668, 5.784183993109025 ], [ -73.234353055563986, 5.784701174177485 ], [ -73.234812107844391, 5.784758451552705 ], [ -73.2351562371162, 5.784413505570001 ], [ -73.235213425627649, 5.783953744159874 ], [ -73.235614932525664, 5.783608775047071 ], [ -73.236131243207694, 5.783378691221117 ], [ -73.23659022291173, 5.783263565934931 ], [ -73.237049202416244, 5.783148440284776 ], [ -73.237508133788197, 5.782918379197042 ], [ -73.237967208850137, 5.783033121152357 ], [ -73.237795361978669, 5.783722800072724 ], [ -73.237738006719894, 5.783780291187213 ], [ -73.237451234771129, 5.784067747581332 ], [ -73.236820214140209, 5.784412813760184 ], [ -73.236533489153771, 5.784815203885671 ], [ -73.236476301655557, 5.785274965375152 ], [ -73.236935402381789, 5.785447176072807 ], [ -73.237566495098122, 5.785274510068461 ], [ -73.238254918693485, 5.784986886043384 ], [ -73.239058049283699, 5.784584277832835 ], [ -73.239631762808017, 5.784411633755269 ], [ -73.240090839443667, 5.784526374824736 ], [ -73.240549989090766, 5.784813515813426 ], [ -73.241066493330777, 5.785043165879813 ], [ -73.241296055910539, 5.785158002475555 ], [ -73.241697876942737, 5.785560101904309 ], [ -73.241870233158977, 5.786077233011326 ], [ -73.241813049005032, 5.78653699484579 ], [ -73.241411666840918, 5.787169305346083 ], [ -73.240952781581598, 5.78751430284882 ], [ -73.240436566474671, 5.787974259350733 ], [ -73.23997753544387, 5.787974453725724 ], [ -73.239518456017834, 5.787859713597754 ], [ -73.239059280193658, 5.787515103911687 ], [ -73.238657507710457, 5.787227937668945 ], [ -73.238083623656735, 5.786998309550427 ], [ -73.23762461732872, 5.787055969064568 ], [ -73.236993570543746, 5.78734356935837 ], [ -73.236534826555612, 5.78803336677737 ], [ -73.236190863048591, 5.788780584061328 ], [ -73.235846898669593, 5.789527801154179 ], [ -73.235445506824306, 5.790160106821361 ], [ -73.235094146376809, 5.790485207722782 ], [ -73.235002094547895, 5.790462199315527 ], [ -73.234542990235809, 5.790289988129587 ], [ -73.233567450608689, 5.790060521509474 ], [ -73.232936303277484, 5.790118249123964 ], [ -73.232706787225993, 5.79011834335796 ], [ -73.232075686599728, 5.790291003299728 ], [ -73.231731552877704, 5.790635947560475 ], [ -73.231158017298128, 5.791268320716767 ], [ -73.230756479034255, 5.791555820718884 ], [ -73.230354917982027, 5.791785852448584 ], [ -73.229838503444739, 5.791786062054427 ], [ -73.229322066616703, 5.791728804089303 ], [ -73.228862985931471, 5.791614055386106 ], [ -73.228231767906436, 5.791499375628007 ], [ -73.22777266457598, 5.791327158012507 ], [ -73.227026527263604, 5.790810252301583 ], [ -73.226509908416972, 5.790293253910136 ], [ -73.225821085050086, 5.789603921314324 ], [ -73.224960148404648, 5.7889721241296 ], [ -73.224271372904184, 5.788397724643914 ], [ -73.223640001092633, 5.787880768769412 ], [ -73.223066053342166, 5.787478723848665 ], [ -73.222606932226199, 5.787249034704132 ], [ -73.222090432727271, 5.7870193685402 ], [ -73.222090410301234, 5.786961901401753 ], [ -73.221688623921239, 5.786617254734495 ], [ -73.221458930222582, 5.786157606318795 ], [ -73.221401238640169, 5.785353086886573 ], [ -73.221400992802955, 5.784720947384017 ], [ -73.221400791683664, 5.784203742161594 ], [ -73.221515325047051, 5.783629024109246 ], [ -73.221744615794933, 5.783054262126655 ], [ -73.221916526908728, 5.782479522486426 ], [ -73.221973681239149, 5.781904826760751 ], [ -73.221858656204233, 5.781215264896787 ], [ -73.221686297205338, 5.780640659686298 ], [ -73.221341827665356, 5.780123587749188 ], [ -73.220940068983111, 5.779836408330084 ], [ -73.220538332940976, 5.779606694862991 ], [ -73.220079285816155, 5.779549405718399 ], [ -73.21962032736252, 5.779721985756623 ], [ -73.219218790873015, 5.780009476716373 ], [ -73.218759765577204, 5.780009653679201 ], [ -73.218300696234394, 5.779894895936309 ], [ -73.217898961143419, 5.779665180564109 ], [ -73.217669294508312, 5.779262998357069 ], [ -73.217382185410315, 5.778688434665355 ], [ -73.21703765437519, 5.777998959267165 ], [ -73.216521121802771, 5.777654352296281 ], [ -73.216062098321231, 5.777654527008281 ], [ -73.215545762190914, 5.777827124663361 ], [ -73.21514424652878, 5.778172080878051 ], [ -73.215090923897492, 5.778210258375168 ], [ -73.215128767076919, 5.778214981698227 ], [ -73.215358453222677, 5.778674633116452 ], [ -73.215358626948273, 5.779134371468217 ], [ -73.215186665720069, 5.779594175043144 ], [ -73.214957305381631, 5.779996533104679 ], [ -73.214441010040105, 5.78028406419628 ], [ -73.213924692588648, 5.780514128557058 ], [ -73.213465774381916, 5.780801637179309 ], [ -73.212834763197179, 5.781204145255799 ], [ -73.212375886714767, 5.781606588309614 ], [ -73.212203923277173, 5.78206639105764 ], [ -73.212146780447938, 5.782698553352759 ], [ -73.212204330094778, 5.783158270292688 ], [ -73.212089744532818, 5.78361805155231 ], [ -73.211803022437607, 5.784077897042721 ], [ -73.211401478808057, 5.784365382692044 ], [ -73.211114734480475, 5.784767760672025 ], [ -73.210942833031766, 5.785399965517684 ], [ -73.210598751735688, 5.785917298948505 ], [ -73.208499529872597, 5.785814958064464 ], [ -73.208320045812457, 5.785336130334827 ], [ -73.208260101071573, 5.784857257774036 ], [ -73.208439256167992, 5.784438159264539 ], [ -73.208259794527407, 5.784019192384847 ], [ -73.207759259614875, 5.782716128125685 ], [ -73.208405930156971, 5.781851906503789 ], [ -73.208588473654174, 5.780401178876502 ], [ -73.209334306648373, 5.780171034753721 ], [ -73.209908046216867, 5.780055888609184 ], [ -73.210367029384599, 5.779940784403379 ], [ -73.210825948568697, 5.779653277339207 ], [ -73.21122744666684, 5.779250856863939 ], [ -73.211743700117495, 5.778848393363205 ], [ -73.212374708666175, 5.778445886533177 ], [ -73.212948425217633, 5.778273270205716 ], [ -73.213464827186897, 5.778273076437699 ], [ -73.213717913400046, 5.778272981301711 ], [ -73.213594997039763, 5.778057730965088 ], [ -73.213537425415211, 5.777540546915532 ], [ -73.21342243311625, 5.776908449107623 ], [ -73.213078015317933, 5.776506307020213 ], [ -73.212561593511396, 5.776449033181564 ], [ -73.211987858181033, 5.776564182772745 ], [ -73.211241924589956, 5.776506992382735 ], [ -73.21111165542402, 5.776458121255644 ], [ -73.211111646863571, 5.776435001340417 ], [ -73.211283525390627, 5.775745329147639 ], [ -73.211283355053013, 5.775285590618296 ], [ -73.210938960993246, 5.774940914325953 ], [ -73.210724955269256, 5.774967787888897 ], [ -73.210724929519984, 5.774898099625204 ], [ -73.210724738425938, 5.77438089385862 ], [ -73.210667191111554, 5.773921176550857 ], [ -73.210380133311162, 5.773461544180122 ], [ -73.209978405833567, 5.773231822871651 ], [ -73.209519322398648, 5.773059590526486 ], [ -73.209117596438091, 5.772829868583472 ], [ -73.208773205176271, 5.772485191753276 ], [ -73.208600862183403, 5.771910580904603 ], [ -73.208543316893895, 5.7714508632709 ], [ -73.208543127891915, 5.770933657369142 ], [ -73.208542917909938, 5.770358984234292 ], [ -73.208313178737455, 5.769726927927934 ], [ -73.208083522978598, 5.769324740407171 ], [ -73.207739135413362, 5.768980061904358 ], [ -73.207606602941723, 5.768794368009765 ], [ -73.207608818057622, 5.768793134597274 ], [ -73.207723362905199, 5.768218419517666 ], [ -73.207550960643118, 5.767471406481206 ], [ -73.207550793555981, 5.767011667708459 ], [ -73.207894928745304, 5.766666737793798 ], [ -73.208468698028582, 5.766666527990196 ], [ -73.208927733920177, 5.76672382696097 ], [ -73.209386706685052, 5.766608723874754 ], [ -73.209501291527374, 5.766148942930784 ], [ -73.209730629485705, 5.76568911970918 ], [ -73.210189601241325, 5.765574016007633 ], [ -73.210648699949274, 5.765803715293885 ], [ -73.21122242576439, 5.765688568301186 ], [ -73.211337008958139, 5.76522878703372 ], [ -73.211336817632173, 5.764711581112238 ], [ -73.21133664757923, 5.764251842406622 ], [ -73.211393832727651, 5.763734615177043 ], [ -73.211565770567177, 5.763217345330531 ], [ -73.211737709014074, 5.76270007452888 ], [ -73.211967065168665, 5.762297718599712 ], [ -73.21213902432936, 5.761837915816102 ], [ -73.212253584782559, 5.76132066622489 ], [ -73.212253414093141, 5.760860927492274 ], [ -73.212023759408964, 5.76045874140658 ], [ -73.211621999014767, 5.760114087282318 ], [ -73.21116292582019, 5.759941854911403 ], [ -73.210531702690616, 5.75971221942865 ], [ -73.21007260900825, 5.759482518913728 ], [ -73.209326593622279, 5.759137989847659 ], [ -73.208924876824312, 5.758908267299091 ], [ -73.208465889133322, 5.758965902576961 ], [ -73.207949628934841, 5.759310895567069 ], [ -73.207548080288063, 5.759540910934334 ], [ -73.206974401326477, 5.75977098946089 ], [ -73.206572851042779, 5.760001004163314 ], [ -73.205999151398089, 5.760173614481857 ], [ -73.205310678505896, 5.760288797422049 ], [ -73.204736977245375, 5.760461405587648 ], [ -73.204220591099499, 5.760461590852969 ], [ -73.203761560597457, 5.760404287879737 ], [ -73.203417180212, 5.760059607276048 ], [ -73.20364654225375, 5.759657253580428 ], [ -73.204105490097788, 5.759484686719361 ], [ -73.20450704108066, 5.759254673728321 ], [ -73.20496592653376, 5.758909704414236 ], [ -73.205424770146578, 5.758449800228902 ], [ -73.20599838548759, 5.758047321503739 ], [ -73.206572062269572, 5.757817244898831 ], [ -73.207088384440112, 5.757644654920284 ], [ -73.207776853733321, 5.757529469949532 ], [ -73.208235840366285, 5.757471835263004 ], [ -73.208866933361492, 5.757356669940236 ], [ -73.209498005936382, 5.75718403577622 ], [ -73.210014283469377, 5.756896509612432 ], [ -73.210473184741545, 5.756609003269773 ], [ -73.210874731025172, 5.756378985031176 ], [ -73.211218858871462, 5.756034054190877 ], [ -73.211677758827022, 5.755746546917749 ], [ -73.212194012612429, 5.755401550708939 ], [ -73.212825038268136, 5.755113979396356 ], [ -73.21339871006046, 5.754883895202568 ], [ -73.213972380470295, 5.754653811352455 ], [ -73.214431342469879, 5.754538703643277 ], [ -73.215062344382034, 5.754193662692671 ], [ -73.215463843779503, 5.753848706873725 ], [ -73.215807902299048, 5.753331370796957 ], [ -73.216151960206446, 5.752814034526807 ], [ -73.216266537203751, 5.752354252304372 ], [ -73.216266363559555, 5.751894513548848 ], [ -73.216104917247833, 5.751802191809475 ], [ -73.216109693999272, 5.751794210651838 ], [ -73.216338935281613, 5.751104515113468 ], [ -73.216568262055091, 5.750644689326066 ], [ -73.216625463283663, 5.750184928786041 ], [ -73.216625245953139, 5.749610255536595 ], [ -73.21633821900781, 5.749208092738286 ], [ -73.215936506693708, 5.74897837579806 ], [ -73.215477527841927, 5.74903601641671 ], [ -73.215018592021977, 5.749208591153774 ], [ -73.214559634390184, 5.749323698287924 ], [ -73.213985947128833, 5.749496316223883 ], [ -73.213526946188551, 5.749496488049431 ], [ -73.212953195219427, 5.74949670231257 ], [ -73.21289582021177, 5.749496723707182 ], [ -73.212149922001686, 5.749439534060343 ], [ -73.211690878579418, 5.749324768995336 ], [ -73.211174417976508, 5.749095091166623 ], [ -73.210715311590263, 5.748807923522463 ], [ -73.210026663843166, 5.748405905410834 ], [ -73.209567516527443, 5.748003803171684 ], [ -73.209050952187681, 5.747486785190745 ], [ -73.208304911485754, 5.747027318606513 ], [ -73.207558891866029, 5.746625318272493 ], [ -73.206870352581859, 5.746510633443734 ], [ -73.205894938123834, 5.746396051232807 ], [ -73.205321189977951, 5.746396257716356 ], [ -73.204747421282548, 5.746338996337954 ], [ -73.204001507169664, 5.74622432857683 ], [ -73.203312948544976, 5.746052171220015 ], [ -73.202739098118627, 5.745765038630111 ], [ -73.201935649359086, 5.745190648292521 ], [ -73.201476409170709, 5.744501201801143 ], [ -73.201017149957124, 5.743754286676392 ], [ -73.200443222593776, 5.743237281503468 ], [ -73.199869317191826, 5.742777743019076 ], [ -73.199295472606991, 5.742490605857938 ], [ -73.198664233445015, 5.742146021627093 ], [ -73.198319868285694, 5.741801336332571 ], [ -73.197975443139683, 5.74128424885356 ], [ -73.197860516282844, 5.740767081778529 ], [ -73.197910683738371, 5.740313411898398 ], [ -73.197917712058768, 5.740249854220338 ], [ -73.198032301664682, 5.739790075016856 ], [ -73.198261620235996, 5.73927278870525 ], [ -73.198548311488253, 5.738755482397096 ], [ -73.198892377070592, 5.738238156010709 ], [ -73.199121633576908, 5.737548466500584 ], [ -73.19912143424915, 5.736973792356423 ], [ -73.198834326400004, 5.736284283286693 ], [ -73.198662045223841, 5.735824603531796 ], [ -73.198515492034517, 5.735335907808405 ], [ -73.198489725512104, 5.735249988142925 ], [ -73.198489526897106, 5.734675313930722 ], [ -73.198489368019466, 5.734215574371717 ], [ -73.198890844350331, 5.733813162767774 ], [ -73.199349753394415, 5.733583133821298 ], [ -73.199622133664732, 5.733514826054169 ], [ -73.199766236307354, 5.733591788860544 ] ] ], [ [ [ -73.217355043690802, 5.730385704662308 ], [ -73.218102152889216, 5.73004407143346 ], [ -73.218685804328729, 5.729795673582108 ], [ -73.218898783719823, 5.729694733699128 ], [ -73.218797940797799, 5.729783184354062 ], [ -73.218281691868697, 5.730070718553861 ], [ -73.217822771929832, 5.730243295050798 ], [ -73.2173415697862, 5.730391800520377 ], [ -73.217355043690802, 5.730385704662308 ] ] ], [ [ [ -73.234918558879926, 5.712495100701303 ], [ -73.235251239863047, 5.712374475165722 ], [ -73.235175704291464, 5.712551219304316 ], [ -73.235187075790236, 5.712573976204339 ], [ -73.235027512396414, 5.712594021082964 ], [ -73.234724983568299, 5.712556267310351 ], [ -73.234918558879926, 5.712495100701303 ] ] ], [ [ [ -73.238887640429795, 5.710514483939251 ], [ -73.239183351838122, 5.71038248680049 ], [ -73.239479142560697, 5.710195961675919 ], [ -73.239930627866585, 5.709900602724502 ], [ -73.24019515340504, 5.709823089793035 ], [ -73.240529602405203, 5.709792418127107 ], [ -73.24085633022176, 5.709722784007746 ], [ -73.241237585806047, 5.709590912901138 ], [ -73.241595444400403, 5.709505744631413 ], [ -73.241976654898991, 5.709405028445667 ], [ -73.242373542563868, 5.709218646663806 ], [ -73.242793761396854, 5.709032300016269 ], [ -73.243159576185249, 5.708822505019891 ], [ -73.243408682296433, 5.708651487593986 ], [ -73.243618959312926, 5.708441466727702 ], [ -73.243782609581615, 5.708208006262002 ], [ -73.243868436223508, 5.708013385873567 ], [ -73.243884418303779, 5.707717392152523 ], [ -73.243900488778095, 5.707359080395815 ], [ -73.243970817743389, 5.707125484785173 ], [ -73.244064477096131, 5.706891922707607 ], [ -73.244188883191029, 5.706907681991198 ], [ -73.244461013781901, 5.706947027828581 ], [ -73.244632103088804, 5.706947274554606 ], [ -73.244787784942432, 5.706846230731768 ], [ -73.244997882422041, 5.706760846362449 ], [ -73.245254538581293, 5.706745639856761 ], [ -73.245480064891751, 5.706745963575313 ], [ -73.245643412242586, 5.706722830033655 ], [ -73.24584572038691, 5.706645224408887 ], [ -73.24604007320616, 5.706692245422224 ], [ -73.246164242786563, 5.706871591355938 ], [ -73.246117391738537, 5.707003955222512 ], [ -73.246093859077803, 5.707144137319879 ], [ -73.24627263558456, 5.707206713636305 ], [ -73.246490452616811, 5.707160289093862 ], [ -73.246599238720592, 5.707222764976975 ], [ -73.246707890437818, 5.707378719679934 ], [ -73.246824385176424, 5.707487946986904 ], [ -73.246948835939193, 5.707472546654768 ], [ -73.247096741282391, 5.707371491983933 ], [ -73.247229092336454, 5.707270414098005 ], [ -73.247400238190053, 5.707231711687434 ], [ -73.247555717740482, 5.707270886293541 ], [ -73.247625530377519, 5.707395625233104 ], [ -73.2475863651335, 5.707590315638316 ], [ -73.247500597208344, 5.707745992744291 ], [ -73.247414805197522, 5.707917243913533 ], [ -73.247476796302038, 5.70807313164499 ], [ -73.247678970389799, 5.708089003296875 ], [ -73.247990087324439, 5.708058294862274 ], [ -73.248332277610857, 5.70805099593126 ], [ -73.248612321974619, 5.707996873871983 ], [ -73.248760315918133, 5.707833498961667 ], [ -73.248885068984166, 5.707607769042045 ], [ -73.248994359187307, 5.707319701575217 ], [ -73.249072473364123, 5.707078325434544 ], [ -73.249173851356048, 5.706883725651042 ], [ -73.249306436630121, 5.706619057550671 ], [ -73.249407759019491, 5.706463406938838 ], [ -73.249493248128559, 5.706502478331859 ], [ -73.249477559949142, 5.706595934038078 ], [ -73.24946168235607, 5.706821821396912 ], [ -73.249508163998158, 5.706946524057621 ], [ -73.249593698438687, 5.706954440046999 ], [ -73.249702707421676, 5.706861114880239 ], [ -73.249788508775282, 5.706682071386764 ], [ -73.249796541724507, 5.706502914142622 ], [ -73.24985884633945, 5.706440685858839 ], [ -73.249998973780137, 5.706339619369714 ], [ -73.250084618937279, 5.706269632350359 ], [ -73.250100329171985, 5.706160597129262 ], [ -73.250077199127688, 5.706020345597935 ], [ -73.250054036755301, 5.705903461959861 ], [ -73.250038740142173, 5.70572427231592 ], [ -73.250116653338281, 5.705623117904562 ], [ -73.250256679023252, 5.705592157763279 ], [ -73.25041222564947, 5.705584591294238 ], [ -73.250528788936663, 5.705647080242032 ], [ -73.250645406710262, 5.705670617243858 ], [ -73.2507153978502, 5.705670716162293 ], [ -73.250839686398734, 5.705543121018819 ], [ -73.250962404446653, 5.705379707731778 ], [ -73.251295320641546, 5.7050588511495 ], [ -73.251569779232895, 5.704831390105704 ], [ -73.251797507875978, 5.70465060279222 ], [ -73.251861574852114, 5.704714959727679 ], [ -73.252036235071287, 5.704937223357061 ], [ -73.252257522080995, 5.705182923053469 ], [ -73.252455620691677, 5.705329268896635 ], [ -73.252659703150385, 5.705370457949301 ], [ -73.252969846908798, 5.705440542951946 ], [ -73.253381883076813, 5.705534612347225 ], [ -73.253513965920448, 5.705620489771936 ], [ -73.25366913465929, 5.70587777932241 ], [ -73.253808650972687, 5.706205156726921 ], [ -73.253971818574556, 5.706306658632056 ], [ -73.254174004952077, 5.706314737819401 ], [ -73.254446192650576, 5.70631512700588 ], [ -73.254648478200593, 5.706253096933627 ], [ -73.254749777011838, 5.706113023132032 ], [ -73.25489009164103, 5.705879530223177 ], [ -73.255045894255645, 5.705692790597811 ], [ -73.255248267607456, 5.705568443245681 ], [ -73.255473795099945, 5.70556876487557 ], [ -73.255652716882778, 5.705530070175699 ], [ -73.255730651046264, 5.705413334647331 ], [ -73.25573863903206, 5.705265338196294 ], [ -73.255754492136887, 5.705055032973722 ], [ -73.255809239833212, 5.704836993568889 ], [ -73.255941765653418, 5.704611274174139 ], [ -73.256152028211829, 5.704409037350443 ], [ -73.256463265275372, 5.704292631328167 ], [ -73.256727719772286, 5.704261847662946 ], [ -73.256906519265016, 5.704308845699274 ], [ -73.257108627123714, 5.704371449855164 ], [ -73.257334109278474, 5.704402930671306 ], [ -73.257621872118449, 5.704387762715792 ], [ -73.258026252684317, 5.704396128312086 ], [ -73.258415069941066, 5.704412261847065 ], [ -73.258772681140684, 5.704498462072873 ], [ -73.259029071698009, 5.704670201580964 ], [ -73.259254432603811, 5.704787372008463 ], [ -73.259409990647143, 5.704772014732901 ], [ -73.259557827273966, 5.704717695451621 ], [ -73.259791351349392, 5.704562226935913 ], [ -73.260079312995572, 5.704406838709234 ], [ -73.260320526320641, 5.704313700728452 ], [ -73.260530542859172, 5.704282841302887 ], [ -73.260794932330796, 5.704298795154581 ], [ -73.26093491417204, 5.704298993243532 ], [ -73.26108280518558, 5.704205725308784 ], [ -73.261230663355377, 5.704135825215464 ], [ -73.261440701621879, 5.704089383257964 ], [ -73.261627520623904, 5.703965009133242 ], [ -73.261907683438352, 5.703825186759089 ], [ -73.262204148294131, 5.703690710724795 ], [ -73.262440730201945, 5.7036906029428 ], [ -73.262918816659862, 5.703690384739048 ], [ -73.263396903099078, 5.703690166138074 ], [ -73.263608537491095, 5.703568899293698 ], [ -73.26369665065252, 5.70360960384269 ], [ -73.263776705560829, 5.703644104456568 ], [ -73.26393142661459, 5.703648743115499 ], [ -73.26411133171753, 5.703828913729663 ], [ -73.264174474016741, 5.70388177623568 ], [ -73.264284934287062, 5.704040564686429 ], [ -73.264506436336134, 5.704238689245228 ], [ -73.264609768313576, 5.704282954784731 ], [ -73.26472703525252, 5.704338688316565 ], [ -73.264875954119233, 5.704356481662642 ], [ -73.265054356846349, 5.70437041788009 ], [ -73.265163667007073, 5.704439965196235 ], [ -73.265190981966043, 5.704448637838508 ], [ -73.265219662487183, 5.704458222989217 ], [ -73.265250620996582, 5.704464616983929 ], [ -73.265279303588116, 5.704466906067491 ], [ -73.265308442497329, 5.704467371375946 ], [ -73.265342135023531, 5.704464190171704 ], [ -73.265398139827639, 5.704455543370718 ], [ -73.26548743632992, 5.704436544362744 ], [ -73.265654943024558, 5.704400903503799 ], [ -73.265683420115465, 5.704396409730939 ], [ -73.265689547902326, 5.704395442178022 ], [ -73.265723694802304, 5.704394085210144 ], [ -73.265758297132493, 5.704396832178444 ], [ -73.265767510632244, 5.704398621621843 ], [ -73.265786523131936, 5.704402313362016 ], [ -73.265811105458212, 5.704413721223958 ], [ -73.265842059700844, 5.704432427634027 ], [ -73.265877111052205, 5.70445478289573 ], [ -73.26591034031847, 5.704477594209194 ], [ -73.2659326433632, 5.704497209605714 ], [ -73.265959042067308, 5.70452321055703 ], [ -73.266005925538579, 5.704563809548371 ], [ -73.266007486804881, 5.704565924702952 ], [ -73.266064177861438, 5.704642718015408 ], [ -73.266091488241898, 5.704666894975244 ], [ -73.266118345271039, 5.704685599643867 ], [ -73.266142926649593, 5.704698831959226 ], [ -73.266143692027612, 5.704699133873275 ], [ -73.266172972487723, 5.704710697919745 ], [ -73.266200741792801, 5.704723018333825 ], [ -73.266227539029231, 5.704733517443091 ], [ -73.266240348026841, 5.704738535139052 ], [ -73.266269482688315, 5.704751312844962 ], [ -73.26629725124215, 5.704765913839677 ], [ -73.266324564448652, 5.704780515043726 ], [ -73.266357340939166, 5.704795117337513 ], [ -73.266389659817619, 5.70481655978657 ], [ -73.266419249501141, 5.704832530093044 ], [ -73.266451115298906, 5.704847131897871 ], [ -73.266477519324098, 5.704857172345054 ], [ -73.266504378971177, 5.70486584513389 ], [ -73.266533969475532, 5.704877710380623 ], [ -73.266562196618338, 5.704883647641135 ], [ -73.26659361036188, 5.704887761670782 ], [ -73.266627758400418, 5.704886860764536 ], [ -73.266661450939736, 5.704883678577279 ], [ -73.266691958447709, 5.704875936694168 ], [ -73.266722466015011, 5.704866369436392 ], [ -73.266754796273631, 5.704851787664938 ], [ -73.266782117842823, 5.704839484274009 ], [ -73.266815359699208, 5.704824902076632 ], [ -73.266839949925625, 5.704810317554534 ], [ -73.266875013566008, 5.704790719936938 ], [ -73.26690142464264, 5.70477887217486 ], [ -73.267009798892332, 5.70473467266719 ], [ -73.26717053915651, 5.704669058389744 ], [ -73.267200136758319, 5.704657210944962 ], [ -73.267225182467897, 5.704644906780568 ], [ -73.267257512911073, 5.704630780193837 ], [ -73.267284379379703, 5.704617108640329 ], [ -73.26730805909844, 5.704602979733981 ], [ -73.267335837494031, 5.704586115840611 ], [ -73.267363615406921, 5.704570164180174 ], [ -73.267375132371853, 5.704563310739209 ], [ -73.267390684021962, 5.704554055379083 ], [ -73.26739731366024, 5.704550110144485 ], [ -73.267430101214259, 5.704530056530132 ], [ -73.267459245225794, 5.704512280667456 ], [ -73.267492942933146, 5.70449496332863 ], [ -73.267528916207965, 5.704479014185948 ], [ -73.267561297564569, 5.704463664007262 ], [ -73.267563524127198, 5.704462608653975 ], [ -73.267599495955395, 5.704449395304647 ], [ -73.267634103120841, 5.70443527035385 ], [ -73.267670075637568, 5.704421600882946 ], [ -73.267690504161777, 5.704414200294337 ], [ -73.267696485929605, 5.704412032766056 ], [ -73.267733369140345, 5.704398363772674 ], [ -73.26777161737644, 5.70438834398268 ], [ -73.267805312337302, 5.704378777901205 ], [ -73.267839006874254, 5.704368300489036 ], [ -73.267870425301894, 5.704359189770384 ], [ -73.267898656020975, 5.704351447074995 ], [ -73.267933716330731, 5.70434233737254 ], [ -73.267968321502678, 5.704333683996893 ], [ -73.268002016725404, 5.70432275045813 ], [ -73.268058024514545, 5.704303159306988 ], [ -73.268269763948339, 5.704217039151257 ], [ -73.26829936123454, 5.704206560002902 ], [ -73.268326225626581, 5.704200184465019 ], [ -73.268363106989284, 5.704194267611721 ], [ -73.268398164504603, 5.704194734529192 ], [ -73.268425482002172, 5.704195199624824 ], [ -73.268460537811677, 5.704199770686922 ], [ -73.268491496334818, 5.704206164506295 ], [ -73.268517445971625, 5.704214380603978 ], [ -73.268547944511312, 5.704232173938779 ], [ -73.268572523838785, 5.704254526678921 ], [ -73.268595735417904, 5.70428098239387 ], [ -73.268615305327657, 5.704307893209578 ], [ -73.268634874759783, 5.704335715353625 ], [ -73.268651710611181, 5.704368097227562 ], [ -73.268662629863925, 5.704393181277022 ], [ -73.268674003774734, 5.704418721230868 ], [ -73.268689018394468, 5.704453382728462 ], [ -73.26870130044604, 5.70448895592537 ], [ -73.268709941947918, 5.704517687257754 ], [ -73.268718584196264, 5.704544138004869 ], [ -73.268729042086193, 5.704589285983558 ], [ -73.268735407751407, 5.704618016568142 ], [ -73.268745411362815, 5.704657693165155 ], [ -73.268750407467351, 5.704698278904512 ], [ -73.268752220127041, 5.704726096666253 ], [ -73.268752468757427, 5.70473035726155 ], [ -73.268752750172212, 5.704735175317771 ], [ -73.268754031561897, 5.704757105437114 ], [ -73.268758120486694, 5.704785835274507 ], [ -73.268761298502397, 5.704814109420328 ], [ -73.268766752995646, 5.704843751758614 ], [ -73.268772206210883, 5.704878410478685 ], [ -73.268776750007632, 5.704908052337131 ], [ -73.268780887112342, 5.704925768375597 ], [ -73.268800393968704, 5.705009293821816 ], [ -73.268832867092485, 5.705152232394024 ], [ -73.268863593857333, 5.70528747933082 ], [ -73.268874051029869, 5.705334907889516 ], [ -73.268879502022401, 5.705376406552393 ], [ -73.26888768548524, 5.705412889366956 ], [ -73.268893139725904, 5.705443900053735 ], [ -73.268899049582501, 5.705473542176699 ], [ -73.268902682959578, 5.705501816107764 ], [ -73.26890586045532, 5.705532826048348 ], [ -73.268908583825407, 5.705560643382672 ], [ -73.268909485107443, 5.705588916780516 ], [ -73.268910245372155, 5.705595692114406 ], [ -73.268913117687021, 5.705621293953992 ], [ -73.268917204872238, 5.705655952404475 ], [ -73.268920382423531, 5.705685137877056 ], [ -73.268922194351759, 5.705715235316723 ], [ -73.268930365480074, 5.705795039287753 ], [ -73.268969011479442, 5.705971527607106 ], [ -73.268989033945857, 5.706003910691384 ], [ -73.269004506531729, 5.706028539199892 ], [ -73.269027718417533, 5.706055451008302 ], [ -73.269050020137669, 5.706079626539866 ], [ -73.269074144428131, 5.706102434677297 ], [ -73.269095991546152, 5.706124329834964 ], [ -73.269121480986257, 5.706147138236633 ], [ -73.269147425247183, 5.706172683125673 ], [ -73.269176556959181, 5.706198228332008 ], [ -73.269205232155244, 5.70622514210105 ], [ -73.269233907831961, 5.706251143634475 ], [ -73.269260307452285, 5.706276688304786 ], [ -73.269283065283901, 5.706298583933305 ], [ -73.269307187945884, 5.706323671740175 ], [ -73.269330855737977, 5.70634784752507 ], [ -73.26935088163556, 5.706372022299121 ], [ -73.269374549114573, 5.706399390900381 ], [ -73.269396852082792, 5.706420373598119 ], [ -73.269436907442667, 5.706455043251931 ], [ -73.269565823990476, 5.706546173652591 ], [ -73.269582115362056, 5.706557690209287 ], [ -73.269611703733588, 5.706578219701747 ], [ -73.269642203600696, 5.706594645523419 ], [ -73.269672703734059, 5.706609703897622 ], [ -73.269703204874304, 5.706621113334655 ], [ -73.269740992624222, 5.706628876753208 ], [ -73.26977104090443, 5.706632078105188 ], [ -73.26980336641337, 5.706634368868736 ], [ -73.269833417820237, 5.706630729367922 ], [ -73.26986437950103, 5.706626179014764 ], [ -73.269893520571642, 5.706617523557361 ], [ -73.269923572981668, 5.706610236926482 ], [ -73.269951803513223, 5.706603861572792 ], [ -73.269986408042612, 5.706597487751154 ], [ -73.270022831538057, 5.70659749961472 ], [ -73.270052879553816, 5.706602068397701 ], [ -73.270083380173887, 5.706616214515654 ], [ -73.270105226822068, 5.706640845428288 ], [ -73.270120242379718, 5.70667140273197 ], [ -73.270132069434638, 5.706707431314817 ], [ -73.270137066714028, 5.706742546346026 ], [ -73.270138875752039, 5.706781763401124 ], [ -73.270138409945204, 5.706817331684644 ], [ -73.270132479720985, 5.706852442797506 ], [ -73.270124728521395, 5.706888465189167 ], [ -73.27011834337209, 5.706924487844226 ], [ -73.270112869186562, 5.706959143530846 ], [ -73.270109673972044, 5.706986959109416 ], [ -73.270104654445461, 5.707022069794292 ], [ -73.270100089692932, 5.707061741434092 ], [ -73.270099624674373, 5.707093206475299 ], [ -73.270099614315825, 5.70712512651485 ], [ -73.270097327845193, 5.707158415068752 ], [ -73.270097773264496, 5.70719124803289 ], [ -73.270096851415502, 5.707227272647025 ], [ -73.270093200158399, 5.707255543651343 ], [ -73.270087727185313, 5.707287006519042 ], [ -73.270083456406965, 5.707309343203472 ], [ -73.26976676550828, 5.70744547223012 ], [ -73.269468127412949, 5.707804782535391 ], [ -73.269361970089392, 5.708017703091969 ], [ -73.269195623102632, 5.707817940250493 ], [ -73.268896649725093, 5.707458909782702 ], [ -73.268418421168519, 5.707159824541179 ], [ -73.267880459770595, 5.706920628424768 ], [ -73.267402371734079, 5.706920850875406 ], [ -73.26692436583221, 5.70710065808737 ], [ -73.266446387254121, 5.707340326636199 ], [ -73.265968435854688, 5.707639856527067 ], [ -73.265610007317719, 5.707939330852582 ], [ -73.265251577501658, 5.708238804064479 ], [ -73.264833413488475, 5.70859816722384 ], [ -73.264355487606565, 5.708957557576696 ], [ -73.263997057398853, 5.709257030960032 ], [ -73.263578837151726, 5.709496669803684 ], [ -73.263160616547509, 5.709736308357492 ], [ -73.262563029470527, 5.709796443324365 ], [ -73.262084911647776, 5.709736799727636 ], [ -73.261666472976515, 5.709497543313887 ], [ -73.261128511861216, 5.709258340872168 ], [ -73.260590525038992, 5.708959276157884 ], [ -73.260112434127791, 5.708959492626661 ], [ -73.25975405459792, 5.709378686965294 ], [ -73.259515197460985, 5.709797827159321 ], [ -73.259276339985774, 5.710216966358757 ], [ -73.258858171577685, 5.710576325384125 ], [ -73.258380106076913, 5.710636402226442 ], [ -73.257961694922642, 5.710457004839213 ], [ -73.257602938596335, 5.710038133327146 ], [ -73.257303970942132, 5.709679097485036 ], [ -73.257363518751049, 5.709200176652814 ], [ -73.257602377263822, 5.708781037284439 ], [ -73.257960784828526, 5.708421705983881 ], [ -73.258319138351567, 5.70794265186305 ], [ -73.258617730069943, 5.707463623506897 ], [ -73.258975947264048, 5.706685259316373 ], [ -73.258617193602333, 5.706266389214022 ], [ -73.258019582655493, 5.706266657560775 ], [ -73.257541547296, 5.706386595323636 ], [ -73.257003831462839, 5.70668614379872 ], [ -73.256705185487931, 5.707045447835014 ], [ -73.256406539144223, 5.707404751728689 ], [ -73.256167680265378, 5.70782389063379 ], [ -73.255869086282587, 5.708302916906803 ], [ -73.255690067608953, 5.708901614348861 ], [ -73.255331659185288, 5.709260944304674 ], [ -73.254853567825535, 5.70926115641214 ], [ -73.254435158669764, 5.709081756355772 ], [ -73.25395693567674, 5.708782658823566 ], [ -73.253598210455493, 5.708423646391338 ], [ -73.253418663533694, 5.707825108514157 ], [ -73.253179434575031, 5.70740618130867 ], [ -73.253059702114115, 5.706927339625565 ], [ -73.253059492145439, 5.706448446239676 ], [ -73.252880025151626, 5.70602949256255 ], [ -73.252700558429183, 5.705610538811754 ], [ -73.252341835110315, 5.705251525434676 ], [ -73.251863747864263, 5.705251734909098 ], [ -73.251326028976791, 5.705551279078804 ], [ -73.250967592775169, 5.705850744587735 ], [ -73.250668995305489, 5.706329769245201 ], [ -73.250370371382758, 5.70674893105803 ], [ -73.250131535107812, 5.707227929446901 ], [ -73.249832910346697, 5.707647091910019 ], [ -73.249474497955759, 5.708006418358423 ], [ -73.24905629792471, 5.708305907776776 ], [ -73.248578310281573, 5.708545561845256 ], [ -73.248100297390693, 5.70872535372672 ], [ -73.247502683409721, 5.708725611259069 ], [ -73.247084276701059, 5.708546205732887 ], [ -73.24666587114541, 5.708366799889461 ], [ -73.246366910959296, 5.708007758001486 ], [ -73.245350815595202, 5.707649021404109 ], [ -73.244633757037775, 5.707828912349612 ], [ -73.244096082408248, 5.708248172744561 ], [ -73.243737792376294, 5.708906804903165 ], [ -73.24386155593578, 5.709889375745433 ], [ -73.243861750297185, 5.710349114278699 ], [ -73.243804621334675, 5.710923812450631 ], [ -73.243690073526977, 5.711383599629073 ], [ -73.243460759035941, 5.711785967296066 ], [ -73.243174072168017, 5.712188360063919 ], [ -73.242772569908311, 5.712418399576507 ], [ -73.242313623654582, 5.71247606049451 ], [ -73.241797209694823, 5.712303876361432 ], [ -73.241338095034394, 5.711959265124108 ], [ -73.240878956911672, 5.711557186279549 ], [ -73.240534585535272, 5.711212526246072 ], [ -73.240075568169914, 5.711097783695493 ], [ -73.239616622601432, 5.711155442429288 ], [ -73.239157772252668, 5.711442970590042 ], [ -73.238698897649215, 5.711673030273516 ], [ -73.23823997518366, 5.711788155156114 ], [ -73.237723610291937, 5.71173090173437 ], [ -73.237406937685762, 5.711612100788386 ], [ -73.237685232055526, 5.711412812469916 ], [ -73.238461960246525, 5.710993457770542 ], [ -73.238763520896981, 5.710590354841353 ], [ -73.238887640429795, 5.710514483939251 ] ] ] ] } },
{ "type": "Feature", "properties": { "fid": 80318, "Shape_Area": 0.0020758834513200002, "area_ha": 2538.7531653879932, "tipo": "hidrica", "clas": "laminar y surcos", "gra": "moderada" }, "geometry": { "type": "MultiPolygon", "coordinates": [ [ [ [ -73.168532031203043, 5.744881135733396 ], [ -73.166887333599789, 5.743748706623081 ], [ -73.165933246088628, 5.743082056400849 ], [ -73.16432472835821, 5.742086351669222 ], [ -73.163815536631887, 5.741948868268185 ], [ -73.16272458594635, 5.741528404142137 ], [ -73.162302284114105, 5.741323369035769 ], [ -73.161751785905579, 5.741086988137166 ], [ -73.161615663272826, 5.741006878098585 ], [ -73.161376284653926, 5.740777902201818 ], [ -73.161163567703511, 5.740507298681585 ], [ -73.160959916776108, 5.740406631445177 ], [ -73.160635100208921, 5.740288758850577 ], [ -73.160125574614909, 5.739911128844087 ], [ -73.15987613198962, 5.739741530284719 ], [ -73.159543270899732, 5.739587653001361 ], [ -73.158962633423656, 5.739232958132661 ], [ -73.158882862571247, 5.739187317653839 ], [ -73.158608290360746, 5.739029405418011 ], [ -73.158420707772379, 5.73894480105204 ], [ -73.158191471551689, 5.738843550726185 ], [ -73.158121122551833, 5.738800224330041 ], [ -73.157957668050329, 5.738699554830625 ], [ -73.157766978335843, 5.738562036697505 ], [ -73.157531295407892, 5.738377425674172 ], [ -73.157379092695933, 5.738253418400901 ], [ -73.157134550393593, 5.738073476723836 ], [ -73.156957640729317, 5.737975392584172 ], [ -73.15671525797579, 5.737811518390767 ], [ -73.156569786373908, 5.737649254723398 ], [ -73.156401721635262, 5.737488417135963 ], [ -73.155941753437347, 5.737147564236707 ], [ -73.155488302307077, 5.7368399359489 ], [ -73.155679386460235, 5.736504782895111 ], [ -73.155679261809269, 5.73604504229661 ], [ -73.155392236152693, 5.735470443810698 ], [ -73.155621623209413, 5.735068109214296 ], [ -73.156080536020454, 5.734780646026991 ], [ -73.156539526680888, 5.734780520699132 ], [ -73.15699851733126, 5.734780395003611 ], [ -73.157400197253821, 5.735010154556676 ], [ -73.157801893283931, 5.735297382180079 ], [ -73.158260900156449, 5.73535472291735 ], [ -73.158719811814024, 5.735067258551794 ], [ -73.159063911016062, 5.734549954091904 ], [ -73.159350668758407, 5.734147602125972 ], [ -73.159809610874447, 5.733975070921531 ], [ -73.160038993315936, 5.733572733730909 ], [ -73.16032574989265, 5.733170380390447 ], [ -73.160612506071516, 5.732768026912083 ], [ -73.160841871396372, 5.732308221956885 ], [ -73.161013863851963, 5.731848433044718 ], [ -73.161071108402666, 5.731388676360041 ], [ -73.161243099514593, 5.730928887377331 ], [ -73.161472480683585, 5.730526550536865 ], [ -73.161759233872488, 5.730124196507177 ], [ -73.161988614368795, 5.729721858563039 ], [ -73.162160604277858, 5.729262069312995 ], [ -73.162160474602388, 5.728802328743825 ], [ -73.162160442184927, 5.728687392921529 ], [ -73.162045534033496, 5.728112749879074 ], [ -73.161873285499496, 5.72765305792484 ], [ -73.161701036346244, 5.727193365904213 ], [ -73.161586161282457, 5.726733657646832 ], [ -73.161608730015388, 5.726552395273713 ], [ -73.161847009394961, 5.726557645822643 ], [ -73.162230651893765, 5.72656864444185 ], [ -73.162593606947794, 5.726548450625072 ], [ -73.163348870686065, 5.726522535741916 ], [ -73.164473409715782, 5.726487398885079 ], [ -73.16498962330121, 5.726451294925657 ], [ -73.164990004394042, 5.72621125459298 ], [ -73.164916707263998, 5.725934171206656 ], [ -73.165267043356565, 5.725879335059578 ], [ -73.166557428892233, 5.725881387950274 ], [ -73.167460758354338, 5.725845891384315 ], [ -73.168198529843508, 5.725588556991224 ], [ -73.169120555811219, 5.725386908966215 ], [ -73.170116346151289, 5.725166913173261 ], [ -73.172015667583523, 5.724782158138771 ], [ -73.172937750120042, 5.724543572829083 ], [ -73.174339290925957, 5.724194957335353 ], [ -73.1755931839471, 5.723956891298538 ], [ -73.176054567788597, 5.723923803367469 ], [ -73.176276876692427, 5.723928493567175 ], [ -73.176862450841838, 5.723968849999467 ], [ -73.177765268159831, 5.724125543834596 ], [ -73.178155118279292, 5.724219418756697 ], [ -73.179061578829959, 5.72441841537267 ], [ -73.179437889603861, 5.72452745327058 ], [ -73.179855962713276, 5.724680922307571 ], [ -73.180217460896856, 5.72482197503769 ], [ -73.180343056144181, 5.724872956664065 ], [ -73.180568431020873, 5.72522028758302 ], [ -73.180697785641996, 5.725017378711765 ], [ -73.180679956936359, 5.724629596015259 ], [ -73.180569927657132, 5.724260129658482 ], [ -73.180257497746723, 5.723650307671724 ], [ -73.179981562930976, 5.723280583779187 ], [ -73.179521172270682, 5.722984428736727 ], [ -73.178747431349464, 5.722669318090687 ], [ -73.178268751592881, 5.722280811659799 ], [ -73.178011540907534, 5.72172647200724 ], [ -73.177791401226173, 5.721042935749866 ], [ -73.180637627080969, 5.716301982165705 ], [ -73.181028205108987, 5.716552418045556 ], [ -73.181084065099583, 5.716619518814582 ], [ -73.181323246889406, 5.717038477742051 ], [ -73.181562428130178, 5.71745743655282 ], [ -73.181323510673792, 5.71787654644146 ], [ -73.181084591972706, 5.718295655330905 ], [ -73.180785891443861, 5.718654921806319 ], [ -73.180606734774358, 5.719074012587271 ], [ -73.1807861545214, 5.719492990483559 ], [ -73.181204569305919, 5.719732306747403 ], [ -73.18168270857791, 5.719851878785732 ], [ -73.181981636146929, 5.720210956370465 ], [ -73.182340345933426, 5.720629876836938 ], [ -73.182579549362856, 5.721108697138789 ], [ -73.182699227222543, 5.721587554487542 ], [ -73.182699379217127, 5.722066450777845 ], [ -73.182580005048123, 5.72254538511396 ], [ -73.182400848581381, 5.722964476395589 ], [ -73.182580308902743, 5.723503176756026 ], [ -73.182998727359404, 5.723742491561836 ], [ -73.183476889401277, 5.723921924904516 ], [ -73.183895308519936, 5.724161239031105 ], [ -73.184313708804211, 5.724340690813619 ], [ -73.184672384482724, 5.724639885577687 ], [ -73.185031059628557, 5.724939080102445 ], [ -73.185329991974186, 5.725298154822099 ], [ -73.185569180604773, 5.725717111638744 ], [ -73.185509571641489, 5.726196027123933 ], [ -73.185270652784368, 5.726615138553427 ], [ -73.18509149713185, 5.727034229689252 ], [ -73.184852577635922, 5.727453340953389 ], [ -73.184553895066756, 5.727872471370119 ], [ -73.184434521403603, 5.728351405985109 ], [ -73.184434675024193, 5.728830301210621 ], [ -73.184255556488722, 5.729369117030672 ], [ -73.184255709987895, 5.729848013149365 ], [ -73.184435135964804, 5.730266988650044 ], [ -73.184494899849312, 5.730266969407126 ], [ -73.184853617016472, 5.730685887895504 ], [ -73.185152552357692, 5.731044963448085 ], [ -73.185511232749832, 5.731344157468186 ], [ -73.185869913513329, 5.731643351248692 ], [ -73.18634810333981, 5.731882643908534 ], [ -73.186766372928901, 5.731643059634848 ], [ -73.186945528670776, 5.731223967130859 ], [ -73.187005136818641, 5.730745051601787 ], [ -73.187004981004407, 5.730266155572963 ], [ -73.186825553180711, 5.729847180937895 ], [ -73.186586361836305, 5.72942822479132 ], [ -73.186347171750867, 5.729009268527193 ], [ -73.186167744821546, 5.728590292734282 ], [ -73.186287117072823, 5.728111358712738 ], [ -73.186526035761744, 5.727692246884999 ], [ -73.186705189640065, 5.727273154433078 ], [ -73.186944107690294, 5.726854042440323 ], [ -73.187242808363749, 5.72649477375279 ], [ -73.187661016024776, 5.726075602889978 ], [ -73.187899932896471, 5.725656490520294 ], [ -73.187959539820326, 5.725177574844452 ], [ -73.187899600520495, 5.724638837226735 ], [ -73.187660410698129, 5.72421988140718 ], [ -73.187182168419326, 5.723801003538085 ], [ -73.186703965676372, 5.723501849280126 ], [ -73.186285566224683, 5.723322399240203 ], [ -73.185807422310347, 5.723202831175627 ], [ -73.185329278582344, 5.723083261800753 ], [ -73.184791392040836, 5.723023573302385 ], [ -73.184432717337302, 5.722724378565488 ], [ -73.184133786925031, 5.722365302379785 ], [ -73.183954363813655, 5.721946325678289 ], [ -73.18383468483421, 5.721467468632909 ], [ -73.183535755462742, 5.72110839208699 ], [ -73.183236826466441, 5.720749315368892 ], [ -73.182997642586599, 5.720330357386104 ], [ -73.182997490390392, 5.719851461075052 ], [ -73.183057100965016, 5.71937254660395 ], [ -73.183355799494109, 5.719013278989394 ], [ -73.183534954118329, 5.718594187413714 ], [ -73.183534904586594, 5.71843874102891 ], [ -73.184025419875894, 5.718910778131038 ], [ -73.184786040576924, 5.719578200156337 ], [ -73.18522871656765, 5.719968377032636 ], [ -73.185671382115672, 5.720366344679046 ], [ -73.186354840104073, 5.720951640000874 ], [ -73.187123797100497, 5.72156822495097 ], [ -73.187442263148185, 5.72181799287892 ], [ -73.187644040740793, 5.722090948655636 ], [ -73.187908190396385, 5.722262732255383 ], [ -73.188133405809438, 5.722465617906294 ], [ -73.188420680925176, 5.722769861902585 ], [ -73.188731383639336, 5.723011826908969 ], [ -73.189267568997266, 5.723285299104474 ], [ -73.189617336604996, 5.723410477881684 ], [ -73.189881570639415, 5.72352773525798 ], [ -73.190238972410555, 5.723746400150914 ], [ -73.19126488835424, 5.724160846760469 ], [ -73.192003298801524, 5.724419049387979 ], [ -73.192492932926214, 5.724622338773079 ], [ -73.192095434686806, 5.725190380995357 ], [ -73.191791354768796, 5.725696246401233 ], [ -73.19166650404712, 5.725968695291925 ], [ -73.191416958294596, 5.726412327278011 ], [ -73.191190430445644, 5.727058531685288 ], [ -73.191080747900003, 5.727580277928828 ], [ -73.191103214869756, 5.728141175564525 ], [ -73.19111048665286, 5.728468356177266 ], [ -73.19126567766466, 5.728694501419912 ], [ -73.191677653918873, 5.728827563184689 ], [ -73.191732068646459, 5.728843228596143 ], [ -73.192330487722359, 5.729109004246028 ], [ -73.192509166637464, 5.729233917221303 ], [ -73.192742152927778, 5.729444602055617 ], [ -73.193076047732703, 5.729780077342668 ], [ -73.193371058371099, 5.730115494953878 ], [ -73.193751615971237, 5.730451043656448 ], [ -73.194186612635022, 5.730786674090876 ], [ -73.194473955161342, 5.731051970834936 ], [ -73.194777091018651, 5.731161493839088 ], [ -73.195103642074912, 5.731216527839496 ], [ -73.195430156861647, 5.73129492870509 ], [ -73.195678937868408, 5.731349839576803 ], [ -73.195927767025054, 5.731373593061734 ], [ -73.196370914140047, 5.73146775292577 ], [ -73.196860591131681, 5.731647667602381 ], [ -73.197155939365288, 5.731764968640426 ], [ -73.197342505435614, 5.731819784349184 ], [ -73.197599098731047, 5.731851339122362 ], [ -73.197886669731872, 5.731968627977231 ], [ -73.198244031756417, 5.732218450235107 ], [ -73.198679022345601, 5.732561868228469 ], [ -73.198911903658328, 5.732842657883669 ], [ -73.198966009607489, 5.733060855699566 ], [ -73.199074590617386, 5.73325576708602 ], [ -73.199253272246736, 5.733380677845384 ], [ -73.199517573308, 5.733458982119994 ], [ -73.199622133664732, 5.733514826054169 ], [ -73.199349753394415, 5.733583133821298 ], [ -73.198890844350331, 5.733813162767774 ], [ -73.198489368019466, 5.734215574371717 ], [ -73.198489526897106, 5.734675313930722 ], [ -73.198489725512104, 5.735249988142925 ], [ -73.198515492034517, 5.735335907808405 ], [ -73.198481393658767, 5.735350559776577 ], [ -73.198063105043616, 5.735530289645453 ], [ -73.197704621783146, 5.735829723390793 ], [ -73.19740592317595, 5.736188998265391 ], [ -73.197286558816927, 5.736667935120863 ], [ -73.197167194271515, 5.737146871950472 ], [ -73.19686853662364, 5.737625869566273 ], [ -73.196569836582398, 5.737985144032052 ], [ -73.196211351022043, 5.738284576895637 ], [ -73.195852865085271, 5.738584009544297 ], [ -73.195434593644791, 5.738823600442174 ], [ -73.195016343093243, 5.739123052096716 ], [ -73.194598050598643, 5.73930278044503 ], [ -73.194119972774047, 5.739422666821213 ], [ -73.193641874537207, 5.73948269084201 ], [ -73.193104012271021, 5.73954273464625 ], [ -73.192625913799816, 5.739602757824855 ], [ -73.191729442263068, 5.739603059025853 ], [ -73.191311148313389, 5.739782785013915 ], [ -73.19089289392349, 5.740082234644319 ], [ -73.190594188809598, 5.740441506128548 ], [ -73.190235698513675, 5.740740934473081 ], [ -73.190056601960976, 5.741339613798914 ], [ -73.189757896583728, 5.741698884869209 ], [ -73.189578739905016, 5.742117978140811 ], [ -73.189459367891232, 5.74259691262057 ], [ -73.189423627066503, 5.742956096321166 ], [ -73.189100895407989, 5.74295620317082 ], [ -73.188503263178916, 5.743016262531853 ], [ -73.187965416534098, 5.743136163597114 ], [ -73.187487373113527, 5.743375768514511 ], [ -73.187128918418523, 5.743794919850018 ], [ -73.186770463201924, 5.744214070066789 ], [ -73.186471754271622, 5.744573339500732 ], [ -73.18605345497491, 5.744753061784365 ], [ -73.18557533187078, 5.744753217245034 ], [ -73.185097208753518, 5.744753372305354 ], [ -73.184619086526538, 5.744753526965667 ], [ -73.184140905704567, 5.7445740952748 ], [ -73.183662725170848, 5.744394663172955 ], [ -73.18330401819594, 5.744035607278249 ], [ -73.182885413650411, 5.743257535426494 ], [ -73.182705984426605, 5.742838558818221 ], [ -73.182406987086097, 5.742299897204759 ], [ -73.18216779342788, 5.741880939456621 ], [ -73.181809107953484, 5.741581743605593 ], [ -73.181510131072116, 5.741102942547229 ], [ -73.181151390627917, 5.740624161147991 ], [ -73.181091474505365, 5.740145284052687 ], [ -73.18115101265488, 5.739426921077893 ], [ -73.181389900858846, 5.738888088182989 ], [ -73.181628770587508, 5.738289392281786 ], [ -73.181867677765979, 5.737810420295773 ], [ -73.181987055300226, 5.73733148624251 ], [ -73.182225980802286, 5.736912377024737 ], [ -73.182225828805542, 5.73643348096914 ], [ -73.182046383369709, 5.73595464196228 ], [ -73.181866957202544, 5.735535664892211 ], [ -73.181269219205831, 5.735236545314194 ], [ -73.180791216977354, 5.735595867702955 ], [ -73.180432724314983, 5.735895290927999 ], [ -73.180134014572445, 5.736254557144605 ], [ -73.180074400247918, 5.736733472067783 ], [ -73.17989529410869, 5.73733214769203 ], [ -73.179596658218372, 5.73793086169718 ], [ -73.179596676948108, 5.737990723710141 ], [ -73.178999142806731, 5.738350083087596 ], [ -73.178580864097455, 5.738589661888795 ], [ -73.178162585032737, 5.738829240393216 ], [ -73.177445482400003, 5.739068910468461 ], [ -73.176907691245958, 5.739368387162756 ], [ -73.176489539768966, 5.740026998610801 ], [ -73.176250608777877, 5.740446106463935 ], [ -73.17613124422968, 5.740984900550302 ], [ -73.175952096930928, 5.741463851889819 ], [ -73.175533887924644, 5.741942876618509 ], [ -73.175115605117696, 5.742182452980842 ], [ -73.174458224810508, 5.742302378005036 ], [ -73.173980104347038, 5.742302523702222 ], [ -73.173502019183729, 5.742422392141975 ], [ -73.173203337875805, 5.742901378942634 ], [ -73.17308397000528, 5.743440173354372 ], [ -73.173203663321772, 5.74397889534265 ], [ -73.173383122281734, 5.74451759825547 ], [ -73.173383267107852, 5.744996494406507 ], [ -73.173263880937384, 5.745475426806877 ], [ -73.172965179849427, 5.745894550563378 ], [ -73.172786027562893, 5.746373500955428 ], [ -73.172427542919252, 5.746732781402784 ], [ -73.171889706027684, 5.746912529556027 ], [ -73.171411580751169, 5.746912673220493 ], [ -73.170933455462489, 5.746912816484553 ], [ -73.170455224242858, 5.746553787204334 ], [ -73.169857408315522, 5.746015206969162 ], [ -73.169199827990951, 5.745476644670418 ], [ -73.168721634274846, 5.745237337918923 ], [ -73.168268317264364, 5.745237471576599 ], [ -73.168532031203043, 5.744881135733396 ] ] ], [ [ [ -73.155322473228381, 5.733235186284534 ], [ -73.155442200790773, 5.733048967328585 ], [ -73.155549653710992, 5.732931929850305 ], [ -73.155720671133068, 5.732781912271689 ], [ -73.155858970867584, 5.732704281794621 ], [ -73.156162349390087, 5.732451685263099 ], [ -73.156487928022301, 5.731983082950788 ], [ -73.156825689292361, 5.732194400868138 ], [ -73.157399520147123, 5.732539049168452 ], [ -73.157571782474974, 5.733056209911467 ], [ -73.157571861286499, 5.733343548129426 ], [ -73.157170292538922, 5.733516060897728 ], [ -73.156711287225846, 5.733458719239025 ], [ -73.156252281994455, 5.733401377209759 ], [ -73.155678529689396, 5.733344066019129 ], [ -73.1552195867406, 5.733516593031197 ], [ -73.155195653977259, 5.733540577910115 ], [ -73.155322473228381, 5.733235186284534 ] ] ] ] } },
{ "type": "Feature", "properties": { "fid": 80284, "Shape_Area": 0.002161878737574, "area_ha": 2643.9662501911025, "tipo": "hidrica", "clas": "laminar y surcos", "gra": "moderada" }, "geometry": { "type": "MultiPolygon", "coordinates": [ [ [ [ -73.205665940635981, 5.735633942762073 ], [ -73.206592076875808, 5.735199124706121 ], [ -73.207596029719824, 5.734733262735692 ], [ -73.208763419273197, 5.734189747762955 ], [ -73.209596049254245, 5.733871631274399 ], [ -73.21040540742591, 5.733514523128805 ], [ -73.21112128580981, 5.733258541916349 ], [ -73.212234217590463, 5.732722727185091 ], [ -73.212957918758065, 5.732435597184306 ], [ -73.213759519225533, 5.732062896032173 ], [ -73.214428767636818, 5.731783469776309 ], [ -73.215144760926535, 5.731449586037246 ], [ -73.216078685116088, 5.730999182404426 ], [ -73.216685762969973, 5.730688500355373 ], [ -73.2173415697862, 5.730391800520377 ], [ -73.217822771929832, 5.730243295050798 ], [ -73.218281691868697, 5.730070718553861 ], [ -73.218797940797799, 5.729783184354062 ], [ -73.218898783719823, 5.729694733699128 ], [ -73.218997106551797, 5.729648134377467 ], [ -73.21944862934366, 5.729345003206337 ], [ -73.219552827405522, 5.729280483633618 ], [ -73.219579610688186, 5.72932422408428 ], [ -73.220420989695469, 5.72943811700992 ], [ -73.220839266355881, 5.729258370285777 ], [ -73.221137946419844, 5.728899084673458 ], [ -73.221496389679999, 5.728539774914623 ], [ -73.221675518827965, 5.728120672442969 ], [ -73.221974197788654, 5.727761385518704 ], [ -73.222272875475596, 5.727402099354322 ], [ -73.222571553695161, 5.727042812138848 ], [ -73.222750681622301, 5.726623709357568 ], [ -73.223109145692376, 5.726324260532408 ], [ -73.223407822839022, 5.725964972909821 ], [ -73.223826095093671, 5.725785224118681 ], [ -73.224304201256928, 5.725785037272715 ], [ -73.22478228401252, 5.725724988157708 ], [ -73.225260343212312, 5.725605077683269 ], [ -73.225618804397072, 5.725305627354601 ], [ -73.225917479421071, 5.724946338494249 ], [ -73.226275940754192, 5.724646887777226 ], [ -73.226574591456426, 5.724227736729461 ], [ -73.226634165937583, 5.723748819086836 ], [ -73.226873052927601, 5.723329691509605 ], [ -73.227052176618486, 5.722910587499086 ], [ -73.227051987697166, 5.722431692557393 ], [ -73.226872533804624, 5.722012731308098 ], [ -73.226454123079805, 5.721833310970112 ], [ -73.225976020270821, 5.721833499479033 ], [ -73.225916257418476, 5.721833523014709 ], [ -73.22565909127853, 5.721778204657769 ], [ -73.225837399418921, 5.721525734960257 ], [ -73.226203722175285, 5.720980988334155 ], [ -73.22678818969942, 5.720171708174856 ], [ -73.227349463006249, 5.719268918860772 ], [ -73.227700194246651, 5.718747515567612 ], [ -73.228011925663196, 5.718303956339614 ], [ -73.228370421637479, 5.717790354270239 ], [ -73.22868203659101, 5.717424692302287 ], [ -73.229126227118968, 5.716809948572799 ], [ -73.229547153083445, 5.716148432758761 ], [ -73.229952376105786, 5.715588160348638 ], [ -73.230127587951898, 5.715298539349679 ], [ -73.230028700136771, 5.715117281066983 ], [ -73.230098837182751, 5.715018062673727 ], [ -73.230134083292768, 5.714848683939627 ], [ -73.231115126347561, 5.714061405839074 ], [ -73.231620062651416, 5.71378073965139 ], [ -73.232320471434491, 5.713446809218904 ], [ -73.233059945405756, 5.712988294834156 ], [ -73.233191529348815, 5.712882057351981 ], [ -73.23349485964853, 5.712859131893802 ], [ -73.233938242779857, 5.712789675918663 ], [ -73.234311703259166, 5.712673374756612 ], [ -73.234599559796592, 5.712595899155677 ], [ -73.234724983568299, 5.712556267310351 ], [ -73.235027512396414, 5.712594021082964 ], [ -73.235187075790236, 5.712573976204339 ], [ -73.235355136456917, 5.712910317023159 ], [ -73.235713707773129, 5.712910170045802 ], [ -73.236191679328613, 5.712610664480735 ], [ -73.236848813794211, 5.7120117754327 ], [ -73.237406937685762, 5.711612100788386 ], [ -73.237723610291937, 5.71173090173437 ], [ -73.23823997518366, 5.711788155156114 ], [ -73.238698897649215, 5.711673030273516 ], [ -73.239157772252668, 5.711442970590042 ], [ -73.239616622601432, 5.711155442429288 ], [ -73.240075568169914, 5.711097783695493 ], [ -73.240534585535272, 5.711212526246072 ], [ -73.240878956911672, 5.711557186279549 ], [ -73.241338095034394, 5.711959265124108 ], [ -73.241797209694823, 5.712303876361432 ], [ -73.242313623654582, 5.71247606049451 ], [ -73.242772569908311, 5.712418399576507 ], [ -73.243174072168017, 5.712188360063919 ], [ -73.243460759035941, 5.711785967296066 ], [ -73.243690073526977, 5.711383599629073 ], [ -73.243804621334675, 5.710923812450631 ], [ -73.243861750297185, 5.710349114278699 ], [ -73.24386155593578, 5.709889375745433 ], [ -73.243737792376294, 5.708906804903165 ], [ -73.244096082408248, 5.708248172744561 ], [ -73.244633757037775, 5.707828912349612 ], [ -73.245350815595202, 5.707649021404109 ], [ -73.246366910959296, 5.708007758001486 ], [ -73.24666587114541, 5.708366799889461 ], [ -73.247084276701059, 5.708546205732887 ], [ -73.247502683409721, 5.708725611259069 ], [ -73.248100297390693, 5.70872535372672 ], [ -73.248578310281573, 5.708545561845256 ], [ -73.24905629792471, 5.708305907776776 ], [ -73.249474497955759, 5.708006418358423 ], [ -73.249832910346697, 5.707647091910019 ], [ -73.250131535107812, 5.707227929446901 ], [ -73.250370371382758, 5.70674893105803 ], [ -73.250668995305489, 5.706329769245201 ], [ -73.250967592775169, 5.705850744587735 ], [ -73.251326028976791, 5.705551279078804 ], [ -73.251863747864263, 5.705251734909098 ], [ -73.252341835110315, 5.705251525434676 ], [ -73.252700558429183, 5.705610538811754 ], [ -73.252880025151626, 5.70602949256255 ], [ -73.253059492145439, 5.706448446239676 ], [ -73.253059702114115, 5.706927339625565 ], [ -73.253179434575031, 5.70740618130867 ], [ -73.253418663533694, 5.707825108514157 ], [ -73.253598210455493, 5.708423646391338 ], [ -73.25395693567674, 5.708782658823566 ], [ -73.254435158669764, 5.709081756355772 ], [ -73.254853567825535, 5.70926115641214 ], [ -73.255331659185288, 5.709260944304674 ], [ -73.255690067608953, 5.708901614348861 ], [ -73.255869086282587, 5.708302916906803 ], [ -73.256167680265378, 5.70782389063379 ], [ -73.256406539144223, 5.707404751728689 ], [ -73.256705185487931, 5.707045447835014 ], [ -73.257003831462839, 5.70668614379872 ], [ -73.257541547296, 5.706386595323636 ], [ -73.258019582655493, 5.706266657560775 ], [ -73.258617193602333, 5.706266389214022 ], [ -73.258975947264048, 5.706685259316373 ], [ -73.258617730069943, 5.707463623506897 ], [ -73.258319138351567, 5.70794265186305 ], [ -73.257960784828526, 5.708421705983881 ], [ -73.257602377263822, 5.708781037284439 ], [ -73.257363518751049, 5.709200176652814 ], [ -73.257303970942132, 5.709679097485036 ], [ -73.257602938596335, 5.710038133327146 ], [ -73.257961694922642, 5.710457004839213 ], [ -73.258380106076913, 5.710636402226442 ], [ -73.258858171577685, 5.710576325384125 ], [ -73.259276339985774, 5.710216966358757 ], [ -73.259515197460985, 5.709797827159321 ], [ -73.25975405459792, 5.709378686965294 ], [ -73.260112434127791, 5.708959492626661 ], [ -73.260590525038992, 5.708959276157884 ], [ -73.261128511861216, 5.709258340872168 ], [ -73.261666472976515, 5.709497543313887 ], [ -73.262084911647776, 5.709736799727636 ], [ -73.262563029470527, 5.709796443324365 ], [ -73.263160616547509, 5.709736308357492 ], [ -73.263578837151726, 5.709496669803684 ], [ -73.263997057398853, 5.709257030960032 ], [ -73.264355487606565, 5.708957557576696 ], [ -73.264833413488475, 5.70859816722384 ], [ -73.265251577501658, 5.708238804064479 ], [ -73.265610007317719, 5.707939330852582 ], [ -73.265968435854688, 5.707639856527067 ], [ -73.266446387254121, 5.707340326636199 ], [ -73.26692436583221, 5.70710065808737 ], [ -73.267402371734079, 5.706920850875406 ], [ -73.267880459770595, 5.706920628424768 ], [ -73.268418421168519, 5.707159824541179 ], [ -73.268896649725093, 5.707458909782702 ], [ -73.269195623102632, 5.707817940250493 ], [ -73.269361970089392, 5.708017703091969 ], [ -73.269229306048999, 5.708283788135702 ], [ -73.268990568029267, 5.708942377859614 ], [ -73.268632335495056, 5.70966088596191 ], [ -73.268513063484761, 5.710199697145811 ], [ -73.268453524920176, 5.710678617789597 ], [ -73.26845377569299, 5.711217373123986 ], [ -73.268693045052714, 5.711696155040499 ], [ -73.268932286904089, 5.712115074226574 ], [ -73.26929099567576, 5.712414214805051 ], [ -73.269709439425014, 5.712653465398262 ], [ -73.270187673289172, 5.712952549262411 ], [ -73.270785486485522, 5.713371299761548 ], [ -73.271263580638333, 5.713371074245231 ], [ -73.271741646555029, 5.71331098664831 ], [ -73.272099991083849, 5.712831923502904 ], [ -73.272099765081634, 5.712353030044312 ], [ -73.271860520884445, 5.711934112293704 ], [ -73.27150181026218, 5.711634973363346 ], [ -73.271561346341457, 5.711156051629587 ], [ -73.271859984717764, 5.710796740258388 ], [ -73.272338133225844, 5.710916237319168 ], [ -73.27269684288882, 5.711215375736288 ], [ -73.273174991888425, 5.711334872073905 ], [ -73.273712817390788, 5.711274754517319 ], [ -73.27419085186375, 5.711154803299621 ], [ -73.274609097011933, 5.710975018573663 ], [ -73.274907733325676, 5.710615705712087 ], [ -73.275086846419697, 5.710256450819259 ], [ -73.275505090619333, 5.710076665480642 ], [ -73.275983209588901, 5.710136297837607 ], [ -73.276341921431992, 5.710435433014709 ], [ -73.276461673855181, 5.710914268861416 ], [ -73.276461903422046, 5.711393162168292 ], [ -73.27652189459485, 5.711872026716321 ], [ -73.276641647520989, 5.712350861574976 ], [ -73.277000361119235, 5.712649997140204 ], [ -73.277478454424056, 5.712649766481491 ], [ -73.277777088791595, 5.712290452195077 ], [ -73.277956171670098, 5.711871334835791 ], [ -73.278254806251766, 5.711512020324847 ], [ -73.278314336681547, 5.711033098160158 ], [ -73.278194553837068, 5.710494401121537 ], [ -73.27819432286833, 5.710015508775314 ], [ -73.278433166151501, 5.709596361459376 ], [ -73.27891125686665, 5.709596129732176 ], [ -73.279269969790619, 5.709895263935834 ], [ -73.279509217401596, 5.710314179318175 ], [ -73.279808198683554, 5.710673202938608 ], [ -73.280107180341531, 5.711032227285955 ], [ -73.280585272178143, 5.711031994108396 ], [ -73.28076435262642, 5.710612875070069 ], [ -73.280465370806667, 5.710253851973675 ], [ -73.280046924759688, 5.710014609322343 ], [ -73.280226005327677, 5.70959549043306 ], [ -73.280524637328483, 5.709236174841237 ], [ -73.281002669345298, 5.709116218101371 ], [ -73.281480758653629, 5.709115984257494 ], [ -73.281958848845306, 5.709115750015712 ], [ -73.282377265646232, 5.709295129639429 ], [ -73.282556754751965, 5.709714073011526 ], [ -73.282377675880525, 5.710133192543481 ], [ -73.282079044643694, 5.710492508147581 ], [ -73.281959755928426, 5.710971459872781 ], [ -73.281840467033305, 5.711450411575072 ], [ -73.281541834806831, 5.711809727838954 ], [ -73.281542068628653, 5.712288620018001 ], [ -73.28202016144769, 5.7122883855954 ], [ -73.282378584473861, 5.711988902267649 ], [ -73.282617425378078, 5.711569753351 ], [ -73.282796475112946, 5.711090772121054 ], [ -73.283214657534359, 5.710791258007987 ], [ -73.283633105361218, 5.711030498254445 ], [ -73.283932148444137, 5.711509243729722 ], [ -73.284171400976675, 5.711928156947579 ], [ -73.284111875384838, 5.712407078564297 ], [ -73.283753453063525, 5.712706563841948 ], [ -73.283335239279211, 5.712946216758439 ], [ -73.282857264350866, 5.713185898807581 ], [ -73.282439020496099, 5.713365689475268 ], [ -73.28202083493926, 5.713665203109997 ], [ -73.281662469217906, 5.714084409519103 ], [ -73.281363864814011, 5.714503587361776 ], [ -73.281304395152461, 5.71510223293933 ], [ -73.281244866966176, 5.715581154339986 ], [ -73.281125606812793, 5.716119967522502 ], [ -73.280886763070498, 5.716539115899309 ], [ -73.280767530694163, 5.717137790644642 ], [ -73.28112624940843, 5.717436922428874 ], [ -73.281604316349956, 5.717376826518603 ], [ -73.282082325454951, 5.717197007875939 ], [ -73.282261611782985, 5.717196919770061 ], [ -73.282500425394517, 5.71671790924637 ], [ -73.282798971250827, 5.716179007588494 ], [ -73.282918259221333, 5.715700055757225 ], [ -73.283037489117532, 5.715101381565091 ], [ -73.283037253936925, 5.71462248859018 ], [ -73.283156512945936, 5.714083675085988 ], [ -73.283455115798233, 5.713664497285606 ], [ -73.284052556170764, 5.713305032418646 ], [ -73.284470799421115, 5.713125240602892 ], [ -73.284888982335644, 5.712825725262576 ], [ -73.285306987990623, 5.712167039944347 ], [ -73.285426274090355, 5.711688088575158 ], [ -73.285605321480716, 5.711209106586466 ], [ -73.285903921104136, 5.710789926729774 ], [ -73.286262311390544, 5.710430578591854 ], [ -73.286740371810424, 5.710370478708569 ], [ -73.287218373399867, 5.710190656117788 ], [ -73.287756195733891, 5.710130525543491 ], [ -73.288234285600879, 5.710130286042101 ], [ -73.288712436275773, 5.710249769346262 ], [ -73.289130855771361, 5.710429142996588 ], [ -73.289429872897813, 5.710848023811764 ], [ -73.289848442557854, 5.711326705776628 ], [ -73.289968266480855, 5.711925261412432 ], [ -73.290088060564983, 5.712463954503619 ], [ -73.289909046732362, 5.713002799289825 ], [ -73.289670211642147, 5.713421950979921 ], [ -73.289252000028569, 5.713661608099642 ], [ -73.288773966348117, 5.713781571784295 ], [ -73.288475337486432, 5.714140890562078 ], [ -73.28835608349533, 5.714679704921423 ], [ -73.288117275633113, 5.715158717628981 ], [ -73.287878438387509, 5.715577867748721 ], [ -73.287639599901809, 5.715997018686323 ], [ -73.28734096922517, 5.716356337845127 ], [ -73.287400999960653, 5.716895062298079 ], [ -73.287640287261411, 5.717373834442867 ], [ -73.287999009484963, 5.717672962650909 ], [ -73.288477255488488, 5.717972030567864 ], [ -73.28895547284958, 5.718211236474133 ], [ -73.289433660512088, 5.718390580379037 ], [ -73.289971549488371, 5.718450170529763 ], [ -73.290449677252354, 5.718509790410565 ], [ -73.290987506815554, 5.718449656452833 ], [ -73.291525336241079, 5.718389521996812 ], [ -73.292063134272325, 5.718269525475819 ], [ -73.292720396423192, 5.718029744402997 ], [ -73.293198310720186, 5.717670331065335 ], [ -73.29361652246746, 5.7174306710412 ], [ -73.294034673656256, 5.717071288515172 ], [ -73.294512586312806, 5.716711874154498 ], [ -73.294930736409867, 5.716352490117458 ], [ -73.295408800439645, 5.716292382829977 ], [ -73.295827226252413, 5.716471752139967 ], [ -73.295767710128814, 5.716950675326018 ], [ -73.295528877030449, 5.717369828355856 ], [ -73.295170458045902, 5.717669320561811 ], [ -73.294812039588692, 5.717968812559775 ], [ -73.294513412615061, 5.718328135248726 ], [ -73.294453925884682, 5.718866919887091 ], [ -73.294513933001213, 5.719345780741037 ], [ -73.294573940238138, 5.719824642480432 ], [ -73.294514453481895, 5.720363427102313 ], [ -73.294335380574466, 5.720782549030446 ], [ -73.294036751921567, 5.721141871526811 ], [ -73.293857678446216, 5.721560994229947 ], [ -73.293917685466113, 5.722039856017318 ], [ -73.294336115138265, 5.722219226187235 ], [ -73.294873978221517, 5.722218949982391 ], [ -73.295352108530892, 5.722278565584986 ], [ -73.295770538773581, 5.72245793467556 ], [ -73.296248731863329, 5.722637271680924 ], [ -73.296667162618292, 5.722816640087103 ], [ -73.297145262629783, 5.722816392628658 ], [ -73.297922083612434, 5.722636405079527 ], [ -73.298818366132537, 5.722336632117162 ], [ -73.298878097602881, 5.722276739463155 ], [ -73.299774317550657, 5.721857241117903 ], [ -73.300252230194587, 5.721497822017739 ], [ -73.300789747372562, 5.720839063652193 ], [ -73.301088277573058, 5.720300154229506 ], [ -73.301386869894031, 5.71988096679172 ], [ -73.301745224027968, 5.719461747800779 ], [ -73.30210360814209, 5.719102390118678 ], [ -73.302581517034184, 5.718742970146138 ], [ -73.303119313454829, 5.718622963370819 ], [ -73.303597473711989, 5.718742433725481 ], [ -73.304015934277913, 5.71898165832647 ], [ -73.304135869613276, 5.71975979358956 ], [ -73.304076455086204, 5.720418301729126 ], [ -73.304016977240451, 5.720957085957764 ], [ -73.304017261748754, 5.721495839418253 ], [ -73.30395775217977, 5.721974763040237 ], [ -73.303718924232214, 5.722393920106299 ], [ -73.303420427143578, 5.722992692281252 ], [ -73.303181597506182, 5.723411849152569 ], [ -73.303002593260601, 5.723950697358134 ], [ -73.30282358870312, 5.724489544610435 ], [ -73.302465389811857, 5.725208071807117 ], [ -73.302047269990453, 5.725627322812045 ], [ -73.301688850594587, 5.725926819095093 ], [ -73.301210904028608, 5.726226377077467 ], [ -73.300732956952629, 5.726525935589507 ], [ -73.299896619480194, 5.727184850470337 ], [ -73.299358970130811, 5.727604162187106 ], [ -73.298761619047355, 5.728143226707232 ], [ -73.298463021672546, 5.728562412981887 ], [ -73.297925432014154, 5.729101446481309 ], [ -73.297507337007346, 5.729580555048528 ], [ -73.297089117553014, 5.729820218180919 ], [ -73.296670960435563, 5.730179604058947 ], [ -73.296193069316075, 5.730598882076777 ], [ -73.295894529554005, 5.731137790180526 ], [ -73.29589483778085, 5.731736404466119 ], [ -73.295954847982557, 5.732215265728939 ], [ -73.296373378415183, 5.732574218476827 ], [ -73.296791847518648, 5.732813447864942 ], [ -73.297270048757809, 5.732992783492193 ], [ -73.297807983836208, 5.733112227023696 ], [ -73.298226422810558, 5.733291593805177 ], [ -73.298585221876124, 5.733710437434468 ], [ -73.298525707925876, 5.734189360592836 ], [ -73.298227075473505, 5.734548685329742 ], [ -73.297629561273993, 5.734788441458647 ], [ -73.29709171753251, 5.734848582362815 ], [ -73.296793115663263, 5.735267767913456 ], [ -73.296853126226097, 5.735746628965956 ], [ -73.297032634861694, 5.736165566472494 ], [ -73.297331702859765, 5.736644302409275 ], [ -73.297690535467325, 5.737123007972457 ], [ -73.29804933760164, 5.737541851777053 ], [ -73.298348344969043, 5.737900864999233 ], [ -73.298826519781926, 5.73802033846448 ], [ -73.299184948880963, 5.737720843624743 ], [ -73.299005438164784, 5.73730190692288 ], [ -73.298467281982767, 5.736763434296392 ], [ -73.297809597900994, 5.736225024216822 ], [ -73.297928877431787, 5.735746070018592 ], [ -73.298287305669987, 5.735446575766787 ], [ -73.298765353827491, 5.735326603420617 ], [ -73.299123687817087, 5.734847524194549 ], [ -73.299302636233961, 5.734188954951321 ], [ -73.299661062781524, 5.733889459911154 ], [ -73.300139329168474, 5.734188516926906 ], [ -73.300318838698388, 5.734607453326646 ], [ -73.300199562277044, 5.735086407020219 ], [ -73.299781371408244, 5.735385933713076 ], [ -73.299482739192285, 5.735745259081114 ], [ -73.299482988963518, 5.736224151001011 ], [ -73.299722263678689, 5.736643055365391 ], [ -73.300081004332469, 5.736942174872297 ], [ -73.300439807109569, 5.737361017096134 ], [ -73.300619350219904, 5.737839814771291 ], [ -73.300798862275883, 5.738258749983629 ], [ -73.300830401923236, 5.738299324029128 ], [ -73.300846428377781, 5.738280020301943 ], [ -73.301199332032525, 5.738437829643374 ], [ -73.301546988343944, 5.738437647406556 ], [ -73.30153451875276, 5.738805461050276 ], [ -73.301024815928372, 5.739348472110919 ], [ -73.3000367467763, 5.739412844650758 ], [ -73.299048676409598, 5.739477213685348 ], [ -73.298220060886763, 5.739701130100514 ], [ -73.297391610128614, 5.740244304228781 ], [ -73.296754536049605, 5.741042788026618 ], [ -73.296213380708195, 5.742415893271243 ], [ -73.295726243783633, 5.743119281575446 ], [ -73.295693651830391, 5.743093192169965 ], [ -73.295163889226387, 5.742873982183085 ], [ -73.294938594857797, 5.742851533426119 ], [ -73.294422109249126, 5.742621932009797 ], [ -73.293848309886073, 5.742507292494849 ], [ -73.293389346790548, 5.742564996039732 ], [ -73.292872980275035, 5.742565260804668 ], [ -73.292414134193905, 5.742852830304287 ], [ -73.291897913621028, 5.743140429661594 ], [ -73.2913816341146, 5.743313093845302 ], [ -73.290750517841673, 5.743313415209059 ], [ -73.290291524576787, 5.743313648490357 ], [ -73.28983253129303, 5.743313881403083 ], [ -73.289373537990286, 5.743314113947349 ], [ -73.288857141669041, 5.743256908192905 ], [ -73.288398090572969, 5.743142206094433 ], [ -73.288111017383926, 5.742740081335171 ], [ -73.287881319469079, 5.742337927518236 ], [ -73.287422326868182, 5.742338158456391 ], [ -73.286963420504435, 5.742510789838263 ], [ -73.286447111145094, 5.742625983581149 ], [ -73.285815995352664, 5.742626299458777 ], [ -73.285299657021483, 5.742684024331311 ], [ -73.28478337563422, 5.742856682637466 ], [ -73.284324439473494, 5.742971845008469 ], [ -73.283750783432595, 5.743144531847179 ], [ -73.283291733245335, 5.743029825592373 ], [ -73.283062037584159, 5.742627669681156 ], [ -73.283463514571281, 5.742340135004156 ], [ -73.283922507332932, 5.742339907244173 ], [ -73.284381500076051, 5.742339679115503 ], [ -73.284840492800697, 5.742339450618488 ], [ -73.285299399753455, 5.742166820914861 ], [ -73.28570090385324, 5.741936751678168 ], [ -73.286159867533513, 5.741879055195511 ], [ -73.28661883110334, 5.741821358348943 ], [ -73.28707782332333, 5.741821128076253 ], [ -73.287536815524334, 5.741820897435332 ], [ -73.28799580770675, 5.741820666425781 ], [ -73.288397252613038, 5.741475661495429 ], [ -73.288683920443304, 5.741073247313068 ], [ -73.288913184247519, 5.740613395059199 ], [ -73.289257225043912, 5.740210951631298 ], [ -73.289716186851933, 5.740153252377752 ], [ -73.289888075791282, 5.739693428836858 ], [ -73.289543659692981, 5.739348800717607 ], [ -73.289084727449904, 5.739463967640347 ], [ -73.288568420419722, 5.739579162247253 ], [ -73.288109372349481, 5.739464459751616 ], [ -73.287707641390341, 5.739234793237699 ], [ -73.287477915587601, 5.738775172183409 ], [ -73.286846690106472, 5.738545621205162 ], [ -73.286387700497471, 5.738545851161348 ], [ -73.286158434458514, 5.739005702496456 ], [ -73.286216037383895, 5.739465410278001 ], [ -73.286617768867359, 5.739695076953922 ], [ -73.287076845636761, 5.739867248498285 ], [ -73.287363916587935, 5.740269373020453 ], [ -73.287593613249726, 5.740671527133998 ], [ -73.287249543106213, 5.741016502688069 ], [ -73.28679046535575, 5.740844332242546 ], [ -73.286503394483873, 5.740442206530076 ], [ -73.286044403344022, 5.740442436286571 ], [ -73.285585497998909, 5.740615066518785 ], [ -73.285298828130806, 5.741017479251639 ], [ -73.285126935100607, 5.741477301595921 ], [ -73.284725459587605, 5.741764837378469 ], [ -73.284266410361852, 5.741650131855693 ], [ -73.283864649893303, 5.741362995704947 ], [ -73.28386442241225, 5.74090325915563 ], [ -73.283978914089801, 5.74038599867572 ], [ -73.284150780219306, 5.739868709672578 ], [ -73.284380047313789, 5.739408859059381 ], [ -73.284609257960767, 5.738834073547025 ], [ -73.284608944498018, 5.738201936114649 ], [ -73.284149755937335, 5.737799894634406 ], [ -73.28363330810339, 5.737627749951173 ], [ -73.283231806032177, 5.737857816757639 ], [ -73.283232146318539, 5.738547422142005 ], [ -73.283232373199098, 5.739007158754362 ], [ -73.283232600098131, 5.739466895359044 ], [ -73.282945957392371, 5.739926773944546 ], [ -73.282601883836435, 5.740271745923167 ], [ -73.282257809867303, 5.740616718616252 ], [ -73.281794836578172, 5.740565424844533 ], [ -73.281626555920582, 5.740329694920433 ], [ -73.281167536514715, 5.740272452882834 ], [ -73.280708573413051, 5.740330146228075 ], [ -73.280249610200997, 5.740387838304571 ], [ -73.279946937157831, 5.740214798229147 ], [ -73.2801920118971, 5.739928129705561 ], [ -73.280306534840122, 5.73946833676672 ], [ -73.280535833941371, 5.739065954520299 ], [ -73.28076513182674, 5.738663572192308 ], [ -73.280937028588085, 5.738203750982564 ], [ -73.281223699410305, 5.737801340315286 ], [ -73.281625061354418, 5.737283939104543 ], [ -73.281969105598364, 5.736881499858157 ], [ -73.282313177620438, 5.736536527395629 ], [ -73.282714679193475, 5.736306461250649 ], [ -73.283116179531248, 5.736076393933672 ], [ -73.283517680442003, 5.735846327253455 ], [ -73.283976611168214, 5.735731164870515 ], [ -73.284435541693711, 5.73561600303276 ], [ -73.284894472018038, 5.735500840835869 ], [ -73.285238541409512, 5.73515586672579 ], [ -73.285525208597733, 5.734753454084625 ], [ -73.285869276262815, 5.734408480533034 ], [ -73.28615594264636, 5.734006067606003 ], [ -73.286499953069153, 5.733546158887464 ], [ -73.286844020335764, 5.733201183895574 ], [ -73.287302919436684, 5.733028552018993 ], [ -73.287761818246508, 5.732855920692657 ], [ -73.288163286124529, 5.732568383077421 ], [ -73.288564752690661, 5.732280846103663 ], [ -73.288908817935578, 5.73193586995626 ], [ -73.289195480966839, 5.731533455641625 ], [ -73.288793725536777, 5.731246323524431 ], [ -73.288334770672975, 5.731304021702044 ], [ -73.287933332532646, 5.731649025450452 ], [ -73.287589266835823, 5.731994001036298 ], [ -73.28718777031429, 5.732224071292478 ], [ -73.2867289578395, 5.732569103021376 ], [ -73.286327490096369, 5.732856639666693 ], [ -73.285925992439843, 5.733086709086592 ], [ -73.285467121380464, 5.73331680594049 ], [ -73.285008135895453, 5.733317034581944 ], [ -73.284549207321675, 5.733432196790829 ], [ -73.284090193288648, 5.733374957731428 ], [ -73.283631292822918, 5.733547587092744 ], [ -73.28317244872369, 5.733835149141385 ], [ -73.28271360415448, 5.734122711746977 ], [ -73.282312188804553, 5.734525179668537 ], [ -73.281910716474783, 5.734812712469818 ], [ -73.281509243736991, 5.735100245911497 ], [ -73.28105031291642, 5.735215405413499 ], [ -73.280821015592267, 5.735617787827323 ], [ -73.280706493684306, 5.736077580873086 ], [ -73.280247814348115, 5.736709944429606 ], [ -73.27996114242228, 5.737112354630426 ], [ -73.27967449900234, 5.737572231684567 ], [ -73.279445199825886, 5.737974612702146 ], [ -73.279330676424365, 5.738434405511669 ], [ -73.279158779196109, 5.738894226300715 ], [ -73.277983977847271, 5.739731971341541 ], [ -73.277505949804777, 5.739911787401695 ], [ -73.277087511619186, 5.739732406333474 ], [ -73.276908015983224, 5.739313461949223 ], [ -73.276907784914272, 5.738834569125913 ], [ -73.276668467666582, 5.738295930346453 ], [ -73.276190266601702, 5.738116577439882 ], [ -73.275771831020052, 5.737937194409483 ], [ -73.275652072459025, 5.737458359112054 ], [ -73.275771370909069, 5.736979408616207 ], [ -73.276010196568507, 5.736500400462376 ], [ -73.276189258651982, 5.736021421968019 ], [ -73.276189028316026, 5.735542529060297 ], [ -73.275949685389321, 5.734944028203245 ], [ -73.275471602212633, 5.735004120100882 ], [ -73.275053397601596, 5.735303629371799 ], [ -73.274874306094375, 5.735722746842328 ], [ -73.27463553611841, 5.736321477806314 ], [ -73.274576001004789, 5.736800398537468 ], [ -73.274337144497395, 5.737219544531854 ], [ -73.274277408867363, 5.737279434801621 ], [ -73.274038610012269, 5.737818303924143 ], [ -73.273740016923682, 5.738297339032385 ], [ -73.273678792761416, 5.738407847093754 ], [ -73.273478445123374, 5.738207364882498 ], [ -73.273076719519509, 5.737977687755233 ], [ -73.272617757116393, 5.738035374563992 ], [ -73.272494813821027, 5.73815863520548 ], [ -73.272544474150209, 5.737759155960077 ], [ -73.272843096457962, 5.737339982154708 ], [ -73.272962397259562, 5.736861032131628 ], [ -73.273081697880343, 5.736382082990474 ], [ -73.27338034761425, 5.736022770564432 ], [ -73.273798525119673, 5.735663400830845 ], [ -73.274156966644398, 5.735363921064334 ], [ -73.274395793075314, 5.734884913524752 ], [ -73.274216273372474, 5.734406107336952 ], [ -73.273857518493514, 5.734047109210792 ], [ -73.273797526328565, 5.733568244757294 ], [ -73.273797269556383, 5.733029490080867 ], [ -73.273856805082289, 5.732550569355396 ], [ -73.273617550546646, 5.732131652187945 ], [ -73.273139583186662, 5.732431188587896 ], [ -73.272781228124586, 5.732910252596469 ], [ -73.272303317318801, 5.73332951071319 ], [ -73.2718851121233, 5.733629017707699 ], [ -73.271825574875265, 5.734107939198623 ], [ -73.272244120913001, 5.734526771874528 ], [ -73.272602845828033, 5.734825908501648 ], [ -73.272782336827163, 5.735244854519408 ], [ -73.272722800227939, 5.735723776049269 ], [ -73.272543763696831, 5.736262616133956 ], [ -73.272245114204111, 5.736621927245665 ], [ -73.27182699168992, 5.737101019177146 ], [ -73.271468576147356, 5.737460359209194 ], [ -73.271229717057849, 5.737879504017826 ], [ -73.271050621987683, 5.738298619520322 ], [ -73.271050904690924, 5.738897235854211 ], [ -73.271005142504578, 5.739265343399381 ], [ -73.270725020709847, 5.739300549942129 ], [ -73.270266002801009, 5.739243299966688 ], [ -73.269864277631996, 5.739013621470235 ], [ -73.269519872497426, 5.73866898068087 ], [ -73.269457206743311, 5.738653320340859 ], [ -73.269060828231432, 5.738554262675109 ], [ -73.268601837920357, 5.738554478361777 ], [ -73.268142874440002, 5.738612160717594 ], [ -73.267798792310259, 5.738957125101592 ], [ -73.267454710670108, 5.739302088388285 ], [ -73.267405466981756, 5.739308277127805 ], [ -73.26699574643709, 5.739359769855355 ], [ -73.266651342727869, 5.739015128177357 ], [ -73.266651129128888, 5.73855539092267 ], [ -73.266823036467372, 5.738095573414682 ], [ -73.266650701983451, 5.737635916391127 ], [ -73.266306299553662, 5.737291273522203 ], [ -73.265977750442914, 5.737250293493048 ], [ -73.266149363431623, 5.737043826401646 ], [ -73.2664480179983, 5.736684517381434 ], [ -73.266806464185777, 5.736385042923587 ], [ -73.266746477529864, 5.735906177504603 ], [ -73.266328017550052, 5.735666925677037 ], [ -73.265909557909424, 5.735427673525237 ], [ -73.265730044062082, 5.734948863455088 ], [ -73.266088434136691, 5.734529666129333 ], [ -73.266446879228852, 5.734230191022903 ], [ -73.266805323943913, 5.733930715706208 ], [ -73.267223504327319, 5.733571350627528 ], [ -73.267462308132679, 5.733032484050057 ], [ -73.267641376526569, 5.732553507884973 ], [ -73.267999763737237, 5.732134308557136 ], [ -73.268477817646556, 5.7320143613087 ], [ -73.269015691092022, 5.732014108916985 ], [ -73.269493687598128, 5.731774437524962 ], [ -73.26985212916361, 5.731474960421565 ], [ -73.269732377082278, 5.730996124384092 ], [ -73.269194196207479, 5.730337899153824 ], [ -73.268716032812563, 5.730218400285423 ], [ -73.268237868695564, 5.730098901008489 ], [ -73.267759621106563, 5.729799816319201 ], [ -73.267699550979046, 5.729141366791964 ], [ -73.267878646000781, 5.728722251318572 ], [ -73.268177211600232, 5.728183356536817 ], [ -73.26859541502597, 5.727883852288016 ], [ -73.269133171630301, 5.727644154210623 ], [ -73.26967087252865, 5.727284731415125 ], [ -73.270088962045634, 5.72674577948402 ], [ -73.270327817743805, 5.726326635167993 ], [ -73.270745990494959, 5.725967267785904 ], [ -73.271104426990007, 5.725667790945579 ], [ -73.2715226835316, 5.725488008010245 ], [ -73.271940939800174, 5.725308224780861 ], [ -73.272478693407948, 5.725068522818049 ], [ -73.273255554298316, 5.724948429808705 ], [ -73.273733657963305, 5.724948201777636 ], [ -73.274211761608967, 5.724947973347923 ], [ -73.274689921494883, 5.725067467806866 ], [ -73.275168025201197, 5.725067238575264 ], [ -73.275645956805249, 5.724707839111147 ], [ -73.276123800719915, 5.724168855264963 ], [ -73.276422384984528, 5.723689818221487 ], [ -73.276720997547841, 5.723270642675118 ], [ -73.277199013178802, 5.723090826918167 ], [ -73.277736791219922, 5.722910981843711 ], [ -73.278214834232642, 5.722791026898733 ], [ -73.278752727605365, 5.7228506274094 ], [ -73.279230858348001, 5.722910256504633 ], [ -73.279649312808658, 5.723149499202293 ], [ -73.280306702931114, 5.72314917832739 ], [ -73.280724954481911, 5.722969388891272 ], [ -73.281083384593728, 5.722669905217856 ], [ -73.281381992248157, 5.722250728326969 ], [ -73.281740333671962, 5.721771659432193 ], [ -73.282098762509179, 5.72147217517454 ], [ -73.282337607214231, 5.721053026308141 ], [ -73.282217818109416, 5.720514331487323 ], [ -73.281918829981009, 5.720155308663379 ], [ -73.281440672113035, 5.720035820084888 ], [ -73.280962544536749, 5.719976192718775 ], [ -73.280484386978742, 5.719856703325434 ], [ -73.280125667009202, 5.719557570317988 ], [ -73.279766889248833, 5.719138713805307 ], [ -73.279288704468684, 5.718959362638145 ], [ -73.278810634981937, 5.719019455788555 ], [ -73.278392472387964, 5.719378828652452 ], [ -73.278093862965875, 5.719798004968311 ], [ -73.278094094249582, 5.720276898061002 ], [ -73.278333346609827, 5.720695813613361 ], [ -73.278632332890368, 5.721054837489419 ], [ -73.278752089827606, 5.721533672482394 ], [ -73.278573033848318, 5.722012652602302 ], [ -73.278214602746459, 5.722312134757999 ], [ -73.277796350789743, 5.722491921477399 ], [ -73.277318307918222, 5.722611876067106 ], [ -73.276840206338932, 5.722612106993154 ], [ -73.276421781193903, 5.722432724711666 ], [ -73.275943680630576, 5.722432954882947 ], [ -73.275525456455284, 5.722672601628744 ], [ -73.275226814653081, 5.723031914943533 ], [ -73.274928172481282, 5.723391228116157 ], [ -73.274509947170714, 5.723630875072502 ], [ -73.274091722405501, 5.723870521738036 ], [ -73.273613676578577, 5.723990473327319 ], [ -73.273135573704565, 5.723990701220373 ], [ -73.272657499176432, 5.724050790370768 ], [ -73.272179538698822, 5.724350324852594 ], [ -73.271761339744955, 5.724649831543502 ], [ -73.271283320926386, 5.724829642901852 ], [ -73.270865064770646, 5.725009425647841 ], [ -73.270387018112103, 5.725129374618803 ], [ -73.269968789524, 5.725369018398965 ], [ -73.269490741444656, 5.725488966644832 ], [ -73.269012666058188, 5.725549052829933 ], [ -73.268534505819389, 5.725429553601998 ], [ -73.268056401547767, 5.72542977731689 ], [ -73.267697962615898, 5.725729253227428 ], [ -73.267937210069647, 5.726148172384569 ], [ -73.268355663549585, 5.726387423407857 ], [ -73.268654646979257, 5.726746453475414 ], [ -73.268296207587866, 5.727045929769815 ], [ -73.267818074086961, 5.72698629167553 ], [ -73.267399648196772, 5.726806901950795 ], [ -73.26704093103757, 5.726507760713844 ], [ -73.266741948706965, 5.726148729748672 ], [ -73.266323496022267, 5.72590947841104 ], [ -73.2658453359345, 5.725789976929775 ], [ -73.265367121702639, 5.725550751662638 ], [ -73.264948669989337, 5.725311498364931 ], [ -73.264470510636954, 5.72519199569831 ], [ -73.263992461343605, 5.725311939407334 ], [ -73.263634021152541, 5.725611412872524 ], [ -73.263275579681817, 5.72591088612819 ], [ -73.262976955713157, 5.726330054255584 ], [ -73.263156436894008, 5.726749003865166 ], [ -73.263455417401929, 5.727108036781999 ], [ -73.263873841514851, 5.727287429431328 ], [ -73.264351919976946, 5.727227347442863 ], [ -73.264710361645371, 5.72692787351582 ], [ -73.26506877534905, 5.726568537691037 ], [ -73.265546853046317, 5.726508454737711 ], [ -73.266024985096522, 5.72656809475717 ], [ -73.26644343815957, 5.726807347195859 ], [ -73.266861891561177, 5.727046599310881 ], [ -73.267160874456351, 5.727405630176861 ], [ -73.267280623533225, 5.727884466946932 ], [ -73.267161319452214, 5.728363416071033 ], [ -73.266922460607759, 5.728782559185561 ], [ -73.266623810228054, 5.729141868347028 ], [ -73.266564268858872, 5.729620788645093 ], [ -73.266803517260144, 5.730039709086896 ], [ -73.267221973214419, 5.730278960795488 ], [ -73.267401457889264, 5.730697908818229 ], [ -73.267461444342644, 5.731176774255118 ], [ -73.267461667228815, 5.731655666678989 ], [ -73.267163016693303, 5.732014976139226 ], [ -73.266804573324009, 5.732314451635546 ], [ -73.266386310279188, 5.732494231386795 ], [ -73.265908283162616, 5.732674038597338 ], [ -73.265490075778985, 5.732973540156706 ], [ -73.265131630914425, 5.733273014664121 ], [ -73.264653575141949, 5.733392959194873 ], [ -73.264235117842816, 5.73315370569145 ], [ -73.264175133780384, 5.732674840739151 ], [ -73.263995649823471, 5.73225589165429 ], [ -73.263398067951186, 5.73237589019908 ], [ -73.263099413519626, 5.732735197666614 ], [ -73.262920313827749, 5.733154310901909 ], [ -73.262741213886386, 5.733573424991846 ], [ -73.262322948535029, 5.73375320186824 ], [ -73.262023965964772, 5.733394168568964 ], [ -73.262023747543424, 5.732915275962682 ], [ -73.261904001553944, 5.732436437118906 ], [ -73.26166475555209, 5.732017514546897 ], [ -73.26118667274568, 5.732077594479222 ], [ -73.260888044206354, 5.732496762548919 ], [ -73.260888261664945, 5.732975655205848 ], [ -73.260948270238885, 5.733514383219472 ], [ -73.260709404775639, 5.733933523975168 ], [ -73.260290976612055, 5.733754129232068 ], [ -73.26011149505905, 5.733335178831453 ], [ -73.259932013779462, 5.732916229261491 ], [ -73.259752532772495, 5.732497278712231 ], [ -73.259752289217715, 5.731958523396827 ], [ -73.259752072744106, 5.731479629774469 ], [ -73.25963232898016, 5.731000791237136 ], [ -73.259273612019399, 5.730701645116596 ], [ -73.25879544909742, 5.730582137888518 ], [ -73.258377023956029, 5.730402741588534 ], [ -73.258137781372341, 5.729983817358857 ], [ -73.257659646080356, 5.729924170858851 ], [ -73.257241408366383, 5.730163805716586 ], [ -73.256942751027168, 5.730523110124295 ], [ -73.256763648278195, 5.730942222543376 ], [ -73.25670409852836, 5.731421142170177 ], [ -73.256584784934603, 5.731900089469093 ], [ -73.256405680631644, 5.732319201787448 ], [ -73.255927623492255, 5.732439139084136 ], [ -73.255449486293003, 5.732379490825736 ], [ -73.254971323515349, 5.732259980438755 ], [ -73.254612608035188, 5.731960831338597 ], [ -73.254373367426183, 5.731541905465747 ], [ -73.254014652705507, 5.731242755949893 ], [ -73.253715675605974, 5.730883718894916 ], [ -73.253297251661252, 5.73070431882536 ], [ -73.252819168753945, 5.730764391766115 ], [ -73.252879143134976, 5.73124325837523 ], [ -73.253237857296199, 5.731542408628229 ], [ -73.253716019173567, 5.731661920507918 ], [ -73.253775994424643, 5.732140787875892 ], [ -73.253656678240418, 5.732619734668162 ], [ -73.253836154929218, 5.733038686418581 ], [ -73.254135133282489, 5.733397724235658 ], [ -73.254254873105594, 5.733876564970728 ], [ -73.253956212003004, 5.734235867943539 ], [ -73.253777105093263, 5.734654979523498 ], [ -73.253896844929272, 5.735133819408702 ], [ -73.253657973567726, 5.735552957459731 ], [ -73.253239730964935, 5.735792589604614 ], [ -73.252761617488432, 5.735792800946683 ], [ -73.252283503994022, 5.735793011889427 ], [ -73.251899377591599, 5.735841277894849 ], [ -73.251758448643102, 5.735594501840865 ], [ -73.251758221902662, 5.735077296867928 ], [ -73.251987539027084, 5.734674925154025 ], [ -73.252159458189169, 5.734215111509798 ], [ -73.252044509822724, 5.733755424172045 ], [ -73.251700118195572, 5.73341077196676 ], [ -73.251241055962112, 5.733238572169739 ], [ -73.250781993990131, 5.733066371991754 ], [ -73.250380255384982, 5.732779211185289 ], [ -73.250265308764142, 5.732319523392391 ], [ -73.250265108526548, 5.731859785433414 ], [ -73.250437027442274, 5.73139997223825 ], [ -73.250551573097823, 5.730940184093299 ], [ -73.250608745632519, 5.730480421027096 ], [ -73.250436426463466, 5.730020758312946 ], [ -73.250034690215898, 5.729733597133134 ], [ -73.249346015314245, 5.729274159134945 ], [ -73.249288642476301, 5.729274184098585 ], [ -73.248886907305462, 5.728987022963565 ], [ -73.248427998402406, 5.729159623570979 ], [ -73.248083909308946, 5.729504576497789 ], [ -73.247625049241321, 5.729792110783251 ], [ -73.247223561633064, 5.730079620868707 ], [ -73.246822048939407, 5.730309663537128 ], [ -73.246535355820129, 5.730712057114829 ], [ -73.246529910162849, 5.730755844910448 ], [ -73.246420634471974, 5.73076957454191 ], [ -73.245961723343385, 5.730942173256437 ], [ -73.245560209518658, 5.73117221417607 ], [ -73.245158695364807, 5.731402255731098 ], [ -73.244814603843565, 5.731747206809132 ], [ -73.244642679360823, 5.732207018510223 ], [ -73.244585501914685, 5.732666781166927 ], [ -73.244569287819274, 5.732797161633528 ], [ -73.244528177634606, 5.732781739979202 ], [ -73.244069264291454, 5.732954337258434 ], [ -73.243667748281325, 5.733184377832572 ], [ -73.243381075885281, 5.733644238010413 ], [ -73.242922137178141, 5.733759367248979 ], [ -73.24257804290545, 5.734104317071854 ], [ -73.242406115978611, 5.734564128169666 ], [ -73.242176792017347, 5.73496649633438 ], [ -73.242234359372162, 5.735426210246999 ], [ -73.24246402315373, 5.735828384094873 ], [ -73.242464217284862, 5.736288122261328 ], [ -73.242234892727652, 5.736690490452531 ], [ -73.241775975544101, 5.736863086031406 ], [ -73.241489106495237, 5.736863207161548 ], [ -73.241431757032103, 5.736920698530753 ], [ -73.241030261308936, 5.737208204546505 ], [ -73.24074356167489, 5.737610596350862 ], [ -73.240514234489808, 5.738012963907522 ], [ -73.240342305748698, 5.738472774440993 ], [ -73.240342474203999, 5.738875044571444 ], [ -73.240170423940071, 5.739047519250619 ], [ -73.239826324908506, 5.739392467558389 ], [ -73.239482224559481, 5.739737414767717 ], [ -73.239138123797204, 5.740082362688213 ], [ -73.238966193385238, 5.740542172847086 ], [ -73.238851635861977, 5.741001958997174 ], [ -73.238909202278307, 5.74146167323363 ], [ -73.238870824157004, 5.741770238205277 ], [ -73.238424476269017, 5.741671085028599 ], [ -73.237965530051383, 5.741786210569842 ], [ -73.237564030090539, 5.742073713412879 ], [ -73.237219926783894, 5.742418660256988 ], [ -73.236875823063428, 5.742763606906863 ], [ -73.236359548733731, 5.742993689313721 ], [ -73.235900553708916, 5.742993878910283 ], [ -73.23538418440063, 5.742994091765468 ], [ -73.234810439898922, 5.742994327724773 ], [ -73.234408913955519, 5.743224362167666 ], [ -73.233949989013638, 5.743396951741943 ], [ -73.233491040384138, 5.743512074682826 ], [ -73.232745335569007, 5.743914649155613 ], [ -73.232286432809303, 5.744144705521933 ], [ -73.231827506434456, 5.744317293442407 ], [ -73.23136851020098, 5.7443174794426 ], [ -73.23090944452332, 5.7441452635058 ], [ -73.230565058559137, 5.743800598429914 ], [ -73.230335353337182, 5.743283485316908 ], [ -73.23062206315609, 5.74288109839398 ], [ -73.231023452510101, 5.742306263400678 ], [ -73.230908495867311, 5.741789104107909 ], [ -73.230621462405338, 5.741386948612501 ], [ -73.230162284031337, 5.740927395055508 ], [ -73.229875252436329, 5.740525239135195 ], [ -73.229817693346206, 5.740065523674843 ], [ -73.230104402923814, 5.739663137015725 ], [ -73.230563349294584, 5.739548017779839 ], [ -73.231079761961951, 5.739662743799954 ], [ -73.23153882404381, 5.739834959769439 ], [ -73.231997839919359, 5.739892241875964 ], [ -73.232341945040559, 5.739547298077639 ], [ -73.232355425226388, 5.739528378199566 ], [ -73.23250308124085, 5.739572681973868 ], [ -73.232981149076124, 5.739452763811926 ], [ -73.233339615299599, 5.739153308609957 ], [ -73.233757845735113, 5.738853828777167 ], [ -73.234056522204071, 5.738494535763152 ], [ -73.234534637695219, 5.738494339954457 ], [ -73.235012778584576, 5.738554005546746 ], [ -73.235490944119022, 5.738673532534165 ], [ -73.235969036001734, 5.738613473723433 ], [ -73.236327499179879, 5.738314016725951 ], [ -73.236327302008647, 5.737835123261505 ], [ -73.236267340431425, 5.737356253564542 ], [ -73.236506225490984, 5.736937122224219 ], [ -73.236864688267588, 5.736637664927059 ], [ -73.237342803018748, 5.736637466835191 ], [ -73.237761226878945, 5.736816878555544 ], [ -73.23811993717527, 5.737116038411159 ], [ -73.238538362513452, 5.737295449535338 ], [ -73.239016502677543, 5.737355111807972 ], [ -73.239494568004318, 5.737235188325485 ], [ -73.239912842815045, 5.737055427729217 ], [ -73.240032171346172, 5.736576483342446 ], [ -73.23967346045248, 5.736277325612605 ], [ -73.23919529711128, 5.736157802063815 ], [ -73.238776872431686, 5.735978391386766 ], [ -73.238418162545429, 5.735679231915867 ], [ -73.2381191924174, 5.735320185548687 ], [ -73.23782022266596, 5.734961139005236 ], [ -73.237342110230713, 5.734961337437824 ], [ -73.236863996875229, 5.734961535471541 ], [ -73.236385883502862, 5.73496173310599 ], [ -73.235907820196417, 5.735081653949578 ], [ -73.235489544519851, 5.735261411623924 ], [ -73.235071293075407, 5.735501030809189 ], [ -73.234653041273532, 5.735740649701256 ], [ -73.234294577827484, 5.736040105646964 ], [ -73.233816488748118, 5.73610016298295 ], [ -73.233338374322841, 5.736100358110605 ], [ -73.232920097036356, 5.736280113964028 ], [ -73.232891243602126, 5.736314823229179 ], [ -73.232684745284303, 5.735984184799293 ], [ -73.23222570926265, 5.735869436816586 ], [ -73.231766742994921, 5.735927090066241 ], [ -73.231365242827565, 5.736214588576956 ], [ -73.230848902556943, 5.736272265200739 ], [ -73.230332516057331, 5.73621500513741 ], [ -73.229873480243441, 5.736100255257384 ], [ -73.229357116012693, 5.736100462420779 ], [ -73.228955592441707, 5.736330492984223 ], [ -73.228668906495784, 5.736790346293617 ], [ -73.228267381254454, 5.737020375493955 ], [ -73.227980717243611, 5.737537695697881 ], [ -73.227808824051579, 5.738112438210464 ], [ -73.228038547613778, 5.738687019817291 ], [ -73.228440302828744, 5.739031663750438 ], [ -73.228670051221229, 5.739663712253048 ], [ -73.228670326042277, 5.740353320547229 ], [ -73.22855576111931, 5.740813104972005 ], [ -73.228039575342621, 5.741273049680103 ], [ -73.227465878739508, 5.741388212617551 ], [ -73.226949442364173, 5.741216016162809 ], [ -73.226490425766997, 5.741158730028928 ], [ -73.226088896605063, 5.741388758725975 ], [ -73.225687389723362, 5.74167625436769 ], [ -73.225285859862879, 5.741906281618412 ], [ -73.224712229511226, 5.7421938443984 ], [ -73.224310743828312, 5.742538805428467 ], [ -73.224253549322896, 5.74299856659519 ], [ -73.224311103459286, 5.743458282733229 ], [ -73.224712927554378, 5.743975331734532 ], [ -73.224999958357557, 5.744377490273394 ], [ -73.225344341468769, 5.744722157909507 ], [ -73.22551671357769, 5.745354231127465 ], [ -73.225516894441739, 5.745813969700009 ], [ -73.225115429385767, 5.746216399446212 ], [ -73.224713941234086, 5.746561360811995 ], [ -73.224312407612331, 5.746791388394058 ], [ -73.223853566284674, 5.747193839826593 ], [ -73.223394589894156, 5.7472514867261 ], [ -73.222935591041448, 5.747251666044747 ], [ -73.222533833031491, 5.746907018437923 ], [ -73.222304133572209, 5.746389901916018 ], [ -73.222189206036887, 5.745930207886204 ], [ -73.221844823994559, 5.745585537412524 ], [ -73.221385737653861, 5.745355846534835 ], [ -73.220926695962646, 5.745241088822127 ], [ -73.220467676542398, 5.745183798866947 ], [ -73.220008657200026, 5.745126508539443 ], [ -73.219549505892644, 5.744724413535209 ], [ -73.219319831107612, 5.744264762873172 ], [ -73.21920490643339, 5.743805068100585 ], [ -73.219204730693434, 5.743345329297824 ], [ -73.219147180645507, 5.742885612485168 ], [ -73.219089630703706, 5.742425895655913 ], [ -73.218687900305156, 5.742138713215581 ], [ -73.21817153114813, 5.742138910493509 ], [ -73.217827437505036, 5.742541312468177 ], [ -73.217598113854933, 5.743001138730961 ], [ -73.217483561319284, 5.743518389408962 ], [ -73.217196884356156, 5.744035704593102 ], [ -73.216852789823008, 5.744438106927987 ], [ -73.216680882648291, 5.745012845564077 ], [ -73.216681056415609, 5.745472584417655 ], [ -73.216738626563085, 5.745989768744096 ], [ -73.216681469169714, 5.746564463825678 ], [ -73.216624268238604, 5.74702422441419 ], [ -73.216394921150709, 5.747426582985725 ], [ -73.215993383373359, 5.74765660486463 ], [ -73.215534362352514, 5.747599311005388 ], [ -73.215075298272893, 5.747427081378362 ], [ -73.214788272633712, 5.747024917689146 ], [ -73.215017621627283, 5.746622559719981 ], [ -73.215074780698728, 5.746047864743218 ], [ -73.215189335845878, 5.745530615398025 ], [ -73.215131767151888, 5.74501343085285 ], [ -73.215016845631339, 5.744553735128875 ], [ -73.214787174484968, 5.744094082502329 ], [ -73.214729800024998, 5.744094104061105 ], [ -73.214328091973925, 5.743864384885512 ], [ -73.213926384237936, 5.743634666318655 ], [ -73.213467345205117, 5.743519903403751 ], [ -73.213008306342829, 5.743405139207937 ], [ -73.212491871970315, 5.743232929608837 ], [ -73.212032812259622, 5.743060698252521 ], [ -73.211573774012834, 5.742945932878456 ], [ -73.211114714783719, 5.742773700764189 ], [ -73.210655676925853, 5.742658935541613 ], [ -73.210196639238802, 5.742544169038297 ], [ -73.209737643752476, 5.742544337614561 ], [ -73.209049108154147, 5.742429655233082 ], [ -73.20841792712946, 5.742257483817639 ], [ -73.207901536688837, 5.742200204541746 ], [ -73.207327730498434, 5.742028010129275 ], [ -73.206811318715609, 5.741913262570051 ], [ -73.206294908026905, 5.741798514536242 ], [ -73.205835871780891, 5.741683745376577 ], [ -73.205376835705977, 5.741568974936627 ], [ -73.204917758746944, 5.741339270435731 ], [ -73.204401307945886, 5.741109585157801 ], [ -73.203999605902084, 5.740879859378765 ], [ -73.203920893430166, 5.740812330334734 ], [ -73.204342318722524, 5.740601087557138 ], [ -73.204629061368166, 5.740241813464706 ], [ -73.204844061323399, 5.739810730803754 ], [ -73.205202546494547, 5.739523265778644 ], [ -73.205561032206788, 5.739235799633548 ], [ -73.206063029879886, 5.739163784886671 ], [ -73.206421514923761, 5.73887631822214 ], [ -73.206636513033402, 5.738445234933465 ], [ -73.206923201381471, 5.737942291517982 ], [ -73.206851302842892, 5.737439477711405 ], [ -73.206707713092158, 5.737008523914312 ], [ -73.206348996959321, 5.73664948180982 ], [ -73.205990307046534, 5.736362274491455 ], [ -73.2055599260907, 5.73614692591957 ], [ -73.205201236878054, 5.735859718075972 ], [ -73.205186686086876, 5.735841513204287 ], [ -73.205665940635981, 5.735633942762073 ] ], [ [ -73.227060262100565, 5.728859602240675 ], [ -73.226582106288902, 5.728740067772151 ], [ -73.226163690670489, 5.728560647454231 ], [ -73.225745251800902, 5.728321364958049 ], [ -73.225386554214595, 5.728022196777147 ], [ -73.225505893405739, 5.727543255756416 ], [ -73.225983976547354, 5.727483205590374 ], [ -73.226462107624741, 5.727542878749546 ], [ -73.226940262410039, 5.727662413363419 ], [ -73.227298961437668, 5.727961579647342 ], [ -73.227777115817503, 5.728081113541066 ], [ -73.227956240181356, 5.727662010189761 ], [ -73.227836523549627, 5.727183162878987 ], [ -73.227757850254648, 5.727088675458049 ], [ -73.227418108728102, 5.727003743437706 ], [ -73.22705941116169, 5.726704576291866 ], [ -73.226700713062201, 5.726405408903986 ], [ -73.226222582918183, 5.72634573590534 ], [ -73.225804310176613, 5.726525486428216 ], [ -73.225445848357708, 5.72682493688643 ], [ -73.225147172100037, 5.727184225527935 ], [ -73.224669111573633, 5.727304136858265 ], [ -73.224250837616864, 5.727483886288496 ], [ -73.223892373469312, 5.7277833349155 ], [ -73.223773033782948, 5.728262276555597 ], [ -73.223832983745638, 5.728741148168524 ], [ -73.223833170195235, 5.729220043111638 ], [ -73.224012623462329, 5.729639005205968 ], [ -73.224311605331991, 5.730057921347395 ], [ -73.224670304600465, 5.730357090151813 ], [ -73.225148484884926, 5.730536488031078 ], [ -73.225626641050951, 5.730656023641643 ], [ -73.226045058067996, 5.730835444285162 ], [ -73.226463498925057, 5.731074726464271 ], [ -73.226523451502885, 5.731553596744106 ], [ -73.226164986140361, 5.73185304770891 ], [ -73.226284702519649, 5.732331895307823 ], [ -73.226762837671401, 5.73239156804533 ], [ -73.227121303032334, 5.732092116710817 ], [ -73.227539578402343, 5.731912365117694 ], [ -73.228017665783909, 5.731852313128172 ], [ -73.228495729246617, 5.731732398900647 ], [ -73.228854193263942, 5.731432946526979 ], [ -73.229033317776384, 5.731013842877587 ], [ -73.229033126935008, 5.730534948137176 ], [ -73.228973172416147, 5.730056077276913 ], [ -73.228733950897549, 5.729637139847057 ], [ -73.228434989913751, 5.729278088879084 ], [ -73.22795683351012, 5.729158555584888 ], [ -73.227538417192704, 5.728979136302257 ], [ -73.227060262100565, 5.728859602240675 ] ] ] ] } },
{ "type": "Feature", "properties": { "fid": 65624, "Shape_Area": 0.00030011672589499999, "area_ha": 367.02195284876979, "tipo": "hidrica", "clas": "laminar y surcos", "gra": "ligera" }, "geometry": { "type": "MultiPolygon", "coordinates": [ [ [ [ -73.168703169947477, 5.752256320743553 ], [ -73.168212242413432, 5.751414264158856 ], [ -73.168006429110747, 5.750991553840766 ], [ -73.167706551735932, 5.750378690166046 ], [ -73.167387151121645, 5.749790334860847 ], [ -73.167160485552728, 5.749316183839168 ], [ -73.166934386358946, 5.748486689376463 ], [ -73.16704405329223, 5.748167965679174 ], [ -73.167162584838138, 5.747995039164591 ], [ -73.167617708969232, 5.74781353773237 ], [ -73.168027132803616, 5.747768635392571 ], [ -73.168609350130396, 5.747751337630158 ], [ -73.168855002907563, 5.74772439294131 ], [ -73.168936859404297, 5.747733637731698 ], [ -73.169001142992045, 5.747351058646066 ], [ -73.168419879703123, 5.74676700759574 ], [ -73.167629525955959, 5.746100619882855 ], [ -73.168268317264364, 5.745237471576599 ], [ -73.168721634274846, 5.745237337918923 ], [ -73.169199827990951, 5.745476644670418 ], [ -73.169857408315522, 5.746015206969162 ], [ -73.170455224242858, 5.746553787204334 ], [ -73.170933455462489, 5.746912816484553 ], [ -73.171411580751169, 5.746912673220493 ], [ -73.171889706027684, 5.746912529556027 ], [ -73.172427542919252, 5.746732781402784 ], [ -73.172786027562893, 5.746373500955428 ], [ -73.172965179849427, 5.745894550563378 ], [ -73.173263880937384, 5.745475426806877 ], [ -73.173383267107852, 5.744996494406507 ], [ -73.173383122281734, 5.74451759825547 ], [ -73.173203663321772, 5.74397889534265 ], [ -73.17308397000528, 5.743440173354372 ], [ -73.173203337875805, 5.742901378942634 ], [ -73.173502019183729, 5.742422392141975 ], [ -73.173980104347038, 5.742302523702222 ], [ -73.174458224810508, 5.742302378005036 ], [ -73.175115605117696, 5.742182452980842 ], [ -73.175533887924644, 5.741942876618509 ], [ -73.175952096930928, 5.741463851889819 ], [ -73.17613124422968, 5.740984900550302 ], [ -73.176250608777877, 5.740446106463935 ], [ -73.176489539768966, 5.740026998610801 ], [ -73.176907691245958, 5.739368387162756 ], [ -73.177445482400003, 5.739068910468461 ], [ -73.178162585032737, 5.738829240393216 ], [ -73.178580864097455, 5.738589661888795 ], [ -73.178999142806731, 5.738350083087596 ], [ -73.179596676948108, 5.737990723710141 ], [ -73.179596658218372, 5.73793086169718 ], [ -73.17989529410869, 5.73733214769203 ], [ -73.180074400247918, 5.736733472067783 ], [ -73.180134014572445, 5.736254557144605 ], [ -73.180432724314983, 5.735895290927999 ], [ -73.180791216977354, 5.735595867702955 ], [ -73.181269219205831, 5.735236545314194 ], [ -73.181866957202544, 5.735535664892211 ], [ -73.182046383369709, 5.73595464196228 ], [ -73.182225828805542, 5.73643348096914 ], [ -73.182225980802286, 5.736912377024737 ], [ -73.181987055300226, 5.73733148624251 ], [ -73.181867677765979, 5.737810420295773 ], [ -73.181628770587508, 5.738289392281786 ], [ -73.181389900858846, 5.738888088182989 ], [ -73.18115101265488, 5.739426921077893 ], [ -73.181091474505365, 5.740145284052687 ], [ -73.181151390627917, 5.740624161147991 ], [ -73.181510131072116, 5.741102942547229 ], [ -73.181809107953484, 5.741581743605593 ], [ -73.18216779342788, 5.741880939456621 ], [ -73.182406987086097, 5.742299897204759 ], [ -73.182705984426605, 5.742838558818221 ], [ -73.182885413650411, 5.743257535426494 ], [ -73.18330401819594, 5.744035607278249 ], [ -73.183662725170848, 5.744394663172955 ], [ -73.184140905704567, 5.7445740952748 ], [ -73.184619086526538, 5.744753526965667 ], [ -73.185097208753518, 5.744753372305354 ], [ -73.18557533187078, 5.744753217245034 ], [ -73.18605345497491, 5.744753061784365 ], [ -73.186471754271622, 5.744573339500732 ], [ -73.186770463201924, 5.744214070066789 ], [ -73.187128918418523, 5.743794919850018 ], [ -73.187487373113527, 5.743375768514511 ], [ -73.187965416534098, 5.743136163597114 ], [ -73.188503263178916, 5.743016262531853 ], [ -73.189100895407989, 5.74295620317082 ], [ -73.189423627066503, 5.742956096321166 ], [ -73.189399800431545, 5.74319555211855 ], [ -73.189399958599608, 5.743674447865089 ], [ -73.189459882093956, 5.744153322890043 ], [ -73.189340509612521, 5.744632258233537 ], [ -73.189280902357609, 5.745111173757152 ], [ -73.189759104917357, 5.745350463039927 ], [ -73.190237207635846, 5.745290442101634 ], [ -73.190356579480863, 5.744811506602048 ], [ -73.190416185810705, 5.744332590991917 ], [ -73.190416026775949, 5.743853696189547 ], [ -73.190535398210898, 5.743374760643576 ], [ -73.190834104829207, 5.74301548917515 ], [ -73.191132811075704, 5.742656217558249 ], [ -73.191610972276351, 5.742775781430339 ], [ -73.192208643043102, 5.742835442758974 ], [ -73.192447844319929, 5.743254396039958 ], [ -73.192268729329555, 5.743793213998003 ], [ -73.191850432550382, 5.74397294045076 ], [ -73.191432176375429, 5.744272389619141 ], [ -73.191133469513545, 5.744631661393782 ], [ -73.19107386376254, 5.745110577055073 ], [ -73.191133808798668, 5.745649314691946 ], [ -73.191552247050254, 5.745888621513586 ], [ -73.19209009539702, 5.745768717928797 ], [ -73.192388858829418, 5.745578147126082 ], [ -73.192389003121548, 5.746008064294415 ], [ -73.19238916386513, 5.746486959910555 ], [ -73.192389324622241, 5.74696585551817 ], [ -73.192329719747136, 5.747444771244488 ], [ -73.191851734863462, 5.747863964782482 ], [ -73.191612813127222, 5.748283078687507 ], [ -73.19119453287243, 5.748522666699671 ], [ -73.190895823730671, 5.748881938375519 ], [ -73.190477602440694, 5.749301111739669 ], [ -73.190059360676798, 5.749660421953422 ], [ -73.189581373178157, 5.750079614580159 ], [ -73.18904357858105, 5.750379102707086 ], [ -73.188625295688212, 5.750618688905774 ], [ -73.188207013342208, 5.750858274807456 ], [ -73.187728924447413, 5.750978156152883 ], [ -73.187310640543444, 5.751217740510697 ], [ -73.187191264972171, 5.75169667539376 ], [ -73.186832805046947, 5.752115826598356 ], [ -73.186354832591803, 5.752594878591424 ], [ -73.186295066387459, 5.752594898103837 ], [ -73.185757170539603, 5.75259507343435 ], [ -73.185279040883017, 5.752595228858127 ], [ -73.184860600111733, 5.752355916665294 ], [ -73.18486044549951, 5.751877020938991 ], [ -73.184740759634906, 5.751398163902309 ], [ -73.184561307043737, 5.750919327056579 ], [ -73.184023355012812, 5.750739914788596 ], [ -73.183306258575726, 5.751039455389105 ], [ -73.183127190132723, 5.751757855706842 ], [ -73.183246971440781, 5.752536022969764 ], [ -73.18360572226851, 5.753014802561722 ], [ -73.183964492939992, 5.753553444771683 ], [ -73.183845152576794, 5.754152102951764 ], [ -73.183486727036779, 5.754690975172196 ], [ -73.18312822420927, 5.754990400222482 ], [ -73.182829526655553, 5.755409529835447 ], [ -73.182650360874675, 5.755828621035732 ], [ -73.182710280348431, 5.75630749761217 ], [ -73.182830023978909, 5.756965939997087 ], [ -73.183009477196094, 5.757444778176875 ], [ -73.183009649561768, 5.757983535819619 ], [ -73.1830098027894, 5.758462430588452 ], [ -73.182770869384171, 5.758881540991183 ], [ -73.182531935635382, 5.759300651298702 ], [ -73.182233215503629, 5.759659918662805 ], [ -73.181814922940305, 5.759899499195456 ], [ -73.181654737786971, 5.759919606823416 ], [ -73.181456278013115, 5.759621648917744 ], [ -73.181025910634219, 5.75947811648598 ], [ -73.180722587966727, 5.759721317706521 ], [ -73.180619470704073, 5.759540708347402 ], [ -73.180619319449079, 5.759061812627749 ], [ -73.180619168206931, 5.758582916900366 ], [ -73.180439735464233, 5.758163939903113 ], [ -73.180021311299072, 5.757984487146814 ], [ -73.17954317788957, 5.757984637905508 ], [ -73.179005239305411, 5.7578650830838 ], [ -73.178646545150741, 5.757565885675263 ], [ -73.178467114175874, 5.757146907987874 ], [ -73.178765835471665, 5.756787642532117 ], [ -73.179184145894567, 5.756607925312153 ], [ -73.179662259365159, 5.756547912916574 ], [ -73.180080569312906, 5.756368195051607 ], [ -73.180498803456146, 5.755949029903547 ], [ -73.180797503927977, 5.755529901456043 ], [ -73.180976670997495, 5.755110810793383 ], [ -73.180976519560772, 5.754631915009043 ], [ -73.180976368137181, 5.754153020121578 ], [ -73.180856684055698, 5.753674162220477 ], [ -73.180677177223004, 5.753015737272847 ], [ -73.180557493657659, 5.752536880179491 ], [ -73.180318296819053, 5.752117921898616 ], [ -73.179959605699025, 5.751818725164924 ], [ -73.179720409606432, 5.751399766599832 ], [ -73.179540980832883, 5.750980790028734 ], [ -73.179421298688453, 5.750501931715178 ], [ -73.179540680591913, 5.750022998237625 ], [ -73.179779612006826, 5.749603889100172 ], [ -73.180197916909378, 5.749424171265616 ], [ -73.180735809947123, 5.749424001268096 ], [ -73.181333468859066, 5.749423811787665 ], [ -73.181811576071823, 5.74936379777148 ], [ -73.182349392787273, 5.749124179239686 ], [ -73.182648050303499, 5.748585325917929 ], [ -73.182946726382056, 5.748106334428087 ], [ -73.182767257298963, 5.747567634900406 ], [ -73.18252802293091, 5.747028953489632 ], [ -73.182169314943167, 5.746669896040487 ], [ -73.18175087980552, 5.74643058133978 ], [ -73.181272756089868, 5.746430733244381 ], [ -73.180794669223417, 5.746550608731695 ], [ -73.180197013290581, 5.746550797553994 ], [ -73.179718832218782, 5.74637136217757 ], [ -73.179121083805001, 5.746072239881926 ], [ -73.178583081966451, 5.745713237167081 ], [ -73.177925512680588, 5.745234546240567 ], [ -73.177447352803824, 5.745114970902989 ], [ -73.176969229168833, 5.745115119172681 ], [ -73.176551000028894, 5.7455342826334 ], [ -73.176252282960547, 5.745893546027901 ], [ -73.175953603176993, 5.746372534192631 ], [ -73.175774434919049, 5.746791623435911 ], [ -73.175475753379942, 5.747270611362751 ], [ -73.175236818777876, 5.747689717896208 ], [ -73.174938172888858, 5.748288429568106 ], [ -73.174699255738631, 5.748767398797895 ], [ -73.174400590527739, 5.749306248194273 ], [ -73.173922591443784, 5.749725427166027 ], [ -73.173564104596551, 5.75008470832654 ], [ -73.172906787182114, 5.750444079851604 ], [ -73.172368929893082, 5.750563966523089 ], [ -73.171831071460815, 5.750683852694294 ], [ -73.171352943035515, 5.750683996403325 ], [ -73.170874815501577, 5.75068413971178 ], [ -73.170396669242109, 5.750624420604254 ], [ -73.169799026473072, 5.750684460692355 ], [ -73.169440518668921, 5.750983877328565 ], [ -73.169082064414965, 5.751462878897826 ], [ -73.168962673435374, 5.751941810438097 ], [ -73.168916854538409, 5.752125610579838 ], [ -73.168703169947477, 5.752256320743553 ] ] ] ] } },
{ "type": "Feature", "properties": { "fid": 80306, "Shape_Area": 0.000374824224209, "area_ha": 458.38303995272133, "tipo": "hidrica", "clas": "laminar y surcos", "gra": "moderada" }, "geometry": { "type": "MultiPolygon", "coordinates": [ [ [ [ -73.182531935635382, 5.759300651298702 ], [ -73.182770869384171, 5.758881540991183 ], [ -73.1830098027894, 5.758462430588452 ], [ -73.183009649561768, 5.757983535819619 ], [ -73.183009477196094, 5.757444778176875 ], [ -73.182830023978909, 5.756965939997087 ], [ -73.182710280348431, 5.75630749761217 ], [ -73.182650360874675, 5.755828621035732 ], [ -73.182829526655553, 5.755409529835447 ], [ -73.18312822420927, 5.754990400222482 ], [ -73.183486727036779, 5.754690975172196 ], [ -73.183845152576794, 5.754152102951764 ], [ -73.183964492939992, 5.753553444771683 ], [ -73.18360572226851, 5.753014802561722 ], [ -73.183246971440781, 5.752536022969764 ], [ -73.183127190132723, 5.751757855706842 ], [ -73.183306258575726, 5.751039455389105 ], [ -73.184023355012812, 5.750739914788596 ], [ -73.184561307043737, 5.750919327056579 ], [ -73.184740759634906, 5.751398163902309 ], [ -73.18486044549951, 5.751877020938991 ], [ -73.184860600111733, 5.752355916665294 ], [ -73.185279040883017, 5.752595228858127 ], [ -73.185757170539603, 5.75259507343435 ], [ -73.186295066387459, 5.752594898103837 ], [ -73.186354832591803, 5.752594878591424 ], [ -73.186832805046947, 5.752115826598356 ], [ -73.187191264972171, 5.75169667539376 ], [ -73.187310640543444, 5.751217740510697 ], [ -73.187728924447413, 5.750978156152883 ], [ -73.188207013342208, 5.750858274807456 ], [ -73.188625295688212, 5.750618688905774 ], [ -73.18904357858105, 5.750379102707086 ], [ -73.189581373178157, 5.750079614580159 ], [ -73.190059360676798, 5.749660421953422 ], [ -73.190477602440694, 5.749301111739669 ], [ -73.190895823730671, 5.748881938375519 ], [ -73.19119453287243, 5.748522666699671 ], [ -73.191612813127222, 5.748283078687507 ], [ -73.191851734863462, 5.747863964782482 ], [ -73.192329719747136, 5.747444771244488 ], [ -73.192389324622241, 5.74696585551817 ], [ -73.19238916386513, 5.746486959910555 ], [ -73.192389003121548, 5.746008064294415 ], [ -73.192388858829418, 5.745578147126082 ], [ -73.192747374682426, 5.745349462868944 ], [ -73.193046080863894, 5.74499019028076 ], [ -73.193344766486348, 5.74457105559253 ], [ -73.193822726432188, 5.744091998935062 ], [ -73.194121309706588, 5.743373554105062 ], [ -73.194240677934658, 5.742894617884247 ], [ -73.194539260105387, 5.74217617374984 ], [ -73.194837943213884, 5.741757038326568 ], [ -73.195315858842889, 5.741158255685832 ], [ -73.195734132004418, 5.74091866483468 ], [ -73.196152425275898, 5.740738935637467 ], [ -73.196630503705819, 5.740619048450355 ], [ -73.19710862215004, 5.740618883858815 ], [ -73.197586700253282, 5.740498994976917 ], [ -73.197910683738371, 5.740313411898398 ], [ -73.197860516282844, 5.740767081778529 ], [ -73.197975443139683, 5.74128424885356 ], [ -73.198319868285694, 5.741801336332571 ], [ -73.198664233445015, 5.742146021627093 ], [ -73.199295472606991, 5.742490605857938 ], [ -73.199869317191826, 5.742777743019076 ], [ -73.200443222593776, 5.743237281503468 ], [ -73.201017149957124, 5.743754286676392 ], [ -73.201476409170709, 5.744501201801143 ], [ -73.201935649359086, 5.745190648292521 ], [ -73.202739098118627, 5.745765038630111 ], [ -73.203312948544976, 5.746052171220015 ], [ -73.204001507169664, 5.74622432857683 ], [ -73.204747421282548, 5.746338996337954 ], [ -73.205321189977951, 5.746396257716356 ], [ -73.205894938123834, 5.746396051232807 ], [ -73.206870352581859, 5.746510633443734 ], [ -73.207558891866029, 5.746625318272493 ], [ -73.208304911485754, 5.747027318606513 ], [ -73.209050952187681, 5.747486785190745 ], [ -73.209567516527443, 5.748003803171684 ], [ -73.210026663843166, 5.748405905410834 ], [ -73.210715311590263, 5.748807923522463 ], [ -73.211174417976508, 5.749095091166623 ], [ -73.211690878579418, 5.749324768995336 ], [ -73.212149922001686, 5.749439534060343 ], [ -73.21289582021177, 5.749496723707182 ], [ -73.212953195219427, 5.74949670231257 ], [ -73.213526946188551, 5.749496488049431 ], [ -73.213985947128833, 5.749496316223883 ], [ -73.214559634390184, 5.749323698287924 ], [ -73.215018592021977, 5.749208591153774 ], [ -73.215477527841927, 5.74903601641671 ], [ -73.215936506693708, 5.74897837579806 ], [ -73.21633821900781, 5.749208092738286 ], [ -73.216625245953139, 5.749610255536595 ], [ -73.216625463283663, 5.750184928786041 ], [ -73.216568262055091, 5.750644689326066 ], [ -73.216338935281613, 5.751104515113468 ], [ -73.216109693999272, 5.751794210651838 ], [ -73.216104917247833, 5.751802191809475 ], [ -73.215864649347623, 5.751664795744261 ], [ -73.21552052693437, 5.752009730143186 ], [ -73.215119050412227, 5.752412153209775 ], [ -73.214774949562525, 5.752814554419047 ], [ -73.214430825802651, 5.753159487292407 ], [ -73.213627826157733, 5.753849397234887 ], [ -73.213168885921505, 5.754021970620158 ], [ -73.212709881328976, 5.754022141923144 ], [ -73.212136040604435, 5.753792486559462 ], [ -73.211677057416182, 5.753850124270059 ], [ -73.21121811653353, 5.754022696108109 ], [ -73.21081661434863, 5.754367649036396 ], [ -73.210472508350506, 5.754770047779346 ], [ -73.210128380770698, 5.755114979078314 ], [ -73.209669501541214, 5.755459951465696 ], [ -73.209210600742153, 5.755747457154428 ], [ -73.2085795724376, 5.756035025459425 ], [ -73.208063274001063, 5.75626508307721 ], [ -73.207374805386678, 5.756380268342241 ], [ -73.206858443788576, 5.756437924027637 ], [ -73.206399519996921, 5.75666795936047 ], [ -73.205940575140062, 5.756840527075099 ], [ -73.205424274841789, 5.757070583266795 ], [ -73.204850557138855, 5.757185724186343 ], [ -73.204219503490663, 5.757415820523136 ], [ -73.203817974125968, 5.757703300550645 ], [ -73.203244337089814, 5.758048309861579 ], [ -73.202785430847541, 5.758335810544054 ], [ -73.202326524135628, 5.758623309965628 ], [ -73.20226914817431, 5.75862333032461 ], [ -73.20181028152075, 5.759025764791545 ], [ -73.201523542354096, 5.759428138080523 ], [ -73.201523704374381, 5.759887877149026 ], [ -73.201581242544762, 5.760347595920337 ], [ -73.20198297791012, 5.760634790968879 ], [ -73.2023846933306, 5.760864517547475 ], [ -73.202958456083536, 5.760864313502339 ], [ -73.203417486899127, 5.760921618016539 ], [ -73.203833443970041, 5.760973543787259 ], [ -73.203809552928988, 5.761029434950558 ], [ -73.203630401118971, 5.761448532204383 ], [ -73.202973112152449, 5.76186779902099 ], [ -73.202495017648971, 5.761987692905848 ], [ -73.202016860364893, 5.761928000743353 ], [ -73.201538723369481, 5.761928170062504 ], [ -73.201060607416252, 5.761988200868075 ], [ -73.200702109709709, 5.762287636738108 ], [ -73.20022401521868, 5.76240752874412 ], [ -73.199745877769431, 5.762407696572723 ], [ -73.199267740306027, 5.762407864000068 ], [ -73.198789602828413, 5.762408031026098 ], [ -73.198311424700648, 5.762288473856756 ], [ -73.197892992294953, 5.762109033624483 ], [ -73.197534285910251, 5.761809848556652 ], [ -73.197458827035746, 5.761766695510403 ], [ -73.197593928885169, 5.761450657331977 ], [ -73.197892639998713, 5.761091382227221 ], [ -73.198191350739023, 5.760732106974274 ], [ -73.198549848868083, 5.760432672655554 ], [ -73.199027942121347, 5.760312782090864 ], [ -73.199446248232505, 5.760133050150955 ], [ -73.199864491301923, 5.75977373312719 ], [ -73.200222966975332, 5.759414435901249 ], [ -73.200402099758776, 5.758935477726766 ], [ -73.200521464584369, 5.758456540522218 ], [ -73.200581063411221, 5.757977625224555 ], [ -73.20064066215167, 5.757498709011031 ], [ -73.200520960958784, 5.757019855860676 ], [ -73.200222003080341, 5.756660789448347 ], [ -73.199863299042931, 5.756361605713153 ], [ -73.199564341020391, 5.756002539826966 ], [ -73.19938489547053, 5.755583569184751 ], [ -73.199205450192267, 5.755164598470628 ], [ -73.199026005185203, 5.75474562768477 ], [ -73.198786794108912, 5.754326678559039 ], [ -73.198607350591203, 5.753907707609415 ], [ -73.198427885691558, 5.753428874673261 ], [ -73.198069184637177, 5.753129689673472 ], [ -73.197591013558281, 5.753010131589122 ], [ -73.197172588246985, 5.752830690529436 ], [ -73.196754143521616, 5.752591388134306 ], [ -73.196335718762271, 5.752411946438826 ], [ -73.195857630509522, 5.752531834573062 ], [ -73.195319816709343, 5.752771466626996 ], [ -73.194961342774036, 5.753130759912437 ], [ -73.194602847135684, 5.753430191959239 ], [ -73.194124737327797, 5.753490216748105 ], [ -73.193766241015396, 5.753789648288148 ], [ -73.193587083823672, 5.754208742668652 ], [ -73.193527479402633, 5.754687657485249 ], [ -73.193945905038902, 5.754867101199181 ], [ -73.194364208949764, 5.754687373034926 ], [ -73.194603132052862, 5.754268258954596 ], [ -73.194901841500723, 5.753908985389785 ], [ -73.195320123068484, 5.753669394626513 ], [ -73.195738425651257, 5.753489665491145 ], [ -73.19621651472545, 5.753369777432738 ], [ -73.196575235563046, 5.753728825543988 ], [ -73.196993722269838, 5.754087852778412 ], [ -73.19735242340289, 5.754387038442928 ], [ -73.197651379198646, 5.754746105585525 ], [ -73.197711311030673, 5.755224980193361 ], [ -73.197771242976614, 5.755703854783121 ], [ -73.19759208820858, 5.756122950314023 ], [ -73.197412933186399, 5.75654204488626 ], [ -73.19741309843198, 5.757020940182088 ], [ -73.197233963657766, 5.757499897515117 ], [ -73.196875467501002, 5.757799330997045 ], [ -73.196397292702159, 5.757679772056861 ], [ -73.195919138592615, 5.757620074623901 ], [ -73.195440984569473, 5.757560376786273 ], [ -73.194962831536373, 5.757500678544204 ], [ -73.194604333238317, 5.757800110638982 ], [ -73.194724029706094, 5.758278964277849 ], [ -73.195142478776688, 5.758518268906585 ], [ -73.195620632677674, 5.758577966966584 ], [ -73.196098746519453, 5.758517940795684 ], [ -73.196636668189399, 5.758577617439585 ], [ -73.196995371134619, 5.758876803192038 ], [ -73.197174816076085, 5.759295774562702 ], [ -73.197115214285475, 5.759774690490758 ], [ -73.196696949729358, 5.760074143648353 ], [ -73.196458025909408, 5.760493259456155 ], [ -73.196278868784646, 5.760912354588299 ], [ -73.196099711405566, 5.761331449666727 ], [ -73.195800999012704, 5.761690722966591 ], [ -73.195382690541123, 5.76187045229932 ], [ -73.194904595127696, 5.761990339869953 ], [ -73.194426498597352, 5.762110227045866 ], [ -73.193948381541361, 5.762170251913972 ], [ -73.193709170821592, 5.76175129984091 ], [ -73.194127479774863, 5.761571571721049 ], [ -73.194545768084879, 5.761331982294394 ], [ -73.195023863941401, 5.76121209503782 ], [ -73.195143234623856, 5.760733158826611 ], [ -73.194784510113607, 5.760374110021303 ], [ -73.194306394551177, 5.76043413514293 ], [ -73.193828360052066, 5.760733607534121 ], [ -73.193350305701927, 5.760973217620233 ], [ -73.193319674119493, 5.761026950437724 ], [ -73.193290477930191, 5.76079365214008 ], [ -73.192931774704959, 5.760494464051533 ], [ -73.192573071852735, 5.760195275721571 ], [ -73.192274116191186, 5.759836205068723 ], [ -73.191975160907646, 5.759477135146483 ], [ -73.191496926347838, 5.759177986331963 ], [ -73.191078498221827, 5.758998540928019 ], [ -73.190600343410892, 5.758938839055759 ], [ -73.19012224838832, 5.759058722578629 ], [ -73.189703980509933, 5.759358171623205 ], [ -73.189225924544075, 5.75959777828092 ], [ -73.188986995330595, 5.760016890235477 ], [ -73.188807832788825, 5.760435983204161 ], [ -73.188748223874029, 5.760914898476585 ], [ -73.18850929378533, 5.761334011146289 ], [ -73.18809100370072, 5.76157359622556 ], [ -73.18773249917831, 5.761873024160082 ], [ -73.187314187841991, 5.762052747657151 ], [ -73.186895895808618, 5.762292332791787 ], [ -73.186477584790453, 5.762472055690239 ], [ -73.186059272597447, 5.762651778289012 ], [ -73.185581173418825, 5.762771658119334 ], [ -73.185162860706612, 5.762951380074355 ], [ -73.184804354653522, 5.763250806229337 ], [ -73.184684974779884, 5.763729739630151 ], [ -73.184744896989002, 5.76420861577958 ], [ -73.184565730078987, 5.764627707496118 ], [ -73.184147415683526, 5.764807428747474 ], [ -73.183669275773639, 5.764807583148411 ], [ -73.18319109746227, 5.764688013258422 ], [ -73.182892145996846, 5.764328937623077 ], [ -73.182951760102412, 5.763850022851045 ], [ -73.183250480973641, 5.763490755108023 ], [ -73.183071045579027, 5.763071780025484 ], [ -73.182712346025198, 5.76277258539983 ], [ -73.182234169604897, 5.762653014637294 ], [ -73.182030989323039, 5.76260220787583 ], [ -73.182030955126834, 5.762494838087548 ], [ -73.181959074525651, 5.761992020943183 ], [ -73.181815496514389, 5.761561060831298 ], [ -73.181815336588897, 5.761058220756468 ], [ -73.181743455493574, 5.760555403548381 ], [ -73.181743295659658, 5.760052563453826 ], [ -73.181654737786971, 5.759919606823416 ], [ -73.181814922940305, 5.759899499195456 ], [ -73.182233215503629, 5.759659918662805 ], [ -73.182531935635382, 5.759300651298702 ] ] ] ] } },
{ "type": "Feature", "properties": { "fid": 80345, "Shape_Area": 0.00055940901493699996, "area_ha": 684.09914346602852, "tipo": "hidrica", "clas": "laminar y surcos", "gra": "moderada" }, "geometry": { "type": "MultiPolygon", "coordinates": [ [ [ [ -73.172091862345354, 5.770295437552408 ], [ -73.171201543002965, 5.769470371755626 ], [ -73.171333703771666, 5.769302304347988 ], [ -73.171559455619786, 5.769528275223877 ], [ -73.172075920227144, 5.769757989600464 ], [ -73.172420323073993, 5.770217625060468 ], [ -73.172477839227781, 5.770677347331059 ], [ -73.172477844992784, 5.770696423077805 ], [ -73.172091862345354, 5.770295437552408 ] ] ], [ [ [ -73.173556107976523, 5.767207970747021 ], [ -73.174132746730152, 5.766830883944188 ], [ -73.174625889896845, 5.766497433122043 ], [ -73.175054887910747, 5.766276005929493 ], [ -73.175115305596137, 5.76622406582607 ], [ -73.175117133102077, 5.76612838529311 ], [ -73.175027544622353, 5.765847475322544 ], [ -73.174757079858708, 5.765187030451044 ], [ -73.174697046119363, 5.764996202955937 ], [ -73.174650821872049, 5.764451307151234 ], [ -73.174577477192287, 5.764169174894305 ], [ -73.174715950959296, 5.76414931839588 ], [ -73.175074643699872, 5.764436545027309 ], [ -73.175505013494615, 5.76458008185989 ], [ -73.17593527289597, 5.76436444563916 ], [ -73.17607858163916, 5.763933395311824 ], [ -73.176006706031728, 5.763430577284794 ], [ -73.175719712029036, 5.763071494015549 ], [ -73.175361019854222, 5.76278426776048 ], [ -73.17500232894082, 5.762497040360415 ], [ -73.175002174983092, 5.761994200114714 ], [ -73.175217204330181, 5.761563127934267 ], [ -73.175360512982081, 5.761132077750233 ], [ -73.175647285046296, 5.760772817532768 ], [ -73.175647262977122, 5.760700983339973 ], [ -73.175802490466197, 5.760159782997619 ], [ -73.175917049299812, 5.759527605778771 ], [ -73.175859461097161, 5.758838014296771 ], [ -73.175572403425747, 5.758263427320344 ], [ -73.175227952783246, 5.757631391348355 ], [ -73.175285170257382, 5.757114166549513 ], [ -73.175571909570124, 5.756654338494627 ], [ -73.175858613103742, 5.75607957467156 ], [ -73.175801095159841, 5.755619852545237 ], [ -73.175456734947602, 5.75527515434743 ], [ -73.174997745893279, 5.755332762710339 ], [ -73.174596220133424, 5.755677690892867 ], [ -73.174252087181344, 5.756080067740811 ], [ -73.17385059536889, 5.756539930155611 ], [ -73.173334351125447, 5.756999827190043 ], [ -73.172875343062287, 5.756999966519459 ], [ -73.172416317668478, 5.756942638107603 ], [ -73.171842471538071, 5.756655474416903 ], [ -73.171440753481249, 5.756368257509394 ], [ -73.171276309382151, 5.756388895913277 ], [ -73.171270134178073, 5.756374919782258 ], [ -73.171025429357442, 5.755800517579092 ], [ -73.17075327512083, 5.755326292282169 ], [ -73.170490276145529, 5.754815639729964 ], [ -73.170408925431957, 5.75448749810255 ], [ -73.170237184257772, 5.753794761445451 ], [ -73.16991954684633, 5.753320465072704 ], [ -73.16965328832093, 5.752860495641682 ], [ -73.169372449034583, 5.752480955786965 ], [ -73.169004313129378, 5.752072112446471 ], [ -73.168916854538409, 5.752125610579838 ], [ -73.168962673435374, 5.751941810438097 ], [ -73.169082064414965, 5.751462878897826 ], [ -73.169440518668921, 5.750983877328565 ], [ -73.169799026473072, 5.750684460692355 ], [ -73.170396669242109, 5.750624420604254 ], [ -73.170874815501577, 5.75068413971178 ], [ -73.171352943035515, 5.750683996403325 ], [ -73.171831071460815, 5.750683852694294 ], [ -73.172368929893082, 5.750563966523089 ], [ -73.172906787182114, 5.750444079851604 ], [ -73.173564104596551, 5.75008470832654 ], [ -73.173922591443784, 5.749725427166027 ], [ -73.174400590527739, 5.749306248194273 ], [ -73.174699255738631, 5.748767398797895 ], [ -73.174938172888858, 5.748288429568106 ], [ -73.175236818777876, 5.747689717896208 ], [ -73.175475753379942, 5.747270611362751 ], [ -73.175774434919049, 5.746791623435911 ], [ -73.175953603176993, 5.746372534192631 ], [ -73.176252282960547, 5.745893546027901 ], [ -73.176551000028894, 5.7455342826334 ], [ -73.176969229168833, 5.745115119172681 ], [ -73.177447352803824, 5.745114970902989 ], [ -73.177925512680588, 5.745234546240567 ], [ -73.178583081966451, 5.745713237167081 ], [ -73.179121083805001, 5.746072239881926 ], [ -73.179718832218782, 5.74637136217757 ], [ -73.180197013290581, 5.746550797553994 ], [ -73.180794669223417, 5.746550608731695 ], [ -73.181272756089868, 5.746430733244381 ], [ -73.18175087980552, 5.74643058133978 ], [ -73.182169314943167, 5.746669896040487 ], [ -73.18252802293091, 5.747028953489632 ], [ -73.182767257298963, 5.747567634900406 ], [ -73.182946726382056, 5.748106334428087 ], [ -73.182648050303499, 5.748585325917929 ], [ -73.182349392787273, 5.749124179239686 ], [ -73.181811576071823, 5.74936379777148 ], [ -73.181333468859066, 5.749423811787665 ], [ -73.180735809947123, 5.749424001268096 ], [ -73.180197916909378, 5.749424171265616 ], [ -73.179779612006826, 5.749603889100172 ], [ -73.179540680591913, 5.750022998237625 ], [ -73.179421298688453, 5.750501931715178 ], [ -73.179540980832883, 5.750980790028734 ], [ -73.179720409606432, 5.751399766599832 ], [ -73.179959605699025, 5.751818725164924 ], [ -73.180318296819053, 5.752117921898616 ], [ -73.180557493657659, 5.752536880179491 ], [ -73.180677177223004, 5.753015737272847 ], [ -73.180856684055698, 5.753674162220477 ], [ -73.180976368137181, 5.754153020121578 ], [ -73.180976519560772, 5.754631915009043 ], [ -73.180976670997495, 5.755110810793383 ], [ -73.180797503927977, 5.755529901456043 ], [ -73.180498803456146, 5.755949029903547 ], [ -73.180080569312906, 5.756368195051607 ], [ -73.179662259365159, 5.756547912916574 ], [ -73.179184145894567, 5.756607925312153 ], [ -73.178765835471665, 5.756787642532117 ], [ -73.178467114175874, 5.757146907987874 ], [ -73.178646545150741, 5.757565885675263 ], [ -73.179005239305411, 5.7578650830838 ], [ -73.17954317788957, 5.757984637905508 ], [ -73.180021311299072, 5.757984487146814 ], [ -73.180439735464233, 5.758163939903113 ], [ -73.180619168206931, 5.758582916900366 ], [ -73.180619319449079, 5.759061812627749 ], [ -73.180619470704073, 5.759540708347402 ], [ -73.180722587966727, 5.759721317706521 ], [ -73.180667399766321, 5.759765567862814 ], [ -73.180524118147218, 5.760268453442734 ], [ -73.180595997227499, 5.760771270844998 ], [ -73.18073957411201, 5.761202231311245 ], [ -73.181026570215693, 5.761561312006734 ], [ -73.180955008988064, 5.762064174876514 ], [ -73.180811703482561, 5.7624952263306 ], [ -73.180524934817242, 5.762854489051676 ], [ -73.1801664216228, 5.763141939248669 ], [ -73.179664399014257, 5.763213932879978 ], [ -73.179234164490083, 5.763501405123293 ], [ -73.178875672712593, 5.763860689611704 ], [ -73.178588901237731, 5.764219951400548 ], [ -73.17837387353444, 5.764651024766181 ], [ -73.178302309659784, 5.765153887333383 ], [ -73.17837418754192, 5.765656704971605 ], [ -73.178374344566464, 5.766159545060987 ], [ -73.178159316013875, 5.766590618343855 ], [ -73.177944286240688, 5.767021691549417 ], [ -73.177657512639826, 5.767380952896815 ], [ -73.17729899608014, 5.767668401375374 ], [ -73.176868712524026, 5.767812204491804 ], [ -73.176366663136719, 5.76781236026676 ], [ -73.175864634956099, 5.767884349773169 ], [ -73.175362607539228, 5.76795633884052 ], [ -73.174860579982635, 5.768028327468585 ], [ -73.17443031743278, 5.768243962945519 ], [ -73.174143541880142, 5.768603221688238 ], [ -73.174000229693149, 5.769034271537919 ], [ -73.173785196771632, 5.769465343258844 ], [ -73.173426676007978, 5.769752790281643 ], [ -73.172996302751187, 5.769609252911039 ], [ -73.172852729341685, 5.769178290505181 ], [ -73.172852577097615, 5.768675450319506 ], [ -73.172924146138428, 5.768172588339894 ], [ -73.172995715066122, 5.767669725441181 ], [ -73.173029304516945, 5.767602389731393 ], [ -73.173556107976523, 5.767207970747021 ] ] ] ] } },
{ "type": "Feature", "properties": { "fid": 80319, "Shape_Area": 0.000217653479474, "area_ha": 266.17156321927644, "tipo": "hidrica", "clas": "laminar y surcos", "gra": "moderada" }, "geometry": { "type": "MultiPolygon", "coordinates": [ [ [ [ -73.249302260495199, 5.768628146817605 ], [ -73.248632863214482, 5.768628439640963 ], [ -73.248106908764782, 5.768628669163832 ], [ -73.247628746909982, 5.768580988777785 ], [ -73.247533118337515, 5.768581030376708 ], [ -73.247007163887588, 5.768581258881397 ], [ -73.246481167164234, 5.768485707838579 ], [ -73.245955109612851, 5.768246488606792 ], [ -73.245524680073743, 5.768007227627379 ], [ -73.245046436659095, 5.767767987795537 ], [ -73.244568255163017, 5.767672414351068 ], [ -73.244090095184731, 5.767624730038619 ], [ -73.243564120149358, 5.767577065781893 ], [ -73.242990270738119, 5.767385753715928 ], [ -73.242512049163054, 5.767194400325195 ], [ -73.241985974040915, 5.766907288649122 ], [ -73.241555526817024, 5.766620134992536 ], [ -73.240981598148153, 5.766237263514711 ], [ -73.240312062215139, 5.765902320439807 ], [ -73.239642567223882, 5.765663156566745 ], [ -73.239020906854364, 5.765471859566503 ], [ -73.238447080907633, 5.765328432320416 ], [ -73.237873214442516, 5.765089225349527 ], [ -73.237347203143031, 5.764945776992022 ], [ -73.236677710386573, 5.764706608622419 ], [ -73.236247227766739, 5.76432367250834 ], [ -73.23581672595742, 5.763892846463477 ], [ -73.235481832864423, 5.763414090959031 ], [ -73.235242586864786, 5.762983185328039 ], [ -73.235003341234915, 5.762552279575402 ], [ -73.234524949326328, 5.761929914722373 ], [ -73.234190078120719, 5.761499047920779 ], [ -73.23385524570125, 5.761163960071599 ], [ -73.233376935322383, 5.760733151582428 ], [ -73.232994193503885, 5.760158635700634 ], [ -73.232850460087775, 5.759440353130515 ], [ -73.232850245599082, 5.758913570304799 ], [ -73.232850031129999, 5.758386786564415 ], [ -73.232945424060631, 5.757812075063441 ], [ -73.233088687844486, 5.757381011887333 ], [ -73.233471075967714, 5.757093518738429 ], [ -73.234044756281378, 5.756901726077899 ], [ -73.234618435285938, 5.756709932855017 ], [ -73.235287799609011, 5.756661767493199 ], [ -73.235765910481575, 5.756613681350643 ], [ -73.236244002386684, 5.75651770431773 ], [ -73.236769867788382, 5.756325928776505 ], [ -73.237247918635035, 5.756134172654583 ], [ -73.237965135047773, 5.756181763460063 ], [ -73.238443385808011, 5.756468899443291 ], [ -73.238587004556109, 5.756899843856615 ], [ -73.238395931699927, 5.757330928237423 ], [ -73.238061418322388, 5.757762072464743 ], [ -73.23806169736514, 5.758432523847148 ], [ -73.238396610333041, 5.758959166620457 ], [ -73.23887476365843, 5.75900685604978 ], [ -73.239352896100513, 5.759006655502617 ], [ -73.23987880276843, 5.758910656200953 ], [ -73.240261268755319, 5.758814715985181 ], [ -73.241026260859883, 5.75876650350051 ], [ -73.24155226809529, 5.758909949594624 ], [ -73.241839390297912, 5.759484500013286 ], [ -73.241839592834822, 5.759963393827093 ], [ -73.241505142268295, 5.760538207772527 ], [ -73.241122776370332, 5.760873594862346 ], [ -73.240788263153661, 5.761304740636717 ], [ -73.240740672205334, 5.761831544222559 ], [ -73.24102777500417, 5.762358205403189 ], [ -73.241697185571411, 5.762405811390579 ], [ -73.24217528107755, 5.762309829242838 ], [ -73.242605521983307, 5.762118088855402 ], [ -73.242987887771392, 5.761782700786796 ], [ -73.243322439404096, 5.761447332895102 ], [ -73.243656930315694, 5.760968296158239 ], [ -73.244134860637132, 5.760489197815559 ], [ -73.244851815233119, 5.7599142182533 ], [ -73.245329908032033, 5.759818233561077 ], [ -73.246142817389568, 5.760009440420504 ], [ -73.246573282304837, 5.760344480334709 ], [ -73.247003727029039, 5.760631629451098 ], [ -73.247434109999631, 5.760775111409657 ], [ -73.248103477358086, 5.760726930853764 ], [ -73.248629362056988, 5.760583033943021 ], [ -73.249155122164495, 5.760151800252345 ], [ -73.249633046124927, 5.759672697512428 ], [ -73.25011094924389, 5.759145704864522 ], [ -73.250636706900764, 5.758714470796178 ], [ -73.251162610062124, 5.758618460271805 ], [ -73.251688471782586, 5.758426671116581 ], [ -73.252118685215578, 5.758187034256537 ], [ -73.252453165843463, 5.757707992702933 ], [ -73.252644164572757, 5.757133236386778 ], [ -73.252978665344813, 5.756702084080757 ], [ -73.253456753824821, 5.756606093643313 ], [ -73.253934884636919, 5.756605880954055 ], [ -73.254508726259303, 5.756797182378364 ], [ -73.254939107938924, 5.756940657829091 ], [ -73.255417196214751, 5.756844664849837 ], [ -73.255608234460681, 5.756365686703248 ], [ -73.255751352187417, 5.755647282348775 ], [ -73.256181540306216, 5.755359753050413 ], [ -73.256707547570102, 5.755503185153941 ], [ -73.256946805991106, 5.75593408133102 ], [ -73.256975525987173, 5.756005902224217 ], [ -73.25673323233849, 5.755915021511839 ], [ -73.256331757605551, 5.756260005390857 ], [ -73.25621721247046, 5.756719794306946 ], [ -73.256389545161426, 5.757179454291872 ], [ -73.256619228910267, 5.757581621334111 ], [ -73.256848912087094, 5.757983788263914 ], [ -73.256734367088711, 5.75844357725299 ], [ -73.256332890649333, 5.758788560276514 ], [ -73.255931362287299, 5.759018609834925 ], [ -73.255702039012817, 5.759420983098494 ], [ -73.255874372206733, 5.759880643177951 ], [ -73.255702450185424, 5.760340457736447 ], [ -73.255186066004569, 5.760340689173347 ], [ -73.254727083328248, 5.760398361557236 ], [ -73.25432555316803, 5.760628409145284 ], [ -73.254497885680564, 5.76108806965442 ], [ -73.254268560606079, 5.761490442393438 ], [ -73.253867029499929, 5.761720490596531 ], [ -73.253408045542074, 5.761778161970142 ], [ -73.252949137767473, 5.762008234157975 ], [ -73.252891964176456, 5.762467997913575 ], [ -73.252892167603306, 5.762927735287917 ], [ -73.25260546445611, 5.763330131977625 ], [ -73.252261358364422, 5.763675087793331 ], [ -73.252089432381354, 5.764134901378952 ], [ -73.252204387944857, 5.764594587951308 ], [ -73.252261967301308, 5.765054299903341 ], [ -73.252090040952169, 5.76551411348504 ], [ -73.252032867341711, 5.765973876238604 ], [ -73.252033070201719, 5.766433613586912 ], [ -73.252262754064247, 5.766835782226622 ], [ -73.252721843938275, 5.767007980711583 ], [ -73.253180959552424, 5.767237644956765 ], [ -73.253640075524061, 5.767467309718597 ], [ -73.254213868431179, 5.767524520822008 ], [ -73.254615377741175, 5.767237005205573 ], [ -73.254787252111555, 5.766662256870745 ], [ -73.254614916588196, 5.766202596623828 ], [ -73.25455733519226, 5.76574288501638 ], [ -73.254442377484907, 5.765283199030762 ], [ -73.254671703838369, 5.764880826213357 ], [ -73.255130690102135, 5.764823153723682 ], [ -73.255589727675499, 5.764880414952643 ], [ -73.256048739569053, 5.764880208767352 ], [ -73.256507699843041, 5.764765068135432 ], [ -73.256851778051612, 5.764362642814262 ], [ -73.257081103228074, 5.763960269104984 ], [ -73.257425205542461, 5.763615310502644 ], [ -73.25788419132266, 5.763557635848429 ], [ -73.258343202070591, 5.763557427861429 ], [ -73.258916887142902, 5.763384766267563 ], [ -73.259318417198074, 5.763154714557288 ], [ -73.259432960869958, 5.762694925175595 ], [ -73.259375376098149, 5.762235214155965 ], [ -73.258973612358034, 5.761948060783425 ], [ -73.258514524955956, 5.761775868115478 ], [ -73.258112995495367, 5.762005918336286 ], [ -73.25759673940297, 5.762293488122396 ], [ -73.25708043107943, 5.762466123380648 ], [ -73.256851183938068, 5.763040898205361 ], [ -73.256621885646155, 5.763500738865844 ], [ -73.256105524402869, 5.76355843830504 ], [ -73.25587573549916, 5.76292640305212 ], [ -73.25621971007314, 5.762294109033917 ], [ -73.256735915291358, 5.761891606378697 ], [ -73.25719482131575, 5.761661531211757 ], [ -73.257538923139748, 5.7613165725773 ], [ -73.257596091995197, 5.760856809412871 ], [ -73.257194355943909, 5.760627121732455 ], [ -73.256792620207307, 5.76039743465725 ], [ -73.256735012058584, 5.759880256181361 ], [ -73.257079113148222, 5.759535297838568 ], [ -73.257538017172976, 5.759305222466878 ], [ -73.257709937419463, 5.75884540741788 ], [ -73.257767105977791, 5.75838564330877 ], [ -73.257594771791844, 5.757925983825317 ], [ -73.257651940384562, 5.757466220617744 ], [ -73.258110920321542, 5.75740854599087 ], [ -73.258570004051876, 5.75758074007814 ], [ -73.258971816470932, 5.757982828007698 ], [ -73.259430900897655, 5.758155020460833 ], [ -73.259889959474606, 5.758269745495113 ], [ -73.260348965903916, 5.758269536083446 ], [ -73.260750701423945, 5.758499221577154 ], [ -73.261152489739914, 5.758843840829627 ], [ -73.261611628023672, 5.759130965513805 ], [ -73.261956120464731, 5.759648011549643 ], [ -73.261956357407087, 5.760165215662994 ], [ -73.261612337916858, 5.760682578802346 ], [ -73.260981200908077, 5.760682868167635 ], [ -73.260694504692083, 5.761085268655165 ], [ -73.260465183187705, 5.761487643693329 ], [ -73.260580144786445, 5.761947328342274 ], [ -73.261039286270375, 5.762234454260863 ], [ -73.261498295840283, 5.762234243779631 ], [ -73.261957279055537, 5.762176565910067 ], [ -73.262014979197374, 5.762205428552818 ], [ -73.261779051679923, 5.762780052553467 ], [ -73.261396695923906, 5.763115453673493 ], [ -73.260966614293409, 5.7636424325907 ], [ -73.260775644027603, 5.76426508077401 ], [ -73.26058465153011, 5.76483983941398 ], [ -73.260489286618167, 5.76541455516525 ], [ -73.260250544933058, 5.766133003119023 ], [ -73.259963966789996, 5.766803584238176 ], [ -73.259581738839813, 5.76742631935798 ], [ -73.259295028834742, 5.767809564173774 ], [ -73.258864876719031, 5.768192875017462 ], [ -73.258291282188679, 5.768576249767023 ], [ -73.257717622019698, 5.768815956406627 ], [ -73.257143939777109, 5.769007772996645 ], [ -73.256713699136299, 5.769199524336045 ], [ -73.256379150458315, 5.76953489986073 ], [ -73.256044860080237, 5.770444947306828 ], [ -73.256045096409707, 5.770971729004202 ], [ -73.256045311274192, 5.77145062210559 ], [ -73.256045569135097, 5.772025293273998 ], [ -73.255997990943229, 5.77255209737001 ], [ -73.255806948217696, 5.773031076506356 ], [ -73.255424583081947, 5.773366473053841 ], [ -73.254994402806119, 5.773701890803238 ], [ -73.254564179273927, 5.773941530166212 ], [ -73.253990469429766, 5.774085455227919 ], [ -73.253464487983365, 5.774037800427266 ], [ -73.253034008581722, 5.773702766506517 ], [ -73.252746952468556, 5.773319779904227 ], [ -73.252603317633486, 5.77288883994072 ], [ -73.25255529101571, 5.772409967968031 ], [ -73.252363694674784, 5.771643824424245 ], [ -73.252220019175297, 5.771117106201416 ], [ -73.251980736226983, 5.770638318883755 ], [ -73.251645804676855, 5.770111684231551 ], [ -73.251023904283159, 5.769393619730181 ], [ -73.250497780212811, 5.769010737182498 ], [ -73.249876050137743, 5.768675784718312 ], [ -73.249302260495199, 5.768628146817605 ] ], [ [ -73.248533883826838, 5.766719749595836 ], [ -73.248780346306432, 5.766604990150313 ], [ -73.249042941212167, 5.766687599884165 ], [ -73.249272601795155, 5.766835943625892 ], [ -73.249502716019265, 5.766671822738658 ], [ -73.249700036967852, 5.766474762624341 ], [ -73.249880986997198, 5.766244787784103 ], [ -73.249750010862726, 5.765981467755353 ], [ -73.249520374957854, 5.765816677737121 ], [ -73.249553618861114, 5.765537152348884 ], [ -73.249579775359962, 5.765497980012356 ], [ -73.249565655186586, 5.765487319949159 ], [ -73.249565062243562, 5.765129037857662 ], [ -73.249305998767909, 5.764792976144804 ], [ -73.248755998705178, 5.764314101344041 ], [ -73.248588249276338, 5.764050507449952 ], [ -73.248298748626837, 5.763691820090287 ], [ -73.2478254053309, 5.763284226176324 ], [ -73.247490374142785, 5.763211413057036 ], [ -73.24713131213241, 5.763354413126763 ], [ -73.246917655357038, 5.763617445334376 ], [ -73.246482687249113, 5.763976225674014 ], [ -73.246177655221743, 5.764214256887612 ], [ -73.245910217970106, 5.764213881908631 ], [ -73.245483093441806, 5.763830100865562 ], [ -73.24491146794503, 5.763494726382703 ], [ -73.244362217766422, 5.763279162874539 ], [ -73.243857779889481, 5.763302163158528 ], [ -73.243843885604349, 5.76331865809351 ], [ -73.243809995884874, 5.763308620832731 ], [ -73.243552552401297, 5.763227628125264 ], [ -73.243547403206776, 5.763226007672699 ], [ -73.243350081119331, 5.763423065720417 ], [ -73.243251179656568, 5.763686050305296 ], [ -73.243103043077838, 5.763932517127159 ], [ -73.242954907277579, 5.764178983008662 ], [ -73.243069484023351, 5.764425833638199 ], [ -73.243299142223577, 5.764574180810769 ], [ -73.243561710884137, 5.764673238709577 ], [ -73.243824279630985, 5.764772295578211 ], [ -73.244103317271254, 5.764838486749511 ], [ -73.244398844735656, 5.764855364836706 ], [ -73.244562481874652, 5.764662243138332 ], [ -73.244598312282562, 5.764667445040004 ], [ -73.244980123864991, 5.764380912870308 ], [ -73.245384029955062, 5.764428976065346 ], [ -73.245628437404378, 5.764763882171167 ], [ -73.2456968120037, 5.765074787679623 ], [ -73.24607834309262, 5.765004162858077 ], [ -73.246391811573687, 5.76514816293718 ], [ -73.246436561665575, 5.765435288083211 ], [ -73.246292561797532, 5.765889445391963 ], [ -73.246338312156865, 5.766247787668533 ], [ -73.246799520845798, 5.766424638159549 ], [ -73.246826624372886, 5.766454131914031 ], [ -73.247089147241297, 5.766586080126217 ], [ -73.247351741023465, 5.766668690651386 ], [ -73.247614312189171, 5.766767746602738 ], [ -73.24784392529051, 5.766948982942097 ], [ -73.248005462786239, 5.767140756720664 ], [ -73.248031842594003, 5.767207569941888 ], [ -73.248443342594555, 5.767471507394418 ], [ -73.249015436719276, 5.767496069627043 ], [ -73.249057194924262, 5.767483020359577 ], [ -73.249156995837666, 5.767296252127039 ], [ -73.248894425091521, 5.767197196910388 ], [ -73.248615362270129, 5.76714745371504 ], [ -73.248402169423628, 5.766966242212561 ], [ -73.248533883826838, 5.766719749595836 ] ] ] ] } },
{ "type": "Feature", "properties": { "fid": 65644, "Shape_Area": 0.000160818048794, "area_ha": 196.66422013234325, "tipo": "hidrica", "clas": "laminar y surcos", "gra": "ligera" }, "geometry": { "type": "MultiPolygon", "coordinates": [ [ [ [ -73.187377608559359, 5.773187040568644 ], [ -73.18743721957452, 5.772708125566396 ], [ -73.187437062248989, 5.772229230251867 ], [ -73.187317368529591, 5.771750375209876 ], [ -73.187078119090529, 5.771211696627063 ], [ -73.186898599003086, 5.770553274448218 ], [ -73.186539893600752, 5.770254082526662 ], [ -73.186240936157049, 5.769895009786239 ], [ -73.18576271412087, 5.769655718379454 ], [ -73.185284589626008, 5.769715736194712 ], [ -73.184806407780513, 5.769596167823522 ], [ -73.184387973860282, 5.769416717750062 ], [ -73.183790294155244, 5.769416911094936 ], [ -73.183252440053479, 5.769596670373005 ], [ -73.182893928900171, 5.769896095420222 ], [ -73.182475648407603, 5.770195539421593 ], [ -73.18166171511939, 5.770155039698864 ], [ -73.181603029218365, 5.770037577125152 ], [ -73.181316029239554, 5.769678496971835 ], [ -73.180957307336712, 5.769319439468802 ], [ -73.180670307225569, 5.768960358956974 ], [ -73.180239910240402, 5.768744992943084 ], [ -73.179809536195023, 5.768601459843921 ], [ -73.179450838485081, 5.768314236390893 ], [ -73.17937895925246, 5.7678114189751 ], [ -73.179307080159845, 5.767308601537422 ], [ -73.179306922282137, 5.766805760589023 ], [ -73.179235043406834, 5.76630294311866 ], [ -73.179378350076036, 5.765871892052019 ], [ -73.179808631495348, 5.765728087998752 ], [ -73.180023931048879, 5.766159025896343 ], [ -73.180310928397262, 5.766518106826311 ], [ -73.180669625366647, 5.766805329777185 ], [ -73.181099907126281, 5.766661524741039 ], [ -73.181243212455115, 5.766230473251596 ], [ -73.181171331970916, 5.765727656066531 ], [ -73.180956032641518, 5.765296718618174 ], [ -73.180525638359541, 5.765081352709785 ], [ -73.180525479471044, 5.764578512660876 ], [ -73.180525320596303, 5.764075671698208 ], [ -73.180812067120769, 5.763644575712988 ], [ -73.181242346485078, 5.763500769723862 ], [ -73.181672625624174, 5.763356964321076 ], [ -73.18203111528203, 5.762997678131114 ], [ -73.182030989323039, 5.76260220787583 ], [ -73.182234169604897, 5.762653014637294 ], [ -73.182712346025198, 5.76277258539983 ], [ -73.183071045579027, 5.763071780025484 ], [ -73.183250480973641, 5.763490755108023 ], [ -73.182951760102412, 5.763850022851045 ], [ -73.182892145996846, 5.764328937623077 ], [ -73.18319109746227, 5.764688013258422 ], [ -73.183669275773639, 5.764807583148411 ], [ -73.184147415683526, 5.764807428747474 ], [ -73.184565730078987, 5.764627707496118 ], [ -73.184744896989002, 5.76420861577958 ], [ -73.184684974779884, 5.763729739630151 ], [ -73.184804354653522, 5.763250806229337 ], [ -73.185162860706612, 5.762951380074355 ], [ -73.185581173418825, 5.762771658119334 ], [ -73.186059272597447, 5.762651778289012 ], [ -73.186477584790453, 5.762472055690239 ], [ -73.186895895808618, 5.762292332791787 ], [ -73.187314187841991, 5.762052747657151 ], [ -73.18773249917831, 5.761873024160082 ], [ -73.18809100370072, 5.76157359622556 ], [ -73.18850929378533, 5.761334011146289 ], [ -73.188748223874029, 5.760914898476585 ], [ -73.188807832788825, 5.760435983204161 ], [ -73.188986995330595, 5.760016890235477 ], [ -73.189225924544075, 5.75959777828092 ], [ -73.189703980509933, 5.759358171623205 ], [ -73.19012224838832, 5.759058722578629 ], [ -73.190600343410892, 5.758938839055759 ], [ -73.191078498221827, 5.758998540928019 ], [ -73.191496926347838, 5.759177986331963 ], [ -73.191975160907646, 5.759477135146483 ], [ -73.192274116191186, 5.759836205068723 ], [ -73.192573071852735, 5.760195275721571 ], [ -73.192931774704959, 5.760494464051533 ], [ -73.193290477930191, 5.76079365214008 ], [ -73.193319674119493, 5.761026950437724 ], [ -73.193111379027926, 5.761392332107505 ], [ -73.192812664673511, 5.761751603904372 ], [ -73.19251394994626, 5.762110876457768 ], [ -73.192035852747551, 5.762230761647515 ], [ -73.191557756239263, 5.762350646441917 ], [ -73.191318827683574, 5.762769760220408 ], [ -73.19119945340168, 5.763248695717891 ], [ -73.191020291569544, 5.763667788409862 ], [ -73.190721574722716, 5.764027060070077 ], [ -73.190542412310265, 5.764446153525114 ], [ -73.190960864333249, 5.764685461080262 ], [ -73.191438983882165, 5.764625438644146 ], [ -73.191737700565739, 5.764266166619734 ], [ -73.191976628494103, 5.763847052677249 ], [ -73.192335091613472, 5.763427898292832 ], [ -73.192753321480154, 5.763008724380541 ], [ -73.193231419153676, 5.762888838575407 ], [ -73.193709556289775, 5.762888676200419 ], [ -73.194187734996035, 5.763008237245231 ], [ -73.194466689335002, 5.763127865923934 ], [ -73.194964750265569, 5.763127695687444 ], [ -73.195442887552133, 5.763127531851239 ], [ -73.195921005206117, 5.763067505709159 ], [ -73.19639910217461, 5.762947617266491 ], [ -73.196757602630726, 5.762648184018872 ], [ -73.197175848339782, 5.762288867974064 ], [ -73.197414772328727, 5.761869751883921 ], [ -73.197458827035746, 5.761766695510403 ], [ -73.197534285910251, 5.761809848556652 ], [ -73.197892992294953, 5.762109033624483 ], [ -73.198311424700648, 5.762288473856756 ], [ -73.198789602828413, 5.762408031026098 ], [ -73.199267740306027, 5.762407864000068 ], [ -73.199745877769431, 5.762407696572723 ], [ -73.20022401521868, 5.76240752874412 ], [ -73.200702109709709, 5.762287636738108 ], [ -73.201060607416252, 5.761988200868075 ], [ -73.201538723369481, 5.761928170062504 ], [ -73.202016860364893, 5.761928000743353 ], [ -73.202495017648971, 5.761987692905848 ], [ -73.202973112152449, 5.76186779902099 ], [ -73.203630401118971, 5.761448532204383 ], [ -73.203809552928988, 5.761029434950558 ], [ -73.203833443970041, 5.760973543787259 ], [ -73.203876517793674, 5.760978921252445 ], [ -73.204335569307545, 5.761093691372992 ], [ -73.204794641580463, 5.761265928372381 ], [ -73.20519635851366, 5.761495653813029 ], [ -73.205253899831632, 5.76195537207775 ], [ -73.205081935928945, 5.762415172982969 ], [ -73.204852574783558, 5.762817527220363 ], [ -73.204336349988296, 5.763277451599834 ], [ -73.203820104764475, 5.763679908279187 ], [ -73.203735670240746, 5.763776627378945 ], [ -73.203332332447644, 5.763603664717152 ], [ -73.202854172839295, 5.763543973311585 ], [ -73.202376034516931, 5.76354414338067 ], [ -73.201778425910504, 5.763723941047374 ], [ -73.201419927538552, 5.764023377375736 ], [ -73.2011810056988, 5.764442495043625 ], [ -73.201121406891218, 5.764921411206672 ], [ -73.201061807997121, 5.765400326454085 ], [ -73.200822885348714, 5.765819443980718 ], [ -73.200464386081819, 5.766118879748603 ], [ -73.199986266492999, 5.766178909769735 ], [ -73.199508125880755, 5.766179077508127 ], [ -73.199089690238452, 5.76599963829068 ], [ -73.198730980740606, 5.765700454122737 ], [ -73.198312546582088, 5.765521014310423 ], [ -73.197834385740407, 5.76546131873215 ], [ -73.197356245666185, 5.765461484642799 ], [ -73.19681838021944, 5.765581394603885 ], [ -73.196459878008227, 5.765880827920569 ], [ -73.196101375418948, 5.766180261021304 ], [ -73.195683063810407, 5.766359990654621 ], [ -73.195204964743652, 5.766479878583709 ], [ -73.19496603728868, 5.766898992894767 ], [ -73.195025968500772, 5.767377867614584 ], [ -73.195085899826722, 5.76785674231661 ], [ -73.194906739554654, 5.76827583702152 ], [ -73.194608022906721, 5.768635109756644 ], [ -73.194189729380241, 5.768874700252354 ], [ -73.193831223725624, 5.769174131995726 ], [ -73.19347271859624, 5.769473563522411 ], [ -73.193413112915493, 5.769952479033066 ], [ -73.193413295477967, 5.770491235211352 ], [ -73.193174365102948, 5.770910349717155 ], [ -73.192756089523243, 5.77120980111431 ], [ -73.19266234953966, 5.771209832868294 ], [ -73.192576713799667, 5.770867245529189 ], [ -73.192174879722529, 5.770292707625345 ], [ -73.191715919374758, 5.77046526522804 ], [ -73.191601318436312, 5.770925043049715 ], [ -73.191831021447513, 5.771499639422018 ], [ -73.192060685347428, 5.771959301117931 ], [ -73.192462482674728, 5.772418904480901 ], [ -73.192520015188791, 5.772878624172222 ], [ -73.192061091594439, 5.773166116656057 ], [ -73.191602032421486, 5.773051336029653 ], [ -73.191200293081522, 5.772764134805584 ], [ -73.190683895388588, 5.772764308174146 ], [ -73.190339744987511, 5.773109227186922 ], [ -73.190110369212789, 5.773511575836267 ], [ -73.189938389796737, 5.773971372516826 ], [ -73.189938408932733, 5.774028839798405 ], [ -73.189709050732006, 5.774488655575681 ], [ -73.189307502006557, 5.774776126762447 ], [ -73.188848537153149, 5.774948681266665 ], [ -73.188274759762294, 5.774948871568995 ], [ -73.187700982352169, 5.77494906129175 ], [ -73.18725278540569, 5.775048971406591 ], [ -73.187198873232546, 5.774923094155383 ], [ -73.187019430214605, 5.774504119789412 ], [ -73.187019273190515, 5.774025224493585 ], [ -73.187198441002693, 5.773606133010787 ], [ -73.187377608559359, 5.773187040568644 ] ] ] ] } },
{ "type": "Feature", "properties": { "fid": 80341, "Shape_Area": 0.00023636513026799999, "area_ha": 289.04942976994738, "tipo": "hidrica", "clas": "laminar y surcos", "gra": "moderada" }, "geometry": { "type": "MultiPolygon", "coordinates": [ [ [ [ -73.226719515925311, 5.780322602686851 ], [ -73.226260467791917, 5.780265318585123 ], [ -73.225801442510601, 5.780265501246333 ], [ -73.225342349031791, 5.780093281212885 ], [ -73.224940588464221, 5.779806104699901 ], [ -73.224653538941311, 5.779403947322294 ], [ -73.224653357709201, 5.778944209263102 ], [ -73.224481020236908, 5.778427072083105 ], [ -73.224251304372899, 5.777909957476311 ], [ -73.223734903105992, 5.777910161034754 ], [ -73.223161191495763, 5.778082788117842 ], [ -73.222759658011739, 5.77837028238929 ], [ -73.222300723802334, 5.77860033078241 ], [ -73.221784321841028, 5.778600532592179 ], [ -73.221382564050543, 5.778313352533075 ], [ -73.221439763313811, 5.777853591996916 ], [ -73.221726474504351, 5.777393741949822 ], [ -73.222128029356554, 5.777163716468863 ], [ -73.222759051677087, 5.776818665585893 ], [ -73.223275294454766, 5.776416191963278 ], [ -73.223389779622721, 5.7757265401018 ], [ -73.223045356671037, 5.775324404275466 ], [ -73.222528889526586, 5.775152205166421 ], [ -73.222069913000837, 5.775267318978592 ], [ -73.221611003274631, 5.775554833917738 ], [ -73.221152070789515, 5.775784882241794 ], [ -73.220750515563395, 5.776014907022727 ], [ -73.220291471330086, 5.77595761793259 ], [ -73.219832405019986, 5.775842861298543 ], [ -73.219488006540018, 5.775498190397286 ], [ -73.219200940955488, 5.775038562799466 ], [ -73.218856542443177, 5.774693891472964 ], [ -73.21839745539944, 5.774521666447583 ], [ -73.217766258111112, 5.774406974172564 ], [ -73.217307259176891, 5.774464616974171 ], [ -73.216733548801415, 5.774637237532545 ], [ -73.216274527755161, 5.774637412325035 ], [ -73.215815463204194, 5.774522652371274 ], [ -73.215471066984207, 5.774177978899331 ], [ -73.21524140437981, 5.773775794581979 ], [ -73.21524123091092, 5.773316056139834 ], [ -73.215298434799365, 5.772856295972815 ], [ -73.215527793110823, 5.772453938693616 ], [ -73.215814506630352, 5.771994091463455 ], [ -73.216215973206943, 5.771534200494386 ], [ -73.216617527296137, 5.771304178024536 ], [ -73.216961638355428, 5.770901775594382 ], [ -73.217248328085702, 5.770384460498235 ], [ -73.217477639370486, 5.769867167200402 ], [ -73.21776437198281, 5.769464786244498 ], [ -73.21816588005936, 5.769119828364069 ], [ -73.218567431649319, 5.768889805497395 ], [ -73.218968893845158, 5.768429912701379 ], [ -73.219255602627811, 5.767970063853113 ], [ -73.219484934167269, 5.767510236995975 ], [ -73.219714286553767, 5.767107877241415 ], [ -73.220173212817883, 5.766877830251929 ], [ -73.220632227503415, 5.766877652550193 ], [ -73.221205951097659, 5.766762495537193 ], [ -73.221607477461987, 5.766475002530001 ], [ -73.222009003417156, 5.766187510157181 ], [ -73.222410484211082, 5.765785082248954 ], [ -73.222754610284596, 5.765440143700118 ], [ -73.223328219608447, 5.765037647821146 ], [ -73.22378716518466, 5.76486506610371 ], [ -73.224246133027236, 5.764749951201225 ], [ -73.224705123272884, 5.764692302203969 ], [ -73.225106669007744, 5.764462274910272 ], [ -73.225565636222655, 5.764347158965734 ], [ -73.225909759484807, 5.764002218600751 ], [ -73.226311304227067, 5.763772189584984 ], [ -73.226712848639011, 5.763542161202338 ], [ -73.227114369881065, 5.763254664475824 ], [ -73.227630551761479, 5.762737252978013 ], [ -73.228032071966823, 5.762449755637078 ], [ -73.228032049039314, 5.76239228847254 ], [ -73.228433590859652, 5.762162258931482 ], [ -73.228835133252403, 5.761932228213311 ], [ -73.229236675314837, 5.761702198128035 ], [ -73.22963819396108, 5.761414699705767 ], [ -73.229867537662187, 5.761012336150486 ], [ -73.230211655393987, 5.760667394234247 ], [ -73.230613195995375, 5.760437362321227 ], [ -73.231072205176019, 5.760437176409368 ], [ -73.231473931374012, 5.760666882955547 ], [ -73.23181837502068, 5.761126481154179 ], [ -73.231875937598147, 5.761586195925304 ], [ -73.231818747899297, 5.762045957378746 ], [ -73.231589405216937, 5.762448320761393 ], [ -73.231245287320917, 5.762793264402831 ], [ -73.231073366731209, 5.763310539507927 ], [ -73.231188306274419, 5.763770231049989 ], [ -73.231647388003694, 5.763942446913404 ], [ -73.232221152727789, 5.763942213283087 ], [ -73.232680141269441, 5.763884558819996 ], [ -73.233081612696196, 5.763482123717154 ], [ -73.233540577269764, 5.763367000532924 ], [ -73.233942306496374, 5.763596705192299 ], [ -73.234286705898853, 5.763941367428458 ], [ -73.234573753807865, 5.764343520202146 ], [ -73.234803425675693, 5.76474569646723 ], [ -73.235033144257102, 5.765262806882163 ], [ -73.235148110163209, 5.76577996457803 ], [ -73.235090922826828, 5.766239726202684 ], [ -73.23474680403541, 5.766584671921294 ], [ -73.234804370587767, 5.767044386190776 ], [ -73.234854657448011, 5.76724550042735 ], [ -73.234402898021187, 5.767446821605347 ], [ -73.233943930404848, 5.767561945593911 ], [ -73.233599810128112, 5.767906890663596 ], [ -73.233370466542056, 5.768309254725466 ], [ -73.232968945172274, 5.768596755828924 ], [ -73.232395269371352, 5.768826859842648 ], [ -73.231936253493529, 5.768827047091634 ], [ -73.231477307501677, 5.768999635382841 ], [ -73.231018361219526, 5.769172223314172 ], [ -73.23061681479345, 5.769402255681371 ], [ -73.230272692264748, 5.76974719884231 ], [ -73.230043345592719, 5.770149561661128 ], [ -73.229928776769043, 5.770609346076469 ], [ -73.230101093305166, 5.771069014506566 ], [ -73.230388142135666, 5.771471169264942 ], [ -73.230847276429984, 5.771758319758192 ], [ -73.231306457769676, 5.772160404122928 ], [ -73.231593507101536, 5.772562558202196 ], [ -73.231937911672901, 5.772907221589776 ], [ -73.232224962737178, 5.773309374401663 ], [ -73.23268402909116, 5.773424121926894 ], [ -73.233143119102579, 5.773596335290279 ], [ -73.233602068177674, 5.773423745554226 ], [ -73.234003592508429, 5.77313624392815 ], [ -73.234347715556453, 5.772791298559525 ], [ -73.234806663590064, 5.772618707887432 ], [ -73.235265658726178, 5.772561051084722 ], [ -73.235667418050298, 5.772848220369156 ], [ -73.236069178677326, 5.773135390254936 ], [ -73.236470915881455, 5.773365092729534 ], [ -73.236929982995605, 5.773479835885666 ], [ -73.23756113530726, 5.773479572573478 ], [ -73.238020154741207, 5.77347938063383 ], [ -73.238479126111542, 5.773364254124658 ], [ -73.238938145421912, 5.773364061448035 ], [ -73.239397237066555, 5.773536269687497 ], [ -73.239626915312897, 5.773938443585223 ], [ -73.23962710845575, 5.774398181235142 ], [ -73.239397767700837, 5.774800548472626 ], [ -73.238996269190295, 5.775145520921797 ], [ -73.238881706814823, 5.775605306807961 ], [ -73.238881899413002, 5.776065044455947 ], [ -73.239111578396205, 5.776467217594075 ], [ -73.239169148866097, 5.776926931077924 ], [ -73.239226719443934, 5.777386644544492 ], [ -73.239262985318305, 5.777450146257877 ], [ -73.238997305002272, 5.777616610373627 ], [ -73.238538282270895, 5.777616803239596 ], [ -73.238079235522719, 5.777559528642087 ], [ -73.237620212806519, 5.777559720764543 ], [ -73.237161261801418, 5.77773231380587 ], [ -73.236702286641673, 5.777847439388552 ], [ -73.236243263647737, 5.77784763040836 ], [ -73.235784240638282, 5.777847821057321 ], [ -73.235325170164629, 5.777733077127721 ], [ -73.234866147217076, 5.777733267031635 ], [ -73.234407147885804, 5.777790923672001 ], [ -73.233948195619234, 5.777963515068848 ], [ -73.233546667957626, 5.778251015840794 ], [ -73.233087715037755, 5.778423606565639 ], [ -73.23262869146032, 5.778423794684159 ], [ -73.232169621050275, 5.778309047295636 ], [ -73.23171059753497, 5.778309234668995 ], [ -73.231251527373615, 5.778194487432188 ], [ -73.230792503920782, 5.778194674059989 ], [ -73.230333457230245, 5.778137393193504 ], [ -73.230164907518315, 5.778233947451781 ], [ -73.230161795463687, 5.778209091235851 ], [ -73.230104393536806, 5.778151647350512 ], [ -73.22953059129901, 5.778094411385382 ], [ -73.229071614062093, 5.778209531782295 ], [ -73.228670060578736, 5.778439562081303 ], [ -73.228325954612956, 5.77884197134847 ], [ -73.227981824270955, 5.779186913290289 ], [ -73.227465559610323, 5.77953192398553 ], [ -73.227408365115764, 5.779991684919196 ], [ -73.227462424087662, 5.780086347402403 ], [ -73.227293228546444, 5.780149971978062 ], [ -73.226719515925311, 5.780322602686851 ] ] ] ] } },
{ "type": "Feature", "properties": { "fid": 86774, "Shape_Area": 1.8548629568e-05, "area_ha": 22.684249778493751, "tipo": "hidrica", "clas": "laminar y surcos", "gra": "severa" }, "geometry": { "type": "MultiPolygon", "coordinates": [ [ [ [ -73.202813969010776, 5.739275221784299 ], [ -73.202635535109252, 5.73898672579655 ], [ -73.202449465232789, 5.738604741719806 ], [ -73.202442032645735, 5.738378823585026 ], [ -73.202520196427884, 5.738121879908793 ], [ -73.202676023106434, 5.737935166358047 ], [ -73.20290955137807, 5.737795305877217 ], [ -73.203088934608829, 5.737460617742625 ], [ -73.203322770333756, 5.737118222259343 ], [ -73.203595158821756, 5.736994003247978 ], [ -73.203595336940836, 5.736877155388883 ], [ -73.203549160214223, 5.736557704215727 ], [ -73.204568754879531, 5.736037341108424 ], [ -73.205074490750462, 5.735890106244537 ], [ -73.205186686086876, 5.735841513204287 ], [ -73.205201236878054, 5.735859718075972 ], [ -73.2055599260907, 5.73614692591957 ], [ -73.205990307046534, 5.736362274491455 ], [ -73.206348996959321, 5.73664948180982 ], [ -73.206707713092158, 5.737008523914312 ], [ -73.206851302842892, 5.737439477711405 ], [ -73.206923201381471, 5.737942291517982 ], [ -73.206636513033402, 5.738445234933465 ], [ -73.206421514923761, 5.73887631822214 ], [ -73.206063029879886, 5.739163784886671 ], [ -73.205561032206788, 5.739235799633548 ], [ -73.205202546494547, 5.739523265778644 ], [ -73.204844061323399, 5.739810730803754 ], [ -73.204629061368166, 5.740241813464706 ], [ -73.204342318722524, 5.740601087557138 ], [ -73.203920893430166, 5.740812330334734 ], [ -73.203597863387358, 5.740535197796817 ], [ -73.203253476011412, 5.740133048220628 ], [ -73.202909088217325, 5.739730898414564 ], [ -73.202684983266735, 5.739338400520496 ], [ -73.202813969010776, 5.739275221784299 ] ] ] ] } },
{ "type": "Feature", "properties": { "fid": 80342, "Shape_Area": 6.048003242e-05, "area_ha": 73.960381613595175, "tipo": "hidrica", "clas": "laminar y surcos", "gra": "moderada" }, "geometry": { "type": "MultiPolygon", "coordinates": [ [ [ [ -73.246687302851001, 5.779753770499326 ], [ -73.246228228997325, 5.779639035542857 ], [ -73.245711826981392, 5.779639259139799 ], [ -73.245032077858639, 5.779688183464486 ], [ -73.244981167287506, 5.779079475297578 ], [ -73.244980870864538, 5.778389869659918 ], [ -73.245037902781576, 5.777585304235686 ], [ -73.245095008701753, 5.776953140887883 ], [ -73.245094662845588, 5.776148600168142 ], [ -73.245094292339672, 5.775286592358327 ], [ -73.245093921890202, 5.774424584522365 ], [ -73.244921518311799, 5.773792520014069 ], [ -73.244806517057384, 5.773217896895176 ], [ -73.244576612942978, 5.772298520638287 ], [ -73.244404284514303, 5.771838857107412 ], [ -73.244117176733994, 5.771321775681201 ], [ -73.24400220145526, 5.770804620280899 ], [ -73.243944627934297, 5.770344907325011 ], [ -73.244059185307606, 5.769885120549077 ], [ -73.244460627819421, 5.769425210581915 ], [ -73.24503444684899, 5.769539897970049 ], [ -73.245952652181984, 5.769941772355196 ], [ -73.246469119850701, 5.770113950129996 ], [ -73.247042990546277, 5.770343570486148 ], [ -73.247444704013333, 5.77051579715868 ], [ -73.248305585469836, 5.77103262667049 ], [ -73.248994236929775, 5.771319661939287 ], [ -73.249453404961116, 5.771664264088429 ], [ -73.249740466438652, 5.772066408494027 ], [ -73.249970177245643, 5.772526045002792 ], [ -73.250199862328486, 5.772928214345939 ], [ -73.250429624330536, 5.773502784719994 ], [ -73.2508888960989, 5.774077253749851 ], [ -73.25134811815019, 5.774536788273508 ], [ -73.25174991279755, 5.774881413719243 ], [ -73.252381268511215, 5.775340871084154 ], [ -73.252725788744328, 5.775915389381794 ], [ -73.252898125143531, 5.77637504998313 ], [ -73.252955758557846, 5.776949696562895 ], [ -73.252955962550857, 5.777409433701564 ], [ -73.252669379086342, 5.778099166585662 ], [ -73.252038451987517, 5.778616651072241 ], [ -73.251477282171379, 5.779010452142586 ], [ -73.251277062422673, 5.778659883161254 ], [ -73.250818013984485, 5.778602618946934 ], [ -73.250072228049987, 5.778890282931286 ], [ -73.249326566136972, 5.779465282981676 ], [ -73.248982574222964, 5.780097572333602 ], [ -73.248408969343302, 5.780500093753517 ], [ -73.247892616639149, 5.780615253455721 ], [ -73.247433541882799, 5.78050051951675 ], [ -73.247146476577598, 5.780098374178067 ], [ -73.246687302851001, 5.779753770499326 ] ] ] ] } },
{ "type": "Feature", "properties": { "fid": 80331, "Shape_Area": 1.6664362175000001e-05, "area_ha": 20.378683993635608, "tipo": "hidrica", "clas": "laminar y surcos", "gra": "moderada" }, "geometry": { "type": "MultiPolygon", "coordinates": [ [ [ [ -73.241864636479477, 5.773937496176131 ], [ -73.24174968695047, 5.773477807389895 ], [ -73.241347777512942, 5.772845838214778 ], [ -73.24077378595581, 5.772328876684128 ], [ -73.24037204789164, 5.77209917818692 ], [ -73.239970310142553, 5.771869478485712 ], [ -73.239740631649624, 5.771467304673592 ], [ -73.239740438513991, 5.771007566979847 ], [ -73.239969778511011, 5.770605199623844 ], [ -73.240428747135013, 5.77049007164203 ], [ -73.240887764067566, 5.770489877488046 ], [ -73.241461632235655, 5.770719503550026 ], [ -73.241978148166993, 5.771006619603611 ], [ -73.242379910451064, 5.771293784972613 ], [ -73.242494860872625, 5.771753473663466 ], [ -73.242667187758627, 5.772213137840197 ], [ -73.242610079390545, 5.772845301142695 ], [ -73.242552897622147, 5.773305063184296 ], [ -73.242954661845374, 5.773592228043867 ], [ -73.243413730231623, 5.773706965903045 ], [ -73.243707788517895, 5.773706839953661 ], [ -73.243815494250725, 5.773994130121139 ], [ -73.244045176639247, 5.774396302089087 ], [ -73.243987995930524, 5.774856064207597 ], [ -73.243930815145063, 5.775315826316842 ], [ -73.243873634282807, 5.775775588416707 ], [ -73.243701697303493, 5.776235399720406 ], [ -73.243529760963838, 5.776695210975959 ], [ -73.243243043611415, 5.777097604240112 ], [ -73.242898948160871, 5.777500021898732 ], [ -73.242497402046979, 5.777730061726459 ], [ -73.242038379342716, 5.777730257423457 ], [ -73.241579332268145, 5.777672985672041 ], [ -73.24112023665532, 5.777500779385605 ], [ -73.240791518505546, 5.777265824964047 ], [ -73.240833225824758, 5.777213564726821 ], [ -73.240890409247186, 5.776753802847054 ], [ -73.240545997069205, 5.776409145245225 ], [ -73.240373670457018, 5.775949480474992 ], [ -73.240258721644238, 5.775489791386406 ], [ -73.240545415261806, 5.775029932463553 ], [ -73.241004362988292, 5.774857336805781 ], [ -73.24146333475386, 5.77474220787235 ], [ -73.241807454034415, 5.774397258154693 ], [ -73.241864636479477, 5.773937496176131 ] ] ] ] } },
{ "type": "Feature", "properties": { "fid": 80370, "Shape_Area": 0.00019657001724800001, "area_ha": 240.37637368088488, "tipo": "hidrica", "clas": "laminar y surcos", "gra": "moderada" }, "geometry": { "type": "MultiPolygon", "coordinates": [ [ [ [ -73.219784198497223, 5.798441677888889 ], [ -73.219382427272194, 5.798154498013616 ], [ -73.218866007461315, 5.798154697842563 ], [ -73.218407078001178, 5.798442210722897 ], [ -73.217948214227249, 5.798902125543123 ], [ -73.217489151640734, 5.798844834919805 ], [ -73.217603735409966, 5.798385052863296 ], [ -73.217890480632036, 5.797982671710201 ], [ -73.218119846532602, 5.797580313428227 ], [ -73.218406591898088, 5.797177932030877 ], [ -73.218234275046541, 5.796718260413115 ], [ -73.217775258268034, 5.796775904223182 ], [ -73.217373709085564, 5.797063394193856 ], [ -73.216914626091125, 5.796948635904982 ], [ -73.217086590626423, 5.796488831942952 ], [ -73.217488073577783, 5.796028939861174 ], [ -73.217947023668501, 5.795798894893608 ], [ -73.218578200655713, 5.795798651717064 ], [ -73.219037305149868, 5.795970875817147 ], [ -73.219439074624177, 5.796258056929446 ], [ -73.219898246453624, 5.79660268168891 ], [ -73.220300061366345, 5.797004796401325 ], [ -73.220816502418302, 5.797062062427869 ], [ -73.22144756868812, 5.796774480395584 ], [ -73.221906405424477, 5.796257095757653 ], [ -73.222365173865853, 5.795567308505667 ], [ -73.222996216008198, 5.795222256803072 ], [ -73.223340425655749, 5.795049719842325 ], [ -73.223799373324937, 5.794819669340654 ], [ -73.224143514481398, 5.794474730562683 ], [ -73.224200599295614, 5.793727633545529 ], [ -73.224142993296709, 5.793152984163044 ], [ -73.223741178596356, 5.792750872121076 ], [ -73.223224696160059, 5.792578673462572 ], [ -73.222822950067837, 5.792348963000904 ], [ -73.222249044060334, 5.79206185172302 ], [ -73.221961989872909, 5.791659693322231 ], [ -73.221961810429832, 5.791199955376214 ], [ -73.222363375607756, 5.790969929470123 ], [ -73.222822477176976, 5.791142150637938 ], [ -73.223166888324215, 5.791486818887449 ], [ -73.223625945336778, 5.791544105129674 ], [ -73.22397008559949, 5.791199165584146 ], [ -73.223797767213171, 5.790739495663331 ], [ -73.22345326586219, 5.790164959278854 ], [ -73.223223545768803, 5.789647844616468 ], [ -73.222993804485668, 5.789073262704449 ], [ -73.222764107782154, 5.788613614935741 ], [ -73.222305030751954, 5.788498859855963 ], [ -73.221903489669444, 5.788786353715807 ], [ -73.221674197899972, 5.789361115728695 ], [ -73.221444860038105, 5.789820943384825 ], [ -73.22098593853093, 5.790108459038436 ], [ -73.220469503811671, 5.790051192912529 ], [ -73.220067738349428, 5.789764012321598 ], [ -73.219780643384127, 5.78924691839461 ], [ -73.219780465779081, 5.788787180341672 ], [ -73.219837578259444, 5.788097551466763 ], [ -73.219837400643883, 5.787637813397282 ], [ -73.219894490788135, 5.786890716443736 ], [ -73.219836845687382, 5.786201131089626 ], [ -73.219721821254382, 5.785511568831282 ], [ -73.219434751038534, 5.785051941711629 ], [ -73.219090346109112, 5.784707270882848 ], [ -73.218745941596751, 5.784362599825329 ], [ -73.218516273260946, 5.783960417215781 ], [ -73.218516096840006, 5.783500679038468 ], [ -73.218573298789408, 5.783040918766687 ], [ -73.218802657664867, 5.782638560242901 ], [ -73.218974616760192, 5.782178754792312 ], [ -73.218802260308848, 5.781604148626286 ], [ -73.218400524701678, 5.781374434580641 ], [ -73.21794149828105, 5.781374610923649 ], [ -73.21753995976627, 5.781662100755966 ], [ -73.21702370812875, 5.78206456942786 ], [ -73.216622212366246, 5.782466993882849 ], [ -73.216220759672296, 5.782984352408107 ], [ -73.215704397059199, 5.783099484087813 ], [ -73.215532087050349, 5.782639811179877 ], [ -73.215531913078394, 5.782180071984897 ], [ -73.215761274728152, 5.781777714609234 ], [ -73.215990635157141, 5.781375356242847 ], [ -73.216392086986673, 5.780857997885448 ], [ -73.216736116283187, 5.780225725908281 ], [ -73.216563807312809, 5.779766053265234 ], [ -73.216104846612097, 5.779938630508923 ], [ -73.215818108711289, 5.780341009816368 ], [ -73.215474034840668, 5.780858346922855 ], [ -73.215187295140311, 5.781260725932782 ], [ -73.214900599304542, 5.781778040971062 ], [ -73.214671237033826, 5.782180398021694 ], [ -73.214614053635273, 5.782697626110121 ], [ -73.214728983646864, 5.783157321027488 ], [ -73.214958649923346, 5.783559505292544 ], [ -73.215303051724788, 5.783904177856982 ], [ -73.215532609049774, 5.784019026005581 ], [ -73.215762319806856, 5.784536144235062 ], [ -73.215532978875899, 5.784995969686406 ], [ -73.215188858637532, 5.785398371408633 ], [ -73.21484473881867, 5.785800772028836 ], [ -73.214500595956224, 5.786145706188677 ], [ -73.214443390484234, 5.786605466134517 ], [ -73.214500942487803, 5.787065182695699 ], [ -73.214673273922983, 5.787582322992876 ], [ -73.215017699798011, 5.787984463666703 ], [ -73.215476731636954, 5.787984289488691 ], [ -73.216050521190141, 5.78798407124367 ], [ -73.21650950926545, 5.787868961913432 ], [ -73.217140634556017, 5.787753786355495 ], [ -73.21759968811989, 5.787811077620916 ], [ -73.217944094129564, 5.788155749280122 ], [ -73.21805902807148, 5.788615443293281 ], [ -73.218059204280166, 5.789075181402211 ], [ -73.21800202351335, 5.789592408712394 ], [ -73.217715281478888, 5.789994789879358 ], [ -73.217256379786136, 5.790339769739717 ], [ -73.216797477530406, 5.790684748340766 ], [ -73.216108991615897, 5.790857413561014 ], [ -73.215420440855155, 5.790857675585528 ], [ -73.214731910856699, 5.790915403933354 ], [ -73.214272963237306, 5.791145446238204 ], [ -73.214043597886985, 5.791547803963624 ], [ -73.213814274533775, 5.792065095923135 ], [ -73.213871849266923, 5.792582279616852 ], [ -73.21427359124624, 5.792811997456624 ], [ -73.214732627003912, 5.792811823736201 ], [ -73.215478495078798, 5.792639139190612 ], [ -73.215994888161902, 5.792581474581539 ], [ -73.216511259239837, 5.792466343261935 ], [ -73.21702756519079, 5.792178810036262 ], [ -73.217371665138444, 5.791718940043154 ], [ -73.217601029052275, 5.791316581058652 ], [ -73.218002574162313, 5.79102909012056 ], [ -73.218461652517703, 5.791143847723447 ], [ -73.218748703119047, 5.791546008008595 ], [ -73.218978397913816, 5.792005657435027 ], [ -73.219093333578769, 5.792465351115482 ], [ -73.2190935107418, 5.792925089129938 ], [ -73.218921549726929, 5.793384893656651 ], [ -73.218692252316544, 5.793959655461208 ], [ -73.218462999541885, 5.794649350548013 ], [ -73.218061430139016, 5.794879374724758 ], [ -73.217659860403501, 5.795109397722399 ], [ -73.21720082287942, 5.795109573882826 ], [ -73.216569690398956, 5.795224749782733 ], [ -73.216053468888504, 5.795742152155412 ], [ -73.215709321897691, 5.796087087124192 ], [ -73.214906091450985, 5.796317261942249 ], [ -73.214447117936515, 5.7964898373545 ], [ -73.214045610480866, 5.796892260227878 ], [ -73.213644167292955, 5.797467084282005 ], [ -73.213242615436116, 5.797754572317501 ], [ -73.212841041634249, 5.797984592023738 ], [ -73.212439488993937, 5.798272079512799 ], [ -73.211808309003118, 5.798272315950328 ], [ -73.211177086254793, 5.798157617369213 ], [ -73.21066062263219, 5.798042875396504 ], [ -73.210373574151731, 5.797640711015788 ], [ -73.210545543339322, 5.797180908848588 ], [ -73.211004582737303, 5.797180738019392 ], [ -73.211463600730781, 5.79712309965953 ], [ -73.211865153099211, 5.79683561286231 ], [ -73.211922361391089, 5.796375853227289 ], [ -73.211864810244037, 5.795916136513029 ], [ -73.211749879569538, 5.79545644123084 ], [ -73.211749772505129, 5.795169104519402 ], [ -73.211634799298622, 5.794594474866756 ], [ -73.211405109207703, 5.794134822324395 ], [ -73.211117997356666, 5.793560256712283 ], [ -73.210888330345597, 5.793158071081848 ], [ -73.210543925312834, 5.792813395151597 ], [ -73.210084868193746, 5.792756098306995 ], [ -73.209568516522268, 5.792928691002828 ], [ -73.209281787923999, 5.793388535313056 ], [ -73.208995059773542, 5.793848379487486 ], [ -73.208650971830309, 5.794365711831915 ], [ -73.208306841144349, 5.794768109630581 ], [ -73.20790528830787, 5.795055593938912 ], [ -73.207446208582496, 5.794940827838843 ], [ -73.207216543522975, 5.79453864066619 ], [ -73.207158996404985, 5.794078923299821 ], [ -73.207158807916585, 5.793561717763794 ], [ -73.206871700590114, 5.792987148918314 ], [ -73.206355118188924, 5.792527598775166 ], [ -73.205895832698104, 5.791838158527696 ], [ -73.205895791082071, 5.791723224147631 ], [ -73.205838203792553, 5.791148571265694 ], [ -73.205780637432326, 5.790631386460007 ], [ -73.205895208543325, 5.790114139159698 ], [ -73.206239359124424, 5.789769209991789 ], [ -73.206698371782181, 5.789711575674573 ], [ -73.207214763399122, 5.789653920026296 ], [ -73.207788512961031, 5.789538775703249 ], [ -73.208362178077437, 5.789193761158515 ], [ -73.208706326572269, 5.788848830555878 ], [ -73.209107747991766, 5.788216542679379 ], [ -73.209222336775099, 5.78775676197489 ], [ -73.209279525432635, 5.78723953522865 ], [ -73.209394114811175, 5.786779754485394 ], [ -73.209738260347137, 5.786434823303068 ], [ -73.210139827496903, 5.786204805048499 ], [ -73.210598751735688, 5.785917298948505 ], [ -73.210942833031766, 5.785399965517684 ], [ -73.211114734480475, 5.784767760672025 ], [ -73.211401478808057, 5.784365382692044 ], [ -73.211803022437607, 5.784077897042721 ], [ -73.212089744532818, 5.78361805155231 ], [ -73.212204330094778, 5.783158270292688 ], [ -73.212146780447938, 5.782698553352759 ], [ -73.212203923277173, 5.78206639105764 ], [ -73.212375886714767, 5.781606588309614 ], [ -73.212834763197179, 5.781204145255799 ], [ -73.213465774381916, 5.780801637179309 ], [ -73.213924692588648, 5.780514128557058 ], [ -73.214441010040105, 5.78028406419628 ], [ -73.214957305381631, 5.779996533104679 ], [ -73.215186665720069, 5.779594175043144 ], [ -73.215358626948273, 5.779134371468217 ], [ -73.215358453222677, 5.778674633116452 ], [ -73.215128767076919, 5.778214981698227 ], [ -73.215090923897492, 5.778210258375168 ], [ -73.21514424652878, 5.778172080878051 ], [ -73.215545762190914, 5.777827124663361 ], [ -73.216062098321231, 5.777654527008281 ], [ -73.216521121802771, 5.777654352296281 ], [ -73.21703765437519, 5.777998959267165 ], [ -73.217382185410315, 5.778688434665355 ], [ -73.217669294508312, 5.779262998357069 ], [ -73.217898961143419, 5.779665180564109 ], [ -73.218300696234394, 5.779894895936309 ], [ -73.218759765577204, 5.780009653679201 ], [ -73.219218790873015, 5.780009476716373 ], [ -73.21962032736252, 5.779721985756623 ], [ -73.220079285816155, 5.779549405718399 ], [ -73.220538332940976, 5.779606694862991 ], [ -73.220940068983111, 5.779836408330084 ], [ -73.221341827665356, 5.780123587749188 ], [ -73.221686297205338, 5.780640659686298 ], [ -73.221858656204233, 5.781215264896787 ], [ -73.221973681239149, 5.781904826760751 ], [ -73.221916526908728, 5.782479522486426 ], [ -73.221744615794933, 5.783054262126655 ], [ -73.221515325047051, 5.783629024109246 ], [ -73.221400791683664, 5.784203742161594 ], [ -73.221400992802955, 5.784720947384017 ], [ -73.221401238640169, 5.785353086886573 ], [ -73.221458930222582, 5.786157606318795 ], [ -73.221688623921239, 5.786617254734495 ], [ -73.222090410301234, 5.786961901401753 ], [ -73.222090432727271, 5.7870193685402 ], [ -73.222606932226199, 5.787249034704132 ], [ -73.223066053342166, 5.787478723848665 ], [ -73.223640001092633, 5.787880768769412 ], [ -73.224271372904184, 5.788397724643914 ], [ -73.224960148404648, 5.7889721241296 ], [ -73.225821085050086, 5.789603921314324 ], [ -73.226509908416972, 5.790293253910136 ], [ -73.227026527263604, 5.790810252301583 ], [ -73.22777266457598, 5.791327158012507 ], [ -73.228231767906436, 5.791499375628007 ], [ -73.228862985931471, 5.791614055386106 ], [ -73.229322066616703, 5.791728804089303 ], [ -73.229838503444739, 5.791786062054427 ], [ -73.230354917982027, 5.791785852448584 ], [ -73.230756479034255, 5.791555820718884 ], [ -73.231158017298128, 5.791268320716767 ], [ -73.231731552877704, 5.790635947560475 ], [ -73.232075686599728, 5.790291003299728 ], [ -73.232706787225993, 5.79011834335796 ], [ -73.232936303277484, 5.790118249123964 ], [ -73.233567450608689, 5.790060521509474 ], [ -73.234542990235809, 5.790289988129587 ], [ -73.235002094547895, 5.790462199315527 ], [ -73.235094146376809, 5.790485207722782 ], [ -73.234699863384321, 5.790850022824259 ], [ -73.234183663737326, 5.791367440993213 ], [ -73.233380637065579, 5.792057378154482 ], [ -73.232692296431651, 5.79257486588557 ], [ -73.231946529225525, 5.792977442132212 ], [ -73.231200736660071, 5.793322550345124 ], [ -73.23039763365415, 5.793840082214217 ], [ -73.229996139726381, 5.794242515924395 ], [ -73.229652001492468, 5.794587459020704 ], [ -73.229396786735208, 5.794758011639487 ], [ -73.229135724300818, 5.794932471560855 ], [ -73.228619307764404, 5.794932680168586 ], [ -73.228160247656263, 5.794875398104125 ], [ -73.228124380386419, 5.794854890001034 ], [ -73.227758498045887, 5.794645690395669 ], [ -73.227356656804716, 5.794186113975684 ], [ -73.226840240882325, 5.794186320935466 ], [ -73.226381273055381, 5.794358905825334 ], [ -73.226037132473778, 5.794703846813832 ], [ -73.225693038021973, 5.795163721821382 ], [ -73.225176757776069, 5.795508730861741 ], [ -73.224545716739726, 5.79585378495068 ], [ -73.223914630528895, 5.796083903231249 ], [ -73.223340899967866, 5.796256531996562 ], [ -73.22288197440713, 5.796544048377541 ], [ -73.222480474017402, 5.796946477005406 ], [ -73.222021637288776, 5.797463862097004 ], [ -73.221677581858501, 5.798038669951609 ], [ -73.221333525745763, 5.79861347670726 ], [ -73.220759859691782, 5.798958504329335 ], [ -73.220186014682326, 5.798843792610285 ], [ -73.219784198497223, 5.798441677888889 ] ] ] ] } },
{ "type": "Feature", "properties": { "fid": 80357, "Shape_Area": 4.6982376952000001e-05, "area_ha": 57.453241624694414, "tipo": "hidrica", "clas": "laminar y surcos", "gra": "moderada" }, "geometry": { "type": "MultiPolygon", "coordinates": [ [ [ [ -73.199179463762619, 5.783335390966556 ], [ -73.19894976925201, 5.782818265447588 ], [ -73.198949588587084, 5.782301059442261 ], [ -73.199006806316845, 5.781841300556721 ], [ -73.199293537007065, 5.781381461165438 ], [ -73.199637686633366, 5.781036535940189 ], [ -73.199981815671777, 5.780634143282668 ], [ -73.200325964431158, 5.780289217661448 ], [ -73.200899665736017, 5.78005914608508 ], [ -73.201645521182854, 5.779886479190452 ], [ -73.202104547789872, 5.77988631606047 ], [ -73.20279308586862, 5.779886070670841 ], [ -73.203481686387079, 5.780058227018856 ], [ -73.203998131435242, 5.780172976238021 ], [ -73.204686690423102, 5.780230195758747 ], [ -73.205317851587779, 5.780229967967273 ], [ -73.206063768062847, 5.780229697855475 ], [ -73.206580109528772, 5.780057108647839 ], [ -73.207096430684203, 5.779827050866118 ], [ -73.207612708632155, 5.779482059116674 ], [ -73.208129048908916, 5.7793094676328 ], [ -73.208645430937793, 5.779251811005622 ], [ -73.209161812845423, 5.779194153912613 ], [ -73.209678173488442, 5.779079029152399 ], [ -73.210194512711212, 5.778906435824695 ], [ -73.210653473654531, 5.778733864219532 ], [ -73.211054971254725, 5.778331443872673 ], [ -73.21122693551871, 5.777871641418812 ], [ -73.211226743870156, 5.777354435722941 ], [ -73.211111817096821, 5.776894739856118 ], [ -73.21111165542402, 5.776458121255644 ], [ -73.211241924589956, 5.776506992382735 ], [ -73.211987858181033, 5.776564182772745 ], [ -73.212561593511396, 5.776449033181564 ], [ -73.213078015317933, 5.776506307020213 ], [ -73.21342243311625, 5.776908449107623 ], [ -73.213537425415211, 5.777540546915532 ], [ -73.213594997039763, 5.778057730965088 ], [ -73.213717913400046, 5.778272981301711 ], [ -73.213464827186897, 5.778273076437699 ], [ -73.212948425217633, 5.778273270205716 ], [ -73.212374708666175, 5.778445886533177 ], [ -73.211743700117495, 5.778848393363205 ], [ -73.21122744666684, 5.779250856863939 ], [ -73.210825948568697, 5.779653277339207 ], [ -73.210367029384599, 5.779940784403379 ], [ -73.209908046216867, 5.780055888609184 ], [ -73.209334306648373, 5.780171034753721 ], [ -73.208588473654174, 5.780401178876502 ], [ -73.208129552686557, 5.78068868328296 ], [ -73.207785450505128, 5.781148547879127 ], [ -73.207441305920042, 5.781493477869446 ], [ -73.207039824415745, 5.781953362996092 ], [ -73.206580859714563, 5.782125931794781 ], [ -73.206121873927827, 5.78224103392796 ], [ -73.205892526831235, 5.782700855771282 ], [ -73.206122206697046, 5.783160511057929 ], [ -73.206351887847234, 5.783620166230889 ], [ -73.206294696764871, 5.784137392830189 ], [ -73.205950549503314, 5.784482321977293 ], [ -73.205548981744357, 5.784712336393738 ], [ -73.20509001435471, 5.784884904065677 ], [ -73.204631108645003, 5.785229873904143 ], [ -73.204631294564024, 5.78574707967465 ], [ -73.204631480500325, 5.786264286340611 ], [ -73.204459509452818, 5.786724086943138 ], [ -73.204000498903497, 5.786781719377245 ], [ -73.203656101893671, 5.78643703889918 ], [ -73.203254285539572, 5.785977444326249 ], [ -73.202967227164663, 5.785517808407405 ], [ -73.202794845519065, 5.784828261561699 ], [ -73.202565126681861, 5.784253670450425 ], [ -73.202392826752885, 5.78379399320238 ], [ -73.201876276805081, 5.783391905631277 ], [ -73.201302430418764, 5.783219707706962 ], [ -73.200786064090323, 5.783334825028305 ], [ -73.200384515132953, 5.783622303976529 ], [ -73.200269939171449, 5.784139550412249 ], [ -73.200270121093638, 5.784656756342429 ], [ -73.200385081440118, 5.785231388979355 ], [ -73.200729495144003, 5.785633538773141 ], [ -73.201131248350862, 5.785920733562875 ], [ -73.201647739074929, 5.786150419160549 ], [ -73.202221630277336, 5.786437551944232 ], [ -73.202680702173438, 5.786552322588932 ], [ -73.202967739474332, 5.786954491415884 ], [ -73.20273836754734, 5.787356844855196 ], [ -73.202279356266899, 5.787414475919547 ], [ -73.201705526044293, 5.787299745786925 ], [ -73.201189033335652, 5.787070059383723 ], [ -73.200442965995478, 5.78666805196417 ], [ -73.199983773243673, 5.786208475259855 ], [ -73.199754116193844, 5.785806284632201 ], [ -73.199696535893509, 5.785231631673923 ], [ -73.199638975880134, 5.784714445921054 ], [ -73.199466679034003, 5.784254767714572 ], [ -73.199409139482214, 5.783795049139371 ], [ -73.199179463762619, 5.783335390966556 ] ] ] ] } },
{ "type": "Feature", "properties": { "fid": 80330, "Shape_Area": 1.806629139e-05, "area_ha": 22.093027205990754, "tipo": "hidrica", "clas": "laminar y surcos", "gra": "moderada" }, "geometry": { "type": "MultiPolygon", "coordinates": [ [ [ [ -73.207092528704777, 5.769080659798988 ], [ -73.207606602941723, 5.768794368009765 ], [ -73.207739135413362, 5.768980061904358 ], [ -73.208083522978598, 5.769324740407171 ], [ -73.208313178737455, 5.769726927927934 ], [ -73.208542917909938, 5.770358984234292 ], [ -73.208543127891915, 5.770933657369142 ], [ -73.208543316893895, 5.7714508632709 ], [ -73.208600862183403, 5.771910580904603 ], [ -73.208773205176271, 5.772485191753276 ], [ -73.209117596438091, 5.772829868583472 ], [ -73.209519322398648, 5.773059590526486 ], [ -73.209978405833567, 5.773231822871651 ], [ -73.210380133311162, 5.773461544180122 ], [ -73.210667191111554, 5.773921176550857 ], [ -73.210724738425938, 5.77438089385862 ], [ -73.210724929519984, 5.774898099625204 ], [ -73.210724955269256, 5.774967787888897 ], [ -73.210479960737871, 5.774998552561328 ], [ -73.21013582142109, 5.775343483160043 ], [ -73.209791682591742, 5.775688414465606 ], [ -73.209390143654616, 5.77597589950426 ], [ -73.208988583243752, 5.776205916156016 ], [ -73.208529665791787, 5.77649342170389 ], [ -73.208185524383453, 5.776838352084155 ], [ -73.207956201060597, 5.777355641922156 ], [ -73.207554660910489, 5.777643124817757 ], [ -73.206980713631822, 5.777183595470774 ], [ -73.206980692767274, 5.777126128255247 ], [ -73.206865791194389, 5.776723898617377 ], [ -73.206808225828581, 5.776206713635077 ], [ -73.206922814416259, 5.775746933220773 ], [ -73.207496466496309, 5.775401920768616 ], [ -73.207955446507299, 5.775286817704455 ], [ -73.208070034907053, 5.774827037083753 ], [ -73.208069846222941, 5.77430983122764 ], [ -73.20784014679333, 5.77379270929498 ], [ -73.207438336447183, 5.773333117280799 ], [ -73.207093946751854, 5.772988438508833 ], [ -73.206692200034922, 5.772701248495025 ], [ -73.206118341576541, 5.772471586908239 ], [ -73.205659218387666, 5.772184416013147 ], [ -73.205831185385364, 5.77172461500237 ], [ -73.206290162848518, 5.771609514266515 ], [ -73.20674907765283, 5.771322010577364 ], [ -73.206978398954391, 5.770804721164836 ], [ -73.20686347798744, 5.770345024161884 ], [ -73.206576445882149, 5.769942856870045 ], [ -73.206690972062518, 5.769310674742599 ], [ -73.207092528704777, 5.769080659798988 ] ] ] ] } },
{ "type": "Feature", "properties": { "fid": 80365, "Shape_Area": 2.6281601097e-05, "area_ha": 32.138418700890099, "tipo": "hidrica", "clas": "laminar y surcos", "gra": "moderada" }, "geometry": { "type": "MultiPolygon", "coordinates": [ [ [ [ -73.203302742987262, 5.794676389622623 ], [ -73.202824558098769, 5.794616699173048 ], [ -73.202346457641852, 5.794796455573248 ], [ -73.202107524381745, 5.795215573604537 ], [ -73.202093191391725, 5.795249101554532 ], [ -73.201988004430007, 5.795275478049291 ], [ -73.201509818231102, 5.795215786504286 ], [ -73.201151089494999, 5.794916604852006 ], [ -73.200911859020437, 5.794497656942951 ], [ -73.200911689744544, 5.794018763284555 ], [ -73.200971290924485, 5.793539847520435 ], [ -73.201150453980233, 5.793120751154959 ], [ -73.201329615877171, 5.792701654736106 ], [ -73.201448986905973, 5.79222271859021 ], [ -73.201329276740921, 5.791743866470142 ], [ -73.201329107194056, 5.791264971872408 ], [ -73.201508269323654, 5.790845875394325 ], [ -73.201687431198138, 5.790426779767529 ], [ -73.201986154208441, 5.790067502441048 ], [ -73.202284876843692, 5.789708224965693 ], [ -73.202763058449136, 5.789767916027245 ], [ -73.203181511958462, 5.78994735174274 ], [ -73.203659693833458, 5.790007042037246 ], [ -73.204137832827996, 5.789947008290198 ], [ -73.20431699247564, 5.789527910992206 ], [ -73.204376590436709, 5.789048995816245 ], [ -73.204495958217763, 5.788570058178948 ], [ -73.20455555595521, 5.788091142072005 ], [ -73.204734692313195, 5.787612182826365 ], [ -73.204913850840228, 5.787193086252216 ], [ -73.20521257012723, 5.786833807316725 ], [ -73.205630871659309, 5.786594208562406 ], [ -73.206049194502782, 5.786414471328214 ], [ -73.206347912660647, 5.786055191825028 ], [ -73.206706420874411, 5.785755752222997 ], [ -73.207005138274496, 5.785396473297851 ], [ -73.207184294464469, 5.784977375153176 ], [ -73.207482989348023, 5.7845582332709 ], [ -73.207841475076862, 5.784198931175297 ], [ -73.208259794527407, 5.784019192384847 ], [ -73.208439256167992, 5.784438159264539 ], [ -73.208260101071573, 5.784857257774036 ], [ -73.208320045812457, 5.785336130334827 ], [ -73.208499529872597, 5.785814958064464 ], [ -73.208081231087931, 5.78605455887606 ], [ -73.20766290920011, 5.786234297578517 ], [ -73.207244587039042, 5.786414035980499 ], [ -73.207065430479759, 5.786833134137567 ], [ -73.206766712397382, 5.787192414007052 ], [ -73.206467993939953, 5.787551692823001 ], [ -73.206049671320216, 5.787731430383644 ], [ -73.205571556064115, 5.787851327490614 ], [ -73.205153253600088, 5.788090926224186 ], [ -73.205153426272204, 5.788569820761211 ], [ -73.205213368912894, 5.789048693667155 ], [ -73.205213541664023, 5.789527587281327 ], [ -73.20515394437507, 5.790006503418681 ], [ -73.204795431806986, 5.790305942119687 ], [ -73.204676064871023, 5.790784879794273 ], [ -73.204676237221861, 5.791263773395315 ], [ -73.204736178922985, 5.791742646310524 ], [ -73.205035159625311, 5.792101709162125 ], [ -73.205393889395111, 5.792400888375994 ], [ -73.205573351820988, 5.79281985511517 ], [ -73.205513754589333, 5.793298771236664 ], [ -73.205394386820956, 5.793777709013568 ], [ -73.205095685759829, 5.794196849887044 ], [ -73.204916525344515, 5.794615946488932 ], [ -73.204797156830921, 5.795094884145215 ], [ -73.204438641856427, 5.795394322686377 ], [ -73.203960455371885, 5.795334633222524 ], [ -73.203541975268877, 5.795095336455404 ], [ -73.203302742987262, 5.794676389622623 ] ] ] ] } },
{ "type": "Feature", "properties": { "fid": 80385, "Shape_Area": 0.00045185949407800001, "area_ha": 552.5510193755548, "tipo": "hidrica", "clas": "laminar y surcos", "gra": "moderada" }, "geometry": { "type": "MultiPolygon", "coordinates": [ [ [ [ -73.152961536732931, 5.804810249587526 ], [ -73.15365301067061, 5.80394749287584 ], [ -73.154401705922794, 5.803257604103395 ], [ -73.155524044596177, 5.80265471236735 ], [ -73.156186712224283, 5.801820699677218 ], [ -73.157366924729814, 5.800987528125885 ], [ -73.158202429731332, 5.799952221725984 ], [ -73.159153034674532, 5.798859504060729 ], [ -73.15996010640653, 5.797622574271575 ], [ -73.160680404592014, 5.796702256878947 ], [ -73.161515572392858, 5.795868515920336 ], [ -73.162031597229202, 5.795373976638223 ], [ -73.162300355410935, 5.795527685037257 ], [ -73.16259910654037, 5.795168427667932 ], [ -73.162897857294013, 5.794809170147175 ], [ -73.163196606768395, 5.794449912475216 ], [ -73.163435568933778, 5.794030810851893 ], [ -73.163614708490172, 5.793432139645461 ], [ -73.163913423186727, 5.792953157717193 ], [ -73.164391448744993, 5.792474124567661 ], [ -73.164630391893809, 5.791995159608064 ], [ -73.164988874445157, 5.791516159774858 ], [ -73.165287604400703, 5.791097039098361 ], [ -73.165646139049954, 5.790797625610764 ], [ -73.166064461037422, 5.790558055443 ], [ -73.166241109617076, 5.790522617562378 ], [ -73.166347985770514, 5.790522790566203 ], [ -73.166603518150538, 5.790563766218748 ], [ -73.166819460241825, 5.790557120683633 ], [ -73.167044405083473, 5.790510758420107 ], [ -73.167300974369297, 5.790427239316845 ], [ -73.167529176773243, 5.790264779237522 ], [ -73.167706285270086, 5.790086852394621 ], [ -73.167802747548436, 5.790003180420786 ], [ -73.168156241652184, 5.789958819508001 ], [ -73.168873465081617, 5.789898744431184 ], [ -73.169351608597594, 5.789838739899324 ], [ -73.169829734128939, 5.789718873031404 ], [ -73.170307894388429, 5.789718729634842 ], [ -73.170786091485013, 5.789838309700144 ], [ -73.171264324819276, 5.790077613217079 ], [ -73.171682806412832, 5.790376796345129 ], [ -73.172041571622628, 5.790855582161782 ], [ -73.172221009292684, 5.791274561203295 ], [ -73.17246021758001, 5.791693521993977 ], [ -73.172699462589435, 5.792232206510562 ], [ -73.172938671646875, 5.792651166158123 ], [ -73.173237651551062, 5.793070108326901 ], [ -73.173715832834205, 5.793129823888819 ], [ -73.174194015109492, 5.793189539043794 ], [ -73.174432968529004, 5.792770432111524 ], [ -73.174552362410111, 5.792291500896283 ], [ -73.17455221539899, 5.791812605568794 ], [ -73.17443252779799, 5.791333747025249 ], [ -73.174253088499654, 5.790914768733899 ], [ -73.173954127352772, 5.79055568988349 ], [ -73.173535589689777, 5.790076922703633 ], [ -73.173176860208798, 5.789717860787789 ], [ -73.172997422368837, 5.789298882032142 ], [ -73.172997276743388, 5.788819987519787 ], [ -73.173176422883614, 5.788281175450891 ], [ -73.173534950599844, 5.787981756214833 ], [ -73.173893460547163, 5.787622474833086 ], [ -73.174371546474447, 5.787382880358336 ], [ -73.174909401849959, 5.787143267972397 ], [ -73.175507062610052, 5.787023359545231 ], [ -73.17604493565608, 5.786843607121796 ], [ -73.176463268740804, 5.786663891387775 ], [ -73.176941351824041, 5.78642429479703 ], [ -73.177419472717929, 5.786304421651323 ], [ -73.177837804946535, 5.786124704925896 ], [ -73.178136541256606, 5.785765439685065 ], [ -73.178435277191966, 5.785406175198773 ], [ -73.178514402518999, 5.785315548363315 ], [ -73.17867429858461, 5.785226514228782 ], [ -73.17897303389924, 5.784867248566968 ], [ -73.179331557262515, 5.784567825790589 ], [ -73.179749830890614, 5.7842085219566 ], [ -73.180168141869785, 5.783968941655928 ], [ -73.180586470571598, 5.783789223875033 ], [ -73.18106458840731, 5.783669347739703 ], [ -73.181482917491735, 5.783489628406755 ], [ -73.181901246304164, 5.783309908772594 ], [ -73.182319573941015, 5.783130188837447 ], [ -73.182737883002119, 5.782890606692945 ], [ -73.183036614506705, 5.782531338981698 ], [ -73.183335345636578, 5.782172071120726 ], [ -73.183753672867113, 5.781992351067345 ], [ -73.184231826274868, 5.781992196136855 ], [ -73.184709961161388, 5.781932178899808 ], [ -73.185188076473139, 5.781812299360979 ], [ -73.185666210179306, 5.781752281326703 ], [ -73.18608453631532, 5.781572558681944 ], [ -73.186502862179339, 5.781392835736597 ], [ -73.186980996264538, 5.781332816609904 ], [ -73.187459188427908, 5.781452382770567 ], [ -73.187698403380921, 5.781871337061375 ], [ -73.188116867299811, 5.782110645278351 ], [ -73.188595021591368, 5.782110486670319 ], [ -73.188893748909607, 5.781751216904581 ], [ -73.188893590111377, 5.781272321782581 ], [ -73.189252104953368, 5.780972892941918 ], [ -73.189730238322625, 5.780912871520684 ], [ -73.190148682349275, 5.781092317261823 ], [ -73.190507397477631, 5.781391506507646 ], [ -73.190806363798401, 5.781750577480068 ], [ -73.191224807858418, 5.781930022391748 ], [ -73.191703002205031, 5.782049584930689 ], [ -73.192181196739568, 5.782169146154672 ], [ -73.192599499821426, 5.781929557799344 ], [ -73.192718876307197, 5.781450622230579 ], [ -73.192599175998055, 5.780971767760377 ], [ -73.192359958811721, 5.780552815626436 ], [ -73.192300028074726, 5.780073941723231 ], [ -73.192479193705424, 5.779654847824474 ], [ -73.192538800916225, 5.779175932514534 ], [ -73.192359352588312, 5.778756960069927 ], [ -73.192060386949208, 5.778397890762619 ], [ -73.191761421688682, 5.778038820375855 ], [ -73.19158197430977, 5.777619847637936 ], [ -73.192000295447031, 5.777440120770962 ], [ -73.192478405287204, 5.777320235250443 ], [ -73.192896846533586, 5.777499679048901 ], [ -73.193195812195313, 5.777858748830624 ], [ -73.193435029691329, 5.778277700669207 ], [ -73.193674247545573, 5.778696651484381 ], [ -73.194032962901588, 5.778995838517574 ], [ -73.194451405846962, 5.779175281103164 ], [ -73.194929577972857, 5.779234979117689 ], [ -73.195407770712109, 5.779354538598227 ], [ -73.195826215227044, 5.779533980145231 ], [ -73.196304407478351, 5.779653538855314 ], [ -73.196603376402209, 5.780012606706521 ], [ -73.196244865261974, 5.78031204004867 ], [ -73.195766734166625, 5.780372066010273 ], [ -73.195587570780731, 5.780791160861895 ], [ -73.195826791304739, 5.781210111549569 ], [ -73.196066011283961, 5.781629062118725 ], [ -73.196305232525674, 5.78204801256885 ], [ -73.196663951376308, 5.782347196882256 ], [ -73.197142147064596, 5.782466754788629 ], [ -73.197500866608436, 5.78276593945003 ], [ -73.197620571431571, 5.783244792705034 ], [ -73.197381639180151, 5.783663908868277 ], [ -73.196903525231562, 5.783783798634147 ], [ -73.196724361705833, 5.784202892897099 ], [ -73.196545197925047, 5.784621988011452 ], [ -73.196485593680507, 5.785100903556327 ], [ -73.196485758970937, 5.785579797494165 ], [ -73.196485924275521, 5.786058692329107 ], [ -73.196545859316359, 5.786537566455195 ], [ -73.196785083088798, 5.786956516548685 ], [ -73.197084056297115, 5.78731558300899 ], [ -73.197442799724001, 5.787674629399987 ], [ -73.197682024650362, 5.788093579059819 ], [ -73.197921249032447, 5.788512528601018 ], [ -73.197921415629651, 5.788991423344783 ], [ -73.197622691423476, 5.789350697707619 ], [ -73.19732396593912, 5.789709972826586 ], [ -73.196905658451556, 5.789949565629968 ], [ -73.196606683911853, 5.789590498247208 ], [ -73.196247960396249, 5.789291313222691 ], [ -73.196008736875797, 5.788872363861628 ], [ -73.19570976347535, 5.788513295953976 ], [ -73.195291291753904, 5.788273992746156 ], [ -73.194932569755395, 5.787974806824423 ], [ -73.194753116702714, 5.787555835417493 ], [ -73.194992052463761, 5.78713672120216 ], [ -73.195111427865754, 5.786657785248906 ], [ -73.19499172432046, 5.786178931474808 ], [ -73.194633003830688, 5.785879745291993 ], [ -73.194214535412641, 5.785640441186899 ], [ -73.19397531408174, 5.785221490812773 ], [ -73.193975150913161, 5.784742595891942 ], [ -73.19403475725079, 5.784263680534764 ], [ -73.193855306111061, 5.783844708727827 ], [ -73.193496587706477, 5.783545522637723 ], [ -73.193078079991665, 5.783186493858182 ], [ -73.192599904677138, 5.783126794397333 ], [ -73.192181580531496, 5.783306521802388 ], [ -73.191823064958101, 5.783605952465962 ], [ -73.191404759419186, 5.783845540287189 ], [ -73.190926583677935, 5.783785840335895 ], [ -73.190687366448401, 5.783366887537056 ], [ -73.190507918040851, 5.782947914567501 ], [ -73.190149201905115, 5.782648725370677 ], [ -73.189671047204854, 5.782648885302308 ], [ -73.189312530661994, 5.78294831441724 ], [ -73.189432228701037, 5.783427169624645 ], [ -73.189731195473087, 5.783786241124631 ], [ -73.190149681621222, 5.784085409633803 ], [ -73.19056814816895, 5.7843247168434 ], [ -73.190986594077629, 5.784504161854613 ], [ -73.19146481069123, 5.784683586388155 ], [ -73.191823528807959, 5.784982774667071 ], [ -73.191524801760409, 5.785342046833762 ], [ -73.191106354167118, 5.785162602250864 ], [ -73.190628158197001, 5.785043039304469 ], [ -73.190508779284926, 5.785521974456117 ], [ -73.190568709246463, 5.786000848487731 ], [ -73.190927426860014, 5.786300037307569 ], [ -73.191345875249453, 5.786479481989602 ], [ -73.191764323894347, 5.78665892635297 ], [ -73.192123063649774, 5.787017976242737 ], [ -73.192242765001254, 5.787496829777695 ], [ -73.192422216211867, 5.787915802041823 ], [ -73.192661436716435, 5.788334753936908 ], [ -73.193079907442211, 5.788574059119867 ], [ -73.193498358153647, 5.788753502121665 ], [ -73.193976599514201, 5.788992786223162 ], [ -73.194395049894865, 5.789172227636357 ], [ -73.194753772398201, 5.789471413869478 ], [ -73.194992996182975, 5.789890364678627 ], [ -73.194574687525574, 5.790129955798704 ], [ -73.194215965589251, 5.789830769469518 ], [ -73.193797493471493, 5.789591465182014 ], [ -73.193379021698888, 5.789352160571923 ], [ -73.192900780265859, 5.789112875971455 ], [ -73.192422580622406, 5.788993315581422 ], [ -73.192004130045007, 5.788813871781997 ], [ -73.19140628928858, 5.788395040734827 ], [ -73.19098777917435, 5.788036010549376 ], [ -73.190389960898926, 5.787677040239316 ], [ -73.190090991598879, 5.787317969216133 ], [ -73.18979202267883, 5.786958898923501 ], [ -73.189552803954996, 5.786539945709706 ], [ -73.189194066078869, 5.786180894125494 ], [ -73.188835349417616, 5.785881704176234 ], [ -73.188416862576958, 5.78558253383261 ], [ -73.187938665838942, 5.78546296951987 ], [ -73.187460469289192, 5.785343403892398 ], [ -73.186982254170232, 5.785163975965531 ], [ -73.186922464903546, 5.785104133764605 ], [ -73.186563749182937, 5.784804942307744 ], [ -73.186205033837155, 5.784505750608957 ], [ -73.185726838414951, 5.784386183478716 ], [ -73.185248683037798, 5.784386339732748 ], [ -73.185069510637504, 5.784805431502434 ], [ -73.185248994687811, 5.785344130064232 ], [ -73.185547959938162, 5.785703202891398 ], [ -73.185787174493498, 5.786122157913155 ], [ -73.185906870344979, 5.786601013885104 ], [ -73.185548350227634, 5.786900440725219 ], [ -73.185070152897993, 5.78678087311215 ], [ -73.184651686691666, 5.7865415618528 ], [ -73.184352721534253, 5.786182487655083 ], [ -73.18393427540434, 5.786003037735952 ], [ -73.183456080034091, 5.785883468723512 ], [ -73.182977903191613, 5.785823761203176 ], [ -73.182499745629173, 5.785823915179549 ], [ -73.182201012114717, 5.78618318263193 ], [ -73.182440225367941, 5.786602139129172 ], [ -73.182739189579422, 5.786961214360588 ], [ -73.183157636074327, 5.787140665144932 ], [ -73.183635814041679, 5.787200372475411 ], [ -73.184054260072742, 5.787379821677575 ], [ -73.184532438311976, 5.78743952824243 ], [ -73.184950924599548, 5.787738701453634 ], [ -73.185130370598245, 5.788157676193293 ], [ -73.184771848198466, 5.788457102571385 ], [ -73.184532904246566, 5.788876213631909 ], [ -73.184533059583885, 5.789355107840834 ], [ -73.184951527849989, 5.789594419099444 ], [ -73.185429708027812, 5.789654124840979 ], [ -73.185967637912825, 5.789653948695843 ], [ -73.186445798599777, 5.789653791693752 ], [ -73.186923919932781, 5.789533910528519 ], [ -73.187282638896306, 5.78983310160578 ], [ -73.187043696282501, 5.790252213663337 ], [ -73.187043853771399, 5.790731108685463 ], [ -73.187402572667054, 5.791030298742896 ], [ -73.187880774024222, 5.791149864240708 ], [ -73.18829908640015, 5.790910277949592 ], [ -73.188717358691974, 5.790550968521018 ], [ -73.189016050402302, 5.790071974006935 ], [ -73.189015891271083, 5.789593079028464 ], [ -73.188537611668039, 5.789234066946392 ], [ -73.187999641791407, 5.789114521762144 ], [ -73.187521461868982, 5.78905481908555 ], [ -73.187043282937452, 5.788995115096952 ], [ -73.186565083559628, 5.788875548819703 ], [ -73.18632586631611, 5.788456594222282 ], [ -73.186684387866251, 5.788157166888539 ], [ -73.187162527585201, 5.788097147440453 ], [ -73.18770047569177, 5.78815683157967 ], [ -73.188298234347428, 5.788336219123437 ], [ -73.18883622340428, 5.788515625925413 ], [ -73.189374251732659, 5.788814755952103 ], [ -73.189673221409748, 5.78917382641805 ], [ -73.189912441391357, 5.789592779503096 ], [ -73.190151661731988, 5.790011732469623 ], [ -73.190510382636489, 5.790310921434639 ], [ -73.190988623250973, 5.790550208041338 ], [ -73.191466804704362, 5.790609908643148 ], [ -73.192064506375004, 5.790609706498515 ], [ -73.192482958309711, 5.790789150197497 ], [ -73.192901450205341, 5.791088316385526 ], [ -73.193319943440144, 5.791387483151709 ], [ -73.193678666836831, 5.791686670013689 ], [ -73.194097181346081, 5.792045698021184 ], [ -73.194515715956982, 5.792464587545112 ], [ -73.194635420604698, 5.792943440377883 ], [ -73.194635584562434, 5.79342233514177 ], [ -73.194217274100765, 5.793661926060565 ], [ -73.193978049196971, 5.793242975013584 ], [ -73.193738824652542, 5.792824023847913 ], [ -73.193559370817638, 5.792405053061657 ], [ -73.193140917363621, 5.792225610218168 ], [ -73.192722585904789, 5.792405338181652 ], [ -73.192603207429613, 5.792884272738206 ], [ -73.192304477807681, 5.793243545336566 ], [ -73.191826314264858, 5.793243707378508 ], [ -73.191348049967132, 5.792944559730358 ], [ -73.191228348064783, 5.792465706111329 ], [ -73.191168416690232, 5.79198683139407 ], [ -73.190869384280745, 5.791448175339553 ], [ -73.190510603202654, 5.790969401049438 ], [ -73.190092151708029, 5.790789956784693 ], [ -73.189614010123933, 5.790849977855657 ], [ -73.189195718291728, 5.791149426966854 ], [ -73.188896987333351, 5.791508697832512 ], [ -73.188658045267061, 5.791927810529785 ], [ -73.188419102855335, 5.792346923131788 ], [ -73.188359491148105, 5.792825837041789 ], [ -73.188598751522647, 5.793364514341704 ], [ -73.18889774310162, 5.793783447866872 ], [ -73.188897902249153, 5.794262342778154 ], [ -73.188599168621636, 5.794621612602043 ], [ -73.188180833878619, 5.794801337303113 ], [ -73.187702688680758, 5.794861357774892 ], [ -73.187284236003904, 5.794681910621023 ], [ -73.186985264785562, 5.794322838104449 ], [ -73.186566792168549, 5.794083529430736 ], [ -73.186267802102861, 5.793664594629945 ], [ -73.185968832064987, 5.793305521526634 ], [ -73.185669862407224, 5.792946448248813 ], [ -73.185251392248006, 5.792707137636626 ], [ -73.184773131690804, 5.792407985212719 ], [ -73.184175350317673, 5.792168732196558 ], [ -73.183577608986923, 5.792049202304781 ], [ -73.183159139427858, 5.791809890091372 ], [ -73.182501589017022, 5.791570654570933 ], [ -73.182023370032539, 5.791391222619836 ], [ -73.181784154956688, 5.790972266071094 ], [ -73.181903542267833, 5.790493333479219 ], [ -73.182321855924499, 5.790253751527928 ], [ -73.18274017012584, 5.790014169276333 ], [ -73.182979115873934, 5.789595058930388 ], [ -73.182799670950999, 5.78917608349542 ], [ -73.182440954680601, 5.78887689039226 ], [ -73.18190300628379, 5.788817201270376 ], [ -73.181185747055565, 5.788757568942628 ], [ -73.180767356990316, 5.788757702440137 ], [ -73.18022942779578, 5.788757873626025 ], [ -73.179691497681461, 5.788758044302142 ], [ -73.17921331871014, 5.788698333678155 ], [ -73.178735102216081, 5.788518898828386 ], [ -73.178077576992735, 5.788339519886108 ], [ -73.177599398502082, 5.78827980788418 ], [ -73.177121238734117, 5.788279957392149 ], [ -73.176523521338368, 5.788220281792064 ], [ -73.176105205673139, 5.788459859513466 ], [ -73.176045583861367, 5.788938773412553 ], [ -73.176344545414679, 5.789297851166566 ], [ -73.176703258870589, 5.789597049117447 ], [ -73.177121723299933, 5.789836366249403 ], [ -73.177659710599528, 5.79001578371043 ], [ -73.178078157885238, 5.790195238202557 ], [ -73.178675858670715, 5.790195050184764 ], [ -73.17921379017389, 5.790194880430079 ], [ -73.179691989319849, 5.790314452914458 ], [ -73.180170188655097, 5.790434024988997 ], [ -73.180767965725863, 5.79067328235368 ], [ -73.181126682311913, 5.790972476488207 ], [ -73.181306126627305, 5.791391452447215 ], [ -73.181664843950898, 5.791690647115502 ], [ -73.181963810460672, 5.792049722622835 ], [ -73.182322527639826, 5.79234891684456 ], [ -73.182681246097616, 5.792648109919128 ], [ -73.183159486530712, 5.792887403153088 ], [ -73.183637727356881, 5.793126695968851 ], [ -73.184235528038641, 5.793425811400652 ], [ -73.184653999236389, 5.793665122753453 ], [ -73.185072451289784, 5.793844571906561 ], [ -73.185431172108792, 5.79414376405407 ], [ -73.185789892399214, 5.794442955054251 ], [ -73.186088862948168, 5.794802028221909 ], [ -73.186387833877177, 5.795161101215456 ], [ -73.186686844518022, 5.795639897770911 ], [ -73.187105397195637, 5.796118653768076 ], [ -73.187344617504493, 5.796537607801156 ], [ -73.18758387860737, 5.79707628543963 ], [ -73.187763349473357, 5.797555120911511 ], [ -73.187883049691607, 5.798033975237331 ], [ -73.187883208101255, 5.798512870105242 ], [ -73.187644282274221, 5.798991844249315 ], [ -73.187166213311116, 5.799291311811032 ], [ -73.186508770561829, 5.799411252501272 ], [ -73.186090431629282, 5.79959097485829 ], [ -73.185672111997349, 5.799830559681538 ], [ -73.185193982677561, 5.799950440033228 ], [ -73.185134211505272, 5.799950459583101 ], [ -73.185044126367814, 5.799939211880087 ], [ -73.18465602265303, 5.799890753889599 ], [ -73.184297279074201, 5.799531699546492 ], [ -73.183938497172676, 5.799052922121859 ], [ -73.183639487817629, 5.798574124156175 ], [ -73.183220974722872, 5.798215088447819 ], [ -73.182862252385348, 5.797915894988478 ], [ -73.182383988551919, 5.797616740701869 ], [ -73.181905802791846, 5.797557032609177 ], [ -73.181427635334501, 5.797557185991707 ], [ -73.181128895192444, 5.797916452040454 ], [ -73.180889944749651, 5.798335561635838 ], [ -73.180770555136689, 5.798814494865269 ], [ -73.180232768405176, 5.799293561411901 ], [ -73.179694885145921, 5.799473318051866 ], [ -73.179216772692826, 5.799653054367297 ], [ -73.178738659926637, 5.799832791192159 ], [ -73.178320375350438, 5.800192094457032 ], [ -73.177902089338716, 5.80055139742484 ], [ -73.177304451508292, 5.800791032516315 ], [ -73.176766529459996, 5.800851062655966 ], [ -73.176288377681885, 5.800911073675366 ], [ -73.175929657114352, 5.800611875791674 ], [ -73.175750195061937, 5.800133036338252 ], [ -73.175510980651609, 5.799714077240424 ], [ -73.175212013933901, 5.79935499932833 ], [ -73.174733827272803, 5.799295285204551 ], [ -73.174494871479055, 5.799714391338341 ], [ -73.174674332341851, 5.80019323123264 ], [ -73.174913583242017, 5.800731914482867 ], [ -73.17521256809863, 5.801150855318838 ], [ -73.17521277133585, 5.801809335247015 ], [ -73.174794427729012, 5.801989050311363 ], [ -73.174316274737293, 5.802049059697765 ], [ -73.173778258563573, 5.801809777552933 ], [ -73.173419539592601, 5.801510578064608 ], [ -73.173180289741197, 5.800971895070404 ], [ -73.172702009926525, 5.800612869751092 ], [ -73.172343291373977, 5.800313669528805 ], [ -73.17180536820689, 5.800373694957671 ], [ -73.171446831924072, 5.800673113228129 ], [ -73.171207873113474, 5.801092218948725 ], [ -73.171208053648911, 5.801690837112119 ], [ -73.17156689917357, 5.802409071359307 ], [ -73.171985461850795, 5.802947701466053 ], [ -73.172403953488129, 5.803246882728615 ], [ -73.17270292059743, 5.803605962971801 ], [ -73.172882363055294, 5.804024941480975 ], [ -73.173002052352786, 5.804503800097336 ], [ -73.172763093180606, 5.804922905526837 ], [ -73.172404553714387, 5.805222324426836 ], [ -73.171747136732222, 5.8054619720441 ], [ -73.171089611754553, 5.80534244751982 ], [ -73.170551719663308, 5.80552219569114 ], [ -73.170133370872009, 5.805701907410992 ], [ -73.169535725060825, 5.805941534513124 ], [ -73.169057550222533, 5.805941677657643 ], [ -73.168579357581848, 5.805881958491852 ], [ -73.168160902288321, 5.805702497335005 ], [ -73.167503270709688, 5.805223797169788 ], [ -73.167025043554474, 5.805044352842344 ], [ -73.166606570862598, 5.804805028584667 ], [ -73.166188064354344, 5.804445981078288 ], [ -73.165709785799152, 5.804086949849363 ], [ -73.165410822745457, 5.803727865795679 ], [ -73.165171614245537, 5.803308902200968 ], [ -73.164872651948485, 5.802949818736693 ], [ -73.164693216597186, 5.802530837488973 ], [ -73.164693060274146, 5.801992080163075 ], [ -73.164812463233773, 5.801513149954872 ], [ -73.164991620860633, 5.800974341277197 ], [ -73.165170795574454, 5.800495393564063 ], [ -73.165469477592751, 5.799896687010971 ], [ -73.165529091778183, 5.799357913089466 ], [ -73.165409409949802, 5.798879052590507 ], [ -73.164931240960186, 5.798879192076754 ], [ -73.16475208388033, 5.799418001663241 ], [ -73.16457292737681, 5.799956810287085 ], [ -73.164334015672637, 5.800555499044492 ], [ -73.164095068874303, 5.801034463843678 ], [ -73.163497424285879, 5.801274083634041 ], [ -73.163019287613054, 5.801393945426526 ], [ -73.162541117351793, 5.801394082953323 ], [ -73.16188359784087, 5.801274547522496 ], [ -73.161465147059914, 5.801095082132747 ], [ -73.160986960038542, 5.80103535640086 ], [ -73.160628416542863, 5.801334767082665 ], [ -73.160807849430682, 5.801753749731063 ], [ -73.161226317511591, 5.801993078435999 ], [ -73.161644802083572, 5.802292268754229 ], [ -73.162123110818243, 5.802771027421102 ], [ -73.16254163162273, 5.803189939992933 ], [ -73.162780872502992, 5.803728628613214 ], [ -73.162661466499856, 5.804207558417261 ], [ -73.162302973331919, 5.804686556844672 ], [ -73.161705324131105, 5.804926174840205 ], [ -73.161227184885888, 5.805046035198984 ], [ -73.160868639045987, 5.805345446962292 ], [ -73.160689476204197, 5.805884255305273 ], [ -73.160390769170078, 5.806423097509537 ], [ -73.159972466942804, 5.806782386701911 ], [ -73.159494393076443, 5.807141693363292 ], [ -73.158956579204983, 5.807620740302468 ], [ -73.158717624994324, 5.808099702920174 ], [ -73.158239481487669, 5.808219560830594 ], [ -73.157761288706013, 5.808159832542515 ], [ -73.157342834007409, 5.807980363345507 ], [ -73.156745063302822, 5.807800943574193 ], [ -73.156326592671519, 5.807561611668575 ], [ -73.156326460660921, 5.807082716156174 ], [ -73.156326328661464, 5.806603820635416 ], [ -73.156087125493343, 5.806184853994353 ], [ -73.155847923587601, 5.805765886331073 ], [ -73.155788020196383, 5.805287007243976 ], [ -73.155788003757777, 5.805227145298886 ], [ -73.155728100485931, 5.804748266193428 ], [ -73.155429126845888, 5.804329315664916 ], [ -73.15501067569727, 5.804149844622088 ], [ -73.154532518327073, 5.804209837395717 ], [ -73.154054443015298, 5.804569139525825 ], [ -73.153397050804926, 5.80492848901639 ], [ -73.152978696659886, 5.805108188190331 ], [ -73.152589794450193, 5.805156981196092 ], [ -73.152500539128027, 5.805168179271277 ], [ -73.152475725873401, 5.80512471772395 ], [ -73.152961536732931, 5.804810249587526 ] ] ] ] } },
{ "type": "Feature", "properties": { "fid": 80397, "Shape_Area": 0.00019637722645300001, "area_ha": 240.13124968975089, "tipo": "hidrica", "clas": "laminar y surcos", "gra": "moderada" }, "geometry": { "type": "MultiPolygon", "coordinates": [ [ [ [ -73.164218078226497, 5.813006806134581 ], [ -73.163799617994528, 5.812827341905177 ], [ -73.163321350929721, 5.812528170826852 ], [ -73.163022384751514, 5.81216908569985 ], [ -73.162723419857855, 5.811810000399532 ], [ -73.162304943818015, 5.811570674009545 ], [ -73.161826798245784, 5.811690535000366 ], [ -73.161647600329729, 5.812109618825048 ], [ -73.161647736952716, 5.812588514128379 ], [ -73.161827174375333, 5.813007496167529 ], [ -73.162126140270914, 5.813366581925095 ], [ -73.16218605003786, 5.813845459129084 ], [ -73.161707902531191, 5.81396532006363 ], [ -73.161229687561445, 5.813845732955201 ], [ -73.160811210594147, 5.813606404595419 ], [ -73.160452489684985, 5.813307197927429 ], [ -73.160034013434085, 5.813067868966868 ], [ -73.159615554395828, 5.812888401602549 ], [ -73.159376346960357, 5.812469435679247 ], [ -73.159017627519972, 5.812170227142531 ], [ -73.15865890845663, 5.811871018364457 ], [ -73.158180694935879, 5.811751428600019 ], [ -73.157702515828646, 5.811751562276243 ], [ -73.157403753085987, 5.812110817175835 ], [ -73.157403886122154, 5.812589712578472 ], [ -73.157344246527487, 5.813068624626226 ], [ -73.157284606842438, 5.813547535757436 ], [ -73.157165194324193, 5.814026464418987 ], [ -73.156746834810122, 5.814206166471649 ], [ -73.156388115588868, 5.813906956275503 ], [ -73.156387983381364, 5.813428061776847 ], [ -73.156268305919923, 5.812949199449633 ], [ -73.156148628671019, 5.812470337083198 ], [ -73.156028952538179, 5.811991474677825 ], [ -73.155849519695266, 5.811572491561321 ], [ -73.155550558664686, 5.811213402324597 ], [ -73.155132102342009, 5.811033931551947 ], [ -73.154773385999192, 5.810734720220125 ], [ -73.154354913962607, 5.810495386915136 ], [ -73.153996166742502, 5.810076451184614 ], [ -73.153697207674497, 5.80971736180129 ], [ -73.153278753019492, 5.80953788960187 ], [ -73.15286029862267, 5.809358417084695 ], [ -73.152740625072738, 5.80887955383929 ], [ -73.152919828693484, 5.808460471735486 ], [ -73.153218592478936, 5.808101220040783 ], [ -73.153636932507141, 5.807861658706315 ], [ -73.153995451331753, 5.807442527517708 ], [ -73.153935549284483, 5.806963648225747 ], [ -73.153636591947134, 5.806604557821572 ], [ -73.153600696774788, 5.806317599256204 ], [ -73.153576690309364, 5.806125679371974 ], [ -73.15399504499527, 5.805945979747207 ], [ -73.154413496278835, 5.80612545150359 ], [ -73.154772209457008, 5.806424663195116 ], [ -73.155190662231746, 5.806604133452254 ], [ -73.155429864933069, 5.807023101384402 ], [ -73.155549540305799, 5.807501964042046 ], [ -73.155489899559143, 5.807980876007946 ], [ -73.155549803044607, 5.808459754175431 ], [ -73.155669478853497, 5.808938616772309 ], [ -73.155669610351595, 5.809417512268567 ], [ -73.156028326300202, 5.809716723054805 ], [ -73.156446797523017, 5.809956055124189 ], [ -73.156924959475987, 5.809896060619337 ], [ -73.157403104694936, 5.809776203782178 ], [ -73.157761655162062, 5.809476794136117 ], [ -73.158120204344925, 5.809177384270356 ], [ -73.15835917621655, 5.808758283827444 ], [ -73.158837353686977, 5.808758149664186 ], [ -73.15901678776595, 5.809177132743173 ], [ -73.158897377542303, 5.80965606177989 ], [ -73.159076811967225, 5.810075043912434 ], [ -73.159554955928229, 5.809955186168793 ], [ -73.15991350533227, 5.809655775187821 ], [ -73.160331860458029, 5.80947607088018 ], [ -73.160331843527729, 5.809416208957145 ], [ -73.160690324307211, 5.808877349806949 ], [ -73.160869521983443, 5.808458265341699 ], [ -73.161048719401947, 5.80803918172569 ], [ -73.161168110479878, 5.807500390342113 ], [ -73.161347306487869, 5.807081305727081 ], [ -73.161586275096056, 5.806662203979272 ], [ -73.161944821357963, 5.806362792667187 ], [ -73.162422979582288, 5.80630279360372 ], [ -73.162901154886413, 5.806302656060723 ], [ -73.163379363761351, 5.806422241954124 ], [ -73.163857556436824, 5.806481964613113 ], [ -73.164335749201939, 5.806541687769993 ], [ -73.164754221381884, 5.806781013684315 ], [ -73.165112940259519, 5.807080218647684 ], [ -73.165591151111926, 5.807199802635353 ], [ -73.166069327096068, 5.807199662391838 ], [ -73.166487782890385, 5.807379125074249 ], [ -73.166846503038528, 5.807678328894497 ], [ -73.166846643947395, 5.808157224147237 ], [ -73.166547888965567, 5.808516482807022 ], [ -73.166249134511077, 5.808875742219811 ], [ -73.166189502720442, 5.809354655045126 ], [ -73.166368942369218, 5.809773635623912 ], [ -73.166667908407248, 5.81013271808132 ], [ -73.167086420412829, 5.810491765936092 ], [ -73.16750489756248, 5.810731089664216 ], [ -73.167923357322934, 5.810910551173151 ], [ -73.168341834218893, 5.811149874259115 ], [ -73.168640803131723, 5.811508956503076 ], [ -73.1690593173862, 5.811868001908749 ], [ -73.169537479312964, 5.811807996727282 ], [ -73.16989602440924, 5.811508580452937 ], [ -73.169955652327417, 5.811029667357275 ], [ -73.169835964947481, 5.810550808170831 ], [ -73.169656522505306, 5.810131828785757 ], [ -73.169357553716509, 5.809772747963962 ], [ -73.169058585308221, 5.809413666063961 ], [ -73.168879143817776, 5.808994686387734 ], [ -73.168879001171774, 5.808515791199341 ], [ -73.169177736780398, 5.808096669451231 ], [ -73.169476489842054, 5.807737408546075 ], [ -73.169835032459332, 5.807437991436473 ], [ -73.170313207636241, 5.807437847598294 ], [ -73.170791419762111, 5.807557427145639 ], [ -73.171150142217414, 5.807856628164245 ], [ -73.171568619017762, 5.80809594891258 ], [ -73.172046812869269, 5.80815566548165 ], [ -73.172524971285611, 5.80809565786609 ], [ -73.172943321010337, 5.807915944362094 ], [ -73.173361652161816, 5.807676368668922 ], [ -73.173779982049723, 5.807436792674537 ], [ -73.174258047666399, 5.80707747419109 ], [ -73.174676359188709, 5.806778035668401 ], [ -73.174855545782634, 5.806358947961996 ], [ -73.175034732119173, 5.805939859295336 ], [ -73.175393269685912, 5.80564043876376 ], [ -73.175751807775725, 5.805341018012768 ], [ -73.176229963342507, 5.805281007341137 ], [ -73.176648421600589, 5.80546046246377 ], [ -73.176947391633746, 5.805819540319703 ], [ -73.177186609796081, 5.806238498609673 ], [ -73.177485581489464, 5.806597575243131 ], [ -73.177784553563924, 5.806956652607596 ], [ -73.178143279186543, 5.807255849096009 ], [ -73.178621436046797, 5.807195836364883 ], [ -73.178979972424884, 5.806896413605898 ], [ -73.1789200494282, 5.806417538459812 ], [ -73.17862107785146, 5.80605846170215 ], [ -73.178262352762886, 5.805759265488575 ], [ -73.177903628050387, 5.805460069032506 ], [ -73.177485131967785, 5.805160891093522 ], [ -73.17718616105924, 5.80480181351345 ], [ -73.177126239846359, 5.804322938088603 ], [ -73.177245633572909, 5.80384400559052 ], [ -73.177424817382928, 5.803424916207405 ], [ -73.177723562719564, 5.803065651115958 ], [ -73.178082097949527, 5.802766229853205 ], [ -73.178500423084415, 5.802526650495963 ], [ -73.178799166363831, 5.802167384860979 ], [ -73.179336957897817, 5.801688319602761 ], [ -73.17969549139724, 5.801388896451044 ], [ -73.17969547244877, 5.801329034571324 ], [ -73.180233243424595, 5.800790107521323 ], [ -73.180412423201233, 5.800371017245084 ], [ -73.180651374812442, 5.799951907843479 ], [ -73.180950116294639, 5.79959264112432 ], [ -73.18112929608867, 5.799173551536398 ], [ -73.181547636403479, 5.798993831897405 ], [ -73.182025805066985, 5.79899367837595 ], [ -73.182503972814004, 5.798993524450566 ], [ -73.182862695668518, 5.799292718110109 ], [ -73.183221418898597, 5.799591910622269 ], [ -73.18340086765852, 5.800010885656491 ], [ -73.183520564811886, 5.800489741869171 ], [ -73.183520719609362, 5.800968636814332 ], [ -73.183401331748257, 5.80144756959686 ], [ -73.183281943697978, 5.801926503257391 ], [ -73.183222326895645, 5.802405417540911 ], [ -73.183043147722344, 5.802824508632341 ], [ -73.183043302179442, 5.803303402646065 ], [ -73.183103223354749, 5.803543121241432 ], [ -73.183162999815238, 5.803782258866306 ], [ -73.183342449954807, 5.804201233816855 ], [ -73.183581672036667, 5.804620189300522 ], [ -73.183761122765418, 5.805039163182755 ], [ -73.183761277888266, 5.805518058044697 ], [ -73.183701680596755, 5.806056834173603 ], [ -73.183522500713877, 5.806475924483266 ], [ -73.183223757415362, 5.806835192535743 ], [ -73.182925013740487, 5.807194460437927 ], [ -73.182626269689365, 5.807553728189816 ], [ -73.182387316536563, 5.807972838367846 ], [ -73.182327698500558, 5.808451751593736 ], [ -73.182387624632156, 5.808930627153018 ], [ -73.182626848125949, 5.809349582930281 ], [ -73.182925824876975, 5.809708657394708 ], [ -73.183224802008908, 5.810067730779565 ], [ -73.183404254328309, 5.810486705553387 ], [ -73.183284864618088, 5.810965639121775 ], [ -73.182926327188056, 5.811265064578095 ], [ -73.182507843468272, 5.811025752483488 ], [ -73.182208866254257, 5.81066667782801 ], [ -73.181969643381194, 5.810247721900794 ], [ -73.181670666925243, 5.809888647832338 ], [ -73.181192469935866, 5.809828939484248 ], [ -73.180714311202735, 5.809888954444887 ], [ -73.180774236166314, 5.810367829283848 ], [ -73.181073212331626, 5.810726904735361 ], [ -73.181372188877901, 5.811085980012422 ], [ -73.181730919003712, 5.811385174041106 ], [ -73.182149401779952, 5.811624486710343 ], [ -73.182388626299712, 5.812043441613469 ], [ -73.182388780451049, 5.81252233639384 ], [ -73.182149825139788, 5.812941446469154 ], [ -73.181791286773603, 5.813240871241987 ], [ -73.181372955339555, 5.813480452240185 ], [ -73.18119377153721, 5.813899542734248 ], [ -73.181014587477591, 5.814318633173741 ], [ -73.180775630415269, 5.814737742696309 ], [ -73.180357298346394, 5.814977323882147 ], [ -73.179879135174929, 5.815037338262641 ], [ -73.179400915003384, 5.814917766685994 ], [ -73.179042183767649, 5.814618571246342 ], [ -73.178683452909013, 5.814319375563571 ], [ -73.178264950652704, 5.81402019850816 ], [ -73.178444136685926, 5.813601108876867 ], [ -73.178862468609509, 5.813361530007967 ], [ -73.179280801076231, 5.813121949932736 ], [ -73.179220877006344, 5.812643074046775 ], [ -73.178921900936132, 5.812283997634268 ], [ -73.178443703039363, 5.812224287018239 ], [ -73.177965523128876, 5.812224437857026 ], [ -73.177547190727239, 5.812464016962394 ], [ -73.177188649229265, 5.812763438884872 ], [ -73.177009462501246, 5.813182528150548 ], [ -73.176591111222365, 5.81336224470914 ], [ -73.176053176290566, 5.813422274508753 ], [ -73.175574976754319, 5.813362561486883 ], [ -73.175096759708822, 5.813242986187504 ], [ -73.174678296088359, 5.813063530124339 ], [ -73.174460685015902, 5.812939084382265 ], [ -73.174020742439211, 5.812884147449438 ], [ -73.173542580193953, 5.812944156436004 ], [ -73.173064400453256, 5.812944303144093 ], [ -73.172586256267778, 5.813064173203372 ], [ -73.17216790267031, 5.81324388652655 ], [ -73.17204850288033, 5.813722817076837 ], [ -73.172048648334567, 5.814201712097713 ], [ -73.171630367186197, 5.814620872556418 ], [ -73.171212012129445, 5.814800585204239 ], [ -73.170733865950524, 5.814920453745458 ], [ -73.170255701562382, 5.814980460006041 ], [ -73.16977755591023, 5.815100327746848 ], [ -73.16935919987543, 5.81528003814168 ], [ -73.168881017154206, 5.815280181365779 ], [ -73.168283288735779, 5.815280359826545 ], [ -73.167805106891194, 5.815280502139387 ], [ -73.167267115924801, 5.815160938882684 ], [ -73.166669334732546, 5.814981529955332 ], [ -73.166191030143978, 5.81456263763539 ], [ -73.165772498087222, 5.814143727342071 ], [ -73.165593057398269, 5.81372474666523 ], [ -73.165234333971569, 5.813425543108565 ], [ -73.16475608307826, 5.813186235188937 ], [ -73.164218078226497, 5.813006806134581 ] ] ] ] } },
{ "type": "Feature", "properties": { "fid": 80354, "Shape_Area": 8.0994779964000006e-05, "area_ha": 99.045986249762663, "tipo": "hidrica", "clas": "laminar y surcos", "gra": "moderada" }, "geometry": { "type": "MultiPolygon", "coordinates": [ [ [ [ -73.169801113091765, 5.785530455858352 ], [ -73.16974481995139, 5.785319703903123 ], [ -73.169744762326218, 5.78512644572686 ], [ -73.169859382626214, 5.784666671902357 ], [ -73.169916606962317, 5.784149447906941 ], [ -73.169916469774023, 5.783689708401994 ], [ -73.169629422770868, 5.7831725873545 ], [ -73.169427824048924, 5.782890090606576 ], [ -73.169465923582507, 5.782743869240062 ], [ -73.169660721856005, 5.782290638150765 ], [ -73.169823612130841, 5.781561989631053 ], [ -73.169840558791392, 5.781076078783114 ], [ -73.169780818113935, 5.780664648817161 ], [ -73.169858148635626, 5.780529016153309 ], [ -73.16997276802681, 5.780069242261447 ], [ -73.169905947243137, 5.779801882771186 ], [ -73.170004944706179, 5.779407950087958 ], [ -73.170281043100431, 5.778679481094595 ], [ -73.170524949313389, 5.777853774220564 ], [ -73.170898005258167, 5.777174055193464 ], [ -73.171319886081164, 5.77630003725873 ], [ -73.171676405858676, 5.775847064418956 ], [ -73.171968054606779, 5.775507371429243 ], [ -73.172243530613642, 5.775167650616327 ], [ -73.172470693921127, 5.774698269957282 ], [ -73.172496381166923, 5.774608763458414 ], [ -73.172725238981741, 5.774494068690274 ], [ -73.173126796237284, 5.774206609861267 ], [ -73.173413562955545, 5.773804250191574 ], [ -73.173700329273629, 5.773401890383752 ], [ -73.17392971678845, 5.772999547988604 ], [ -73.174216447251752, 5.77248225326241 ], [ -73.174560607340879, 5.772137342797237 ], [ -73.175019627524193, 5.772137201742964 ], [ -73.175478700717576, 5.772309463218107 ], [ -73.175536078142727, 5.772309445513315 ], [ -73.175593597058537, 5.772769167353317 ], [ -73.175593738560906, 5.773228906896293 ], [ -73.175249578476496, 5.773573817069575 ], [ -73.174790609969989, 5.773746361242161 ], [ -73.174618617994497, 5.77420615367754 ], [ -73.174618758746419, 5.774665893221425 ], [ -73.174446765472226, 5.775125685602632 ], [ -73.174102604467123, 5.775470596018977 ], [ -73.17370102934774, 5.775700588206405 ], [ -73.1735290350382, 5.77616038032528 ], [ -73.173586552824304, 5.776620102343202 ], [ -73.173816187827811, 5.777022304398542 ], [ -73.174103201105254, 5.777424488770009 ], [ -73.174160719510724, 5.777884210691866 ], [ -73.173931329396567, 5.778286553165913 ], [ -73.173587165316007, 5.778631463298893 ], [ -73.173357775408761, 5.779033805551705 ], [ -73.173530049724832, 5.779493492493941 ], [ -73.173931767864588, 5.779723238949543 ], [ -73.174276143277723, 5.780067938260459 ], [ -73.174677879732315, 5.780355151480421 ], [ -73.175136853536173, 5.780182608181804 ], [ -73.175366242603843, 5.779780265250565 ], [ -73.175538236419015, 5.779320472645907 ], [ -73.175767624869763, 5.77891812955977 ], [ -73.175767483086702, 5.77845839011286 ], [ -73.175480469021466, 5.778056206647705 ], [ -73.175136094154368, 5.777711508932668 ], [ -73.175365482280654, 5.777309165997167 ], [ -73.175709626766889, 5.776906787506277 ], [ -73.175537351557409, 5.776447101212625 ], [ -73.175250337802879, 5.776044917567333 ], [ -73.175307574263229, 5.775585160369531 ], [ -73.175536962359956, 5.775182817364168 ], [ -73.175881122302712, 5.774837906107678 ], [ -73.176110509703335, 5.774435562881877 ], [ -73.176052990163726, 5.773975841139077 ], [ -73.176282376209087, 5.77357349784603 ], [ -73.176741433116206, 5.773688290921655 ], [ -73.176856331682018, 5.774147994739963 ], [ -73.176971229539902, 5.774607698522061 ], [ -73.177039434706899, 5.774703272151385 ], [ -73.177258243727522, 5.775009881303902 ], [ -73.177659977074995, 5.775297092529684 ], [ -73.178118945876804, 5.775124546943687 ], [ -73.178520518720745, 5.774894550792339 ], [ -73.178635112981567, 5.774377307989596 ], [ -73.178634981813616, 5.773958486176809 ], [ -73.178711443376017, 5.773968034306733 ], [ -73.179070148129142, 5.774267231181852 ], [ -73.179070336076506, 5.774865850562435 ], [ -73.179070486448552, 5.775344746057556 ], [ -73.179309692641027, 5.77576370334225 ], [ -73.179668397951275, 5.776062899776491 ], [ -73.179847836168449, 5.776481876595938 ], [ -73.179789046300073, 5.776717720241322 ], [ -73.179553844328211, 5.776560781217597 ], [ -73.179094874853547, 5.77673332797599 ], [ -73.178750714901696, 5.777078241131107 ], [ -73.17840655453341, 5.777423154086534 ], [ -73.178406630588768, 5.777666168415749 ], [ -73.178406698419394, 5.777882893484218 ], [ -73.178406842316917, 5.778342632874399 ], [ -73.178292230086981, 5.778802408280455 ], [ -73.178005464479099, 5.779204770312674 ], [ -73.177948247874554, 5.779721994977194 ], [ -73.178005787611198, 5.780239183678816 ], [ -73.178292805469823, 5.780641365749204 ], [ -73.178579822834365, 5.781043547656395 ], [ -73.178981544013538, 5.781273290432807 ], [ -73.179440625747304, 5.781445548390082 ], [ -73.179899635155039, 5.781387935865155 ], [ -73.180358644458579, 5.781330322972224 ], [ -73.180817726620489, 5.781502578896607 ], [ -73.18087527008646, 5.782019767188444 ], [ -73.180875306583744, 5.782134701778261 ], [ -73.180531108152138, 5.782364681424099 ], [ -73.180072134377781, 5.782537229073 ], [ -73.179613124069363, 5.782594841763057 ], [ -73.179154113656921, 5.782652454989943 ], [ -73.178695085109553, 5.782652599642972 ], [ -73.178236056550588, 5.782652743925041 ], [ -73.177834496159335, 5.782940206382079 ], [ -73.177432935358809, 5.783227669470079 ], [ -73.17697394202213, 5.783342747354936 ], [ -73.176514859426732, 5.783170488343785 ], [ -73.176457320661768, 5.782653299512106 ], [ -73.176227628096797, 5.782078695896018 ], [ -73.175768582205478, 5.78202137085816 ], [ -73.175367038645106, 5.782366299817852 ], [ -73.175195044748477, 5.782826092353275 ], [ -73.175195186177291, 5.783285831743683 ], [ -73.175424859629004, 5.783802967556937 ], [ -73.17536765803851, 5.784377659270888 ], [ -73.174966077287479, 5.784607653359728 ], [ -73.174564514730321, 5.784895113576283 ], [ -73.17410546668674, 5.784837787262973 ], [ -73.173703744811689, 5.784608041081754 ], [ -73.173703604554703, 5.784148301676282 ], [ -73.173703464308858, 5.783688562262853 ], [ -73.173645945544649, 5.783228840394941 ], [ -73.173244207518053, 5.782941625614455 ], [ -73.17278521346168, 5.783056700132761 ], [ -73.17244106327297, 5.783459076938925 ], [ -73.172211669796525, 5.783861418743243 ], [ -73.171982311621548, 5.784378695094404 ], [ -73.172039846557141, 5.784895884465584 ], [ -73.172212121735413, 5.785355571691809 ], [ -73.172384398105123, 5.785815258849823 ], [ -73.172499295018724, 5.786274964291181 ], [ -73.172212521626648, 5.786677322625053 ], [ -73.171753454978784, 5.786562527134606 ], [ -73.171351715465107, 5.786275311994586 ], [ -73.171064700347131, 5.785873126432193 ], [ -73.170605669004146, 5.785873264621955 ], [ -73.170494525805509, 5.785873298025422 ], [ -73.170146637650134, 5.785873402440416 ], [ -73.169879466046197, 5.785682391777851 ], [ -73.169801113091765, 5.785530455858352 ] ] ] ] } },
{ "type": "Feature", "properties": { "fid": 80451, "Shape_Area": 0.00072497886968199996, "area_ha": 886.47841408959516, "tipo": "hidrica", "clas": "laminar y surcos", "gra": "moderada" }, "geometry": { "type": "MultiPolygon", "coordinates": [ [ [ [ -73.132121819122005, 5.849182895983708 ], [ -73.132530526586876, 5.848883950709015 ], [ -73.133005798250309, 5.848449131262433 ], [ -73.1333031827631, 5.847974409837846 ], [ -73.133418722020636, 5.847435715637695 ], [ -73.133799360198779, 5.846847089371718 ], [ -73.133902382404685, 5.846585468252588 ], [ -73.13396834566187, 5.845997592835646 ], [ -73.133943768096998, 5.845607727871069 ], [ -73.133840101996526, 5.845208540369207 ], [ -73.133737289433341, 5.844913382931378 ], [ -73.133677380869258, 5.8444768393648 ], [ -73.133667690604369, 5.844401038225961 ], [ -73.133545895902131, 5.844066844593157 ], [ -73.133415776207542, 5.843838339348324 ], [ -73.133324249919141, 5.84362900179879 ], [ -73.133271217341402, 5.843411081162687 ], [ -73.133252905246906, 5.843091770004764 ], [ -73.133279248828373, 5.842835445997134 ], [ -73.133365984857221, 5.842622477828444 ], [ -73.133529271071197, 5.842367753910505 ], [ -73.133708398062623, 5.842132338813332 ], [ -73.133874429846344, 5.841928940141948 ], [ -73.134038879921192, 5.841732616161188 ], [ -73.134075121111366, 5.841661901010736 ], [ -73.13415470434515, 5.841500036891875 ], [ -73.134185620635606, 5.841325508993099 ], [ -73.134202245771277, 5.841245323198034 ], [ -73.134204966450724, 5.841027494302006 ], [ -73.134206124425958, 5.840804945313096 ], [ -73.134188370963443, 5.8406208966934 ], [ -73.134142367999985, 5.840425004781573 ], [ -73.134088531058239, 5.840218090963666 ], [ -73.133999769442397, 5.839764978307703 ], [ -73.133926379101425, 5.839510844570646 ], [ -73.133789916812276, 5.839070557980631 ], [ -73.133694261854146, 5.83869182588259 ], [ -73.13366030179246, 5.83849594190759 ], [ -73.133642561379915, 5.838304816169602 ], [ -73.13363255434399, 5.838184480179605 ], [ -73.133510042087636, 5.837721871135567 ], [ -73.13342164290323, 5.837521190900069 ], [ -73.133329341027562, 5.837306350177758 ], [ -73.13318530407264, 5.836942206209065 ], [ -73.133143982841673, 5.836864874933759 ], [ -73.133103259300768, 5.836773670812179 ], [ -73.133042977620462, 5.836683826998216 ], [ -73.132881993039589, 5.836218793332964 ], [ -73.13281651292381, 5.835930861314111 ], [ -73.132806560120585, 5.835794239857036 ], [ -73.132795579340979, 5.835640162150597 ], [ -73.13274977269235, 5.835483506177799 ], [ -73.132634267053888, 5.835266612822323 ], [ -73.132463047053463, 5.83497413361254 ], [ -73.132370619607769, 5.83468284760817 ], [ -73.132357407665651, 5.834624611427589 ], [ -73.132386457294558, 5.834350400382393 ], [ -73.132461285745478, 5.834126841213648 ], [ -73.132615751780264, 5.833771683009457 ], [ -73.13274577779427, 5.833348252102345 ], [ -73.133159038958212, 5.832424461786563 ], [ -73.133228847048258, 5.832036716375654 ], [ -73.133424019621884, 5.831389133728373 ], [ -73.133748656718922, 5.830698572723497 ], [ -73.134267922868901, 5.829684380657739 ], [ -73.134636121993523, 5.828734727024147 ], [ -73.13496100740295, 5.827892986359419 ], [ -73.135523543026579, 5.8267924786094 ], [ -73.135891843766458, 5.825778032646111 ], [ -73.136043808276426, 5.825173569938485 ], [ -73.136517854207824, 5.824275805591319 ], [ -73.136743725636308, 5.822867453561093 ], [ -73.136812832298332, 5.822692403779282 ], [ -73.136973813595262, 5.822982432851802 ], [ -73.136973924942538, 5.823442172432578 ], [ -73.136801888069726, 5.823901953800771 ], [ -73.136687233715008, 5.82436172120623 ], [ -73.136916876201894, 5.824821405068803 ], [ -73.137375981681032, 5.824993696281354 ], [ -73.137835045401232, 5.824993584221147 ], [ -73.138294052885783, 5.824763601571135 ], [ -73.138810471913416, 5.824648539987265 ], [ -73.139326932299241, 5.824705879912585 ], [ -73.139785995747559, 5.82470576626946 ], [ -73.140245059186725, 5.82470565225259 ], [ -73.14070409401495, 5.824590603217018 ], [ -73.141048291389893, 5.824188245020821 ], [ -73.141277721932454, 5.82378591538918 ], [ -73.141794095268096, 5.823498448234034 ], [ -73.142195717200707, 5.823268477794727 ], [ -73.142654677958092, 5.822866089693946 ], [ -73.143113608979831, 5.822348766587993 ], [ -73.143515156647993, 5.821831457723761 ], [ -73.143916718205503, 5.821371615903502 ], [ -73.144318337748928, 5.821141643088481 ], [ -73.144777383498422, 5.821084058133238 ], [ -73.145236443897886, 5.821083940124879 ], [ -73.145695519087042, 5.821141289060051 ], [ -73.146212036214877, 5.821428492913981 ], [ -73.146671126663023, 5.821543308358628 ], [ -73.147302349793563, 5.821600611180997 ], [ -73.147876176428156, 5.821600461030016 ], [ -73.148335267320306, 5.821715275107351 ], [ -73.148737006107694, 5.82194503946107 ], [ -73.148851892117818, 5.822404748541999 ], [ -73.148909395716487, 5.822864472742936 ], [ -73.149024282071764, 5.823324181765599 ], [ -73.149253934926548, 5.823783860383799 ], [ -73.149368730685069, 5.82389876459581 ], [ -73.149770456226065, 5.824071060844858 ], [ -73.150172197267921, 5.824300823194108 ], [ -73.150688642914702, 5.824300685393382 ], [ -73.151147705801691, 5.824300562506835 ], [ -73.151606753270869, 5.824242971951378 ], [ -73.152180535170828, 5.82407041547043 ], [ -73.152639566814173, 5.823955355883356 ], [ -73.153098520470962, 5.823552960370705 ], [ -73.15344272381509, 5.823208062124195 ], [ -73.15338521650159, 5.822748338487827 ], [ -73.152811389752003, 5.822748494273753 ], [ -73.152409772690703, 5.822978472159377 ], [ -73.151950757223403, 5.823150998840674 ], [ -73.151491710680205, 5.823208589654257 ], [ -73.150975249805185, 5.823151260866098 ], [ -73.150458744062121, 5.822921528794154 ], [ -73.150343856638528, 5.822461820085209 ], [ -73.150745382328296, 5.821887038937916 ], [ -73.151089586157298, 5.821542142096519 ], [ -73.151491202775219, 5.821312165151653 ], [ -73.152065089891607, 5.821541879945698 ], [ -73.152524227982383, 5.821829093391216 ], [ -73.152983335448994, 5.822001370951114 ], [ -73.153671942062772, 5.822058651046234 ], [ -73.154131018724797, 5.822115993071407 ], [ -73.154590126881885, 5.822288270207252 ], [ -73.154762401178914, 5.822747962219353 ], [ -73.15470514435475, 5.823207717184118 ], [ -73.154590503869997, 5.823667487874275 ], [ -73.154648013176939, 5.824127211344262 ], [ -73.15459075524592, 5.824586966281288 ], [ -73.15470566320505, 5.825104141273528 ], [ -73.154361459527763, 5.825449040277988 ], [ -73.154131817530072, 5.825046831180146 ], [ -73.153959543894359, 5.82458713901741 ], [ -73.153557801177044, 5.824357378509546 ], [ -73.153213597223612, 5.824702276828873 ], [ -73.152869393753974, 5.825047174944302 ], [ -73.152582618346628, 5.825564459196698 ], [ -73.152238428543853, 5.825966824230591 ], [ -73.152181169403491, 5.826426578949338 ], [ -73.152238676193576, 5.826886302664605 ], [ -73.152640435744445, 5.827173531345466 ], [ -73.15281271006495, 5.827633223876603 ], [ -73.152984983770637, 5.828092916340267 ], [ -73.153214640938415, 5.828552593133622 ], [ -73.153559065829597, 5.829012238543328 ], [ -73.153960843227537, 5.829356932576843 ], [ -73.154362636817154, 5.829759094488452 ], [ -73.154420145786446, 5.830218817871355 ], [ -73.154649790185317, 5.830621026717154 ], [ -73.15516638359054, 5.831138091014623 ], [ -73.155682962099377, 5.83159768753444 ], [ -73.156084742634562, 5.831942380843145 ], [ -73.156601242932879, 5.832114639236465 ], [ -73.157175191063175, 5.832516751088406 ], [ -73.157519589550304, 5.832861459338233 ], [ -73.157519717818218, 5.833321198331419 ], [ -73.156945896420609, 5.83337882587557 ], [ -73.156544146199167, 5.833149068672981 ], [ -73.156085028577195, 5.832976793446221 ], [ -73.155568559296512, 5.83291946913522 ], [ -73.155281750977565, 5.833321820124524 ], [ -73.155167110034597, 5.833781590808996 ], [ -73.155109852660757, 5.834241345656324 ], [ -73.154880427150033, 5.834643680630734 ], [ -73.154937937142108, 5.835103403856976 ], [ -73.15516758398303, 5.835505612359214 ], [ -73.155397230252674, 5.835907820754016 ], [ -73.155339988717628, 5.836425042851147 ], [ -73.154995778721457, 5.83676994227784 ], [ -73.154651569208113, 5.837114841500636 ], [ -73.154192543098986, 5.837287369301407 ], [ -73.153733469721828, 5.83728749494594 ], [ -73.153274349497394, 5.837115218422582 ], [ -73.152700460586175, 5.836942971774874 ], [ -73.152183956926763, 5.836770709916948 ], [ -73.151839559163648, 5.836425998426478 ], [ -73.151380424767922, 5.836196252142827 ], [ -73.150921336848057, 5.836138908196688 ], [ -73.15046227965837, 5.836196498421373 ], [ -73.149945868943007, 5.836369039024703 ], [ -73.149429473119937, 5.836599045531841 ], [ -73.149027844918123, 5.836829022088921 ], [ -73.148798414906423, 5.837231354686423 ], [ -73.148511629816994, 5.837748636898311 ], [ -73.148282214180995, 5.838208436566504 ], [ -73.147823154084733, 5.83826602468389 ], [ -73.147364064762883, 5.838208677872501 ], [ -73.146962285736493, 5.837863978391454 ], [ -73.146560536154709, 5.837634214075081 ], [ -73.146101432568173, 5.837519398028121 ], [ -73.145642358831481, 5.837519517074384 ], [ -73.145240728372073, 5.837749490975682 ], [ -73.144896526017646, 5.838151851670261 ], [ -73.144667107242185, 5.838611649935729 ], [ -73.144208134534722, 5.839014039731694 ], [ -73.14397862683245, 5.839129033113579 ], [ -73.143577023796013, 5.839473940429116 ], [ -73.143118021336875, 5.839761393883407 ], [ -73.142773801693579, 5.84010628603221 ], [ -73.142486981465595, 5.840508630722184 ], [ -73.142027977599923, 5.840796084215185 ], [ -73.141339376820838, 5.840853725042621 ], [ -73.140708103881309, 5.840681480607202 ], [ -73.140535835076946, 5.840221784436437 ], [ -73.140535720502726, 5.839762045198825 ], [ -73.140937325652942, 5.839417140913781 ], [ -73.141396300176325, 5.839014753727668 ], [ -73.141970028932633, 5.838554869927293 ], [ -73.142084681567326, 5.838095101711247 ], [ -73.142027167179378, 5.837577909668994 ], [ -73.141797499801726, 5.837060760122313 ], [ -73.14162523219818, 5.836601064220361 ], [ -73.141625102384751, 5.836083857648759 ], [ -73.141624987004718, 5.835624118365502 ], [ -73.141624857213515, 5.835106911775938 ], [ -73.141395220053369, 5.834704697491986 ], [ -73.140993589764264, 5.834934668377741 ], [ -73.140534603884646, 5.835279587013929 ], [ -73.140190386195741, 5.835624477608235 ], [ -73.139674057066031, 5.836141812664096 ], [ -73.139559402813632, 5.836601580458591 ], [ -73.13955955917595, 5.837233722571114 ], [ -73.139559687121618, 5.837750929167782 ], [ -73.139559815078599, 5.838268135754845 ], [ -73.139559928827964, 5.838727875036 ], [ -73.139560056806772, 5.839245081605156 ], [ -73.139560184797176, 5.83976228816482 ], [ -73.139502914181094, 5.840222041662173 ], [ -73.139445657692931, 5.840739263346109 ], [ -73.139216232514173, 5.841199059479038 ], [ -73.138872010473619, 5.841543948394872 ], [ -73.138355633406491, 5.841888880410977 ], [ -73.138298262033572, 5.841946361825819 ], [ -73.137839240745109, 5.842176344669952 ], [ -73.137495017259653, 5.842521232764568 ], [ -73.137495129408194, 5.842980972016733 ], [ -73.137323086478489, 5.843440753356333 ], [ -73.136864021702195, 5.843498333549917 ], [ -73.136404942913941, 5.843498445171349 ], [ -73.136003304327915, 5.843728411713187 ], [ -73.136290326322353, 5.844130614158246 ], [ -73.136806832283128, 5.844302890525967 ], [ -73.137323282530133, 5.844245297248278 ], [ -73.137954475032302, 5.844072740752608 ], [ -73.138184112842225, 5.84447495627569 ], [ -73.137782474325491, 5.844704924080702 ], [ -73.137323436590009, 5.844877439249387 ], [ -73.13686434272779, 5.844820083981688 ], [ -73.136347822366645, 5.844590339484455 ], [ -73.13588870110209, 5.844418048823627 ], [ -73.135429635357809, 5.844475626960559 ], [ -73.135027995670441, 5.84470559282272 ], [ -73.134855951120016, 5.845165373437737 ], [ -73.134683919131533, 5.845682621293633 ], [ -73.134511874017903, 5.846142401800307 ], [ -73.134282429873679, 5.846544728683057 ], [ -73.133995599409161, 5.846947069168039 ], [ -73.13370876853827, 5.84734940951023 ], [ -73.133364592912244, 5.847924165219752 ], [ -73.133077789167999, 5.848441440736792 ], [ -73.13279095689353, 5.848843779716162 ], [ -73.132446738881583, 5.849246132998587 ], [ -73.131987695742453, 5.849418643901174 ], [ -73.131916989495437, 5.849409809651775 ], [ -73.131832704795727, 5.849399279177626 ], [ -73.132121819122005, 5.849182895983708 ] ] ] ] } },
{ "type": "Feature", "properties": { "fid": 80405, "Shape_Area": 6.8987776427e-05, "area_ha": 84.357285709223859, "tipo": "hidrica", "clas": "laminar y surcos", "gra": "moderada" }, "geometry": { "type": "MultiPolygon", "coordinates": [ [ [ [ -73.138555791015079, 5.820023719235926 ], [ -73.139557101976308, 5.819117962747142 ], [ -73.140308562122115, 5.818149211000938 ], [ -73.14047195617951, 5.817823290327383 ], [ -73.140788446716044, 5.817981672390431 ], [ -73.141206918885814, 5.818221015690426 ], [ -73.14180465117812, 5.818220865817068 ], [ -73.142282806002925, 5.818101021553844 ], [ -73.142641339696922, 5.817681897344016 ], [ -73.142999857741529, 5.817202910958542 ], [ -73.143477951656223, 5.816843618794167 ], [ -73.14395610493591, 5.816723773144474 ], [ -73.144434319990864, 5.816843374902305 ], [ -73.144793034991949, 5.817142591872482 ], [ -73.145271296645149, 5.817441778751629 ], [ -73.145809284805296, 5.817561363931986 ], [ -73.146287423579736, 5.817381654361895 ], [ -73.146526407637623, 5.816962558726743 ], [ -73.146825148862263, 5.816483586409106 ], [ -73.147183709247201, 5.81618418329117 ], [ -73.147661907942506, 5.816243920367413 ], [ -73.14814010763223, 5.816303657035292 ], [ -73.148498839884212, 5.816662734461943 ], [ -73.148738042151194, 5.817081704191992 ], [ -73.149037002151431, 5.817440796992457 ], [ -73.149515170447046, 5.817380808590258 ], [ -73.149933534715615, 5.817201111793793 ], [ -73.15029209385176, 5.816901707644547 ], [ -73.150471301686821, 5.816482626323079 ], [ -73.150172325441986, 5.81606367234258 ], [ -73.149694078310858, 5.815824351577078 ], [ -73.149275604506443, 5.815585014594092 ], [ -73.148976646271592, 5.815225921874969 ], [ -73.148976520300778, 5.814747027232272 ], [ -73.148976394340309, 5.814268131676727 ], [ -73.149215374219921, 5.813849034941484 ], [ -73.149633736008866, 5.813669338409341 ], [ -73.150111886095317, 5.813549487633793 ], [ -73.150590067795065, 5.813549360342563 ], [ -73.1510682485806, 5.813549232646665 ], [ -73.151606235009069, 5.813668812382787 ], [ -73.15202469225153, 5.813848285728682 ], [ -73.152502938626242, 5.814087604554572 ], [ -73.152921395544695, 5.814267077218176 ], [ -73.153279951233969, 5.813967670324928 ], [ -73.153279821652404, 5.813488774851635 ], [ -73.152921104668565, 5.813189563290109 ], [ -73.15256238896518, 5.812890350582165 ], [ -73.152263429254333, 5.812531259585967 ], [ -73.151964469924224, 5.812172168417248 ], [ -73.151605754464754, 5.81187295506129 ], [ -73.151127526307789, 5.811693498247791 ], [ -73.150649378918104, 5.811813348939666 ], [ -73.150231018826048, 5.811993046192129 ], [ -73.149956962059321, 5.811993119001613 ], [ -73.14999424045044, 5.811693800253124 ], [ -73.149874568761788, 5.811214936389888 ], [ -73.149575611628904, 5.810855843883246 ], [ -73.149276654876473, 5.810496751204084 ], [ -73.149097227471259, 5.810077764872403 ], [ -73.149097101510961, 5.809598870145692 ], [ -73.149241392079318, 5.809261442693867 ], [ -73.149632597958146, 5.809359280796969 ], [ -73.149991310783207, 5.809658495500344 ], [ -73.150051209853757, 5.81013737433949 ], [ -73.15035016689086, 5.810496466605798 ], [ -73.150768653239084, 5.810795664868408 ], [ -73.15124683169671, 5.81079553708156 ], [ -73.151724995022107, 5.810735546945125 ], [ -73.152262962804002, 5.810795264190858 ], [ -73.152741173493439, 5.810914859022887 ], [ -73.153099888914085, 5.811214071668303 ], [ -73.153219563310188, 5.811692934777284 ], [ -73.15333923791826, 5.812171796942323 ], [ -73.153638198100282, 5.812530887360708 ], [ -73.153996915025004, 5.812830099379937 ], [ -73.154355631423016, 5.81312931115832 ], [ -73.154654592756117, 5.813488400091103 ], [ -73.154953554470239, 5.813847489756142 ], [ -73.155132987423826, 5.814266474027249 ], [ -73.155312420649523, 5.814685458227984 ], [ -73.155432097714197, 5.815164320740507 ], [ -73.155551774991295, 5.815643182309032 ], [ -73.155611679511935, 5.816122061222075 ], [ -73.155611811124686, 5.816600956598052 ], [ -73.155731488888819, 5.817079818091997 ], [ -73.156030453227174, 5.817438907072244 ], [ -73.156389173649416, 5.817738117403735 ], [ -73.156807635355335, 5.81791758705873 ], [ -73.15710660081777, 5.818276675428081 ], [ -73.156987187258039, 5.818755603098055 ], [ -73.156688420475859, 5.819114857642376 ], [ -73.1562102176905, 5.819055128308548 ], [ -73.155731999427189, 5.818935536650201 ], [ -73.155503737850779, 5.818804992263836 ], [ -73.155373294094829, 5.818696187842761 ], [ -73.155134086276803, 5.818277221094888 ], [ -73.154835122037412, 5.817918131646934 ], [ -73.154715444830231, 5.81743926905682 ], [ -73.154715313956558, 5.81696037367476 ], [ -73.154655410084104, 5.816481495567814 ], [ -73.15459550632346, 5.816002616538583 ], [ -73.154296544561134, 5.815643526735357 ], [ -73.15393780939047, 5.815284453058609 ], [ -73.15345959385894, 5.815164860266805 ], [ -73.15298141085924, 5.815164990023447 ], [ -73.152562953252129, 5.814985517428227 ], [ -73.152144494999902, 5.814806044514739 ], [ -73.151785777744237, 5.814506831346876 ], [ -73.151307579271247, 5.814447097733478 ], [ -73.150829412770292, 5.814507087591323 ], [ -73.150411067572406, 5.8147466469498 ], [ -73.150411194756202, 5.815225541561063 ], [ -73.150710154784576, 5.815584633496826 ], [ -73.151128612287891, 5.815764107465327 ], [ -73.151547070953654, 5.815943581115278 ], [ -73.151846032077685, 5.816302672412064 ], [ -73.152025463583698, 5.816721657674577 ], [ -73.151786483753085, 5.817140754629577 ], [ -73.151368136157942, 5.817380314715138 ], [ -73.150889951240515, 5.817380442749254 ], [ -73.150471588066353, 5.817560140248588 ], [ -73.150471715363551, 5.818039035715685 ], [ -73.150770676961258, 5.818398127544526 ], [ -73.151248877833325, 5.818457861519278 ], [ -73.151727079699697, 5.81851759508595 ], [ -73.152265070998851, 5.818637174046557 ], [ -73.152803045447286, 5.818696889658213 ], [ -73.153281296282614, 5.818936207667889 ], [ -73.153819337081359, 5.819235370889544 ], [ -73.1541780584393, 5.819534582608242 ], [ -73.1544770222485, 5.819893672372075 ], [ -73.154596699829312, 5.820372534963212 ], [ -73.154357720460382, 5.820791632943212 ], [ -73.153879566193552, 5.820911487420631 ], [ -73.153401362118018, 5.820851755742353 ], [ -73.152982883045354, 5.820612421688452 ], [ -73.152564372944312, 5.820253364372661 ], [ -73.152145862468274, 5.819894305823368 ], [ -73.151607837914298, 5.81965500293262 ], [ -73.150890525736713, 5.819535471354413 ], [ -73.150412339891545, 5.819535599030587 ], [ -73.149814606440657, 5.819535758056418 ], [ -73.1493364670593, 5.819715470618974 ], [ -73.148918101655397, 5.819895167009179 ], [ -73.148320414855618, 5.820074910265703 ], [ -73.147662922990662, 5.820134944673725 ], [ -73.147124932023246, 5.820015361342598 ], [ -73.146646698246741, 5.819835900020166 ], [ -73.146228222665002, 5.819596560854279 ], [ -73.14580974743194, 5.81935722136717 ], [ -73.145211907431701, 5.818938341898274 ], [ -73.144733659832241, 5.818699016962626 ], [ -73.144195669883288, 5.818579431688136 ], [ -73.143358829968577, 5.818519782940655 ], [ -73.142880704362028, 5.818759351116285 ], [ -73.142462351652455, 5.818998904712259 ], [ -73.141984226152033, 5.819238473048074 ], [ -73.141506099335743, 5.819478040986894 ], [ -73.14108780519598, 5.819957041401381 ], [ -73.140729239150346, 5.820256440745254 ], [ -73.140370733032455, 5.820795286778832 ], [ -73.140071954433381, 5.821154532794537 ], [ -73.139653613515463, 5.821453946313568 ], [ -73.139235242683526, 5.821633635620003 ], [ -73.138757053914048, 5.821633753460844 ], [ -73.138278807509721, 5.821394423064987 ], [ -73.137860348734705, 5.821214939606364 ], [ -73.137478338587499, 5.821071580203407 ], [ -73.138555791015079, 5.820023719235926 ] ] ] ] } },
{ "type": "Feature", "properties": { "fid": 80456, "Shape_Area": 1.8747189246e-05, "area_ha": 22.922666445381218, "tipo": "hidrica", "clas": "laminar y surcos", "gra": "moderada" }, "geometry": { "type": "MultiPolygon", "coordinates": [ [ [ [ -73.144737234875322, 5.841982898986657 ], [ -73.144278128060989, 5.841868082452947 ], [ -73.143819050747027, 5.841868200098418 ], [ -73.143359973423685, 5.841868317368835 ], [ -73.142900896090907, 5.841868434264484 ], [ -73.142499130673002, 5.841581198920039 ], [ -73.14278595232264, 5.841178854225916 ], [ -73.143244985294473, 5.841006335590293 ], [ -73.143704032624214, 5.84089128386762 ], [ -73.144105651255813, 5.840603843737256 ], [ -73.144507284202177, 5.840373871513236 ], [ -73.144966345511307, 5.840316286056122 ], [ -73.145425466001541, 5.840488569340152 ], [ -73.145655107546702, 5.840890781767939 ], [ -73.145712610812154, 5.841350506012418 ], [ -73.145712729639513, 5.841810245119632 ], [ -73.145770233064184, 5.842269969339895 ], [ -73.14599987651269, 5.842672181576745 ], [ -73.146344289630463, 5.843074363831704 ], [ -73.146573932921228, 5.84347657580463 ], [ -73.146860962196968, 5.843878771769482 ], [ -73.147147990982319, 5.844280968477108 ], [ -73.147492390871037, 5.844625682695835 ], [ -73.147664666730918, 5.845085376489465 ], [ -73.147492631573982, 5.845545160721997 ], [ -73.147033611325014, 5.845775151027226 ], [ -73.146574530884607, 5.845775271003049 ], [ -73.146172909935501, 5.846062712000275 ], [ -73.146058259195115, 5.846522480878036 ], [ -73.146115763477269, 5.846982204966878 ], [ -73.146402794280561, 5.847384401984243 ], [ -73.14640291379493, 5.84784414097868 ], [ -73.14617347669332, 5.848246472507981 ], [ -73.145928495705675, 5.848590126217061 ], [ -73.145886654935168, 5.848648818859601 ], [ -73.145877962648456, 5.848661011417846 ], [ -73.145829373885419, 5.849051105493118 ], [ -73.145657336085662, 5.849510889166652 ], [ -73.145427898697733, 5.849913220397411 ], [ -73.145085179641114, 5.850256605842276 ], [ -73.145042836266384, 5.85050845190591 ], [ -73.14488545787782, 5.85077013692694 ], [ -73.144810557723474, 5.850795001118911 ], [ -73.144571397313769, 5.850874393841536 ], [ -73.144257596379305, 5.850821483432298 ], [ -73.14404868576878, 5.850611577948371 ], [ -73.143944490813908, 5.850349458019934 ], [ -73.143840295958682, 5.850087338067169 ], [ -73.143840818414162, 5.849773002844074 ], [ -73.143789025312913, 5.849458580565113 ], [ -73.14378954599789, 5.849144246239803 ], [ -73.143790066686392, 5.848829911005851 ], [ -73.143842902851588, 5.848515662823218 ], [ -73.143843424422016, 5.848201327582899 ], [ -73.14384342758251, 5.848199549264052 ], [ -73.143820620326096, 5.848017211004333 ], [ -73.143705732653473, 5.847557501341498 ], [ -73.143713677097253, 5.847493722401509 ], [ -73.143763000431477, 5.847097747600628 ], [ -73.143935038199913, 5.846637964448291 ], [ -73.144221861292067, 5.846235619055562 ], [ -73.144623498145506, 5.846005645791479 ], [ -73.145082578813742, 5.846005527405453 ], [ -73.14548420029837, 5.845718087174532 ], [ -73.14554146647032, 5.845258333262791 ], [ -73.145713502248839, 5.844798548680501 ], [ -73.145655953997618, 5.844166422691274 ], [ -73.145598450433909, 5.843706698492781 ], [ -73.145311422133602, 5.843304500950865 ], [ -73.145081750219674, 5.842787353886877 ], [ -73.145081631887024, 5.842327614782619 ], [ -73.144737234875322, 5.841982898986657 ] ] ] ] } },
{ "type": "Feature", "properties": { "fid": 80453, "Shape_Area": 1.5529919725e-05, "area_ha": 18.988748407696619, "tipo": "hidrica", "clas": "laminar y surcos", "gra": "moderada" }, "geometry": { "type": "MultiPolygon", "coordinates": [ [ [ [ -73.138541624969321, 5.849857494907042 ], [ -73.138461271304607, 5.849800047452447 ], [ -73.138312069333949, 5.849800084234005 ], [ -73.137910314501141, 5.849570313046513 ], [ -73.137508559991943, 5.849340542466905 ], [ -73.137164163112061, 5.848995822105337 ], [ -73.136819767557483, 5.848651101518101 ], [ -73.136360684569127, 5.848651213201435 ], [ -73.1359016293124, 5.848766259079639 ], [ -73.135442546212516, 5.848766370014005 ], [ -73.135385049496051, 5.848306644656532 ], [ -73.135384938967206, 5.847846905451036 ], [ -73.135442214485579, 5.847387152400472 ], [ -73.135614259189936, 5.846927371637321 ], [ -73.135728904733583, 5.846410137400937 ], [ -73.135958348682323, 5.846007809950436 ], [ -73.136417415607298, 5.845950231356824 ], [ -73.136876524319518, 5.846065054255064 ], [ -73.137163547252499, 5.846467256178698 ], [ -73.13762261440462, 5.846409676595101 ], [ -73.13808166736726, 5.846294629353906 ], [ -73.138368494543158, 5.845892286848596 ], [ -73.13882754691997, 5.845777239009294 ], [ -73.139229299368708, 5.846007008721699 ], [ -73.139631052140828, 5.846236779042158 ], [ -73.140090147389287, 5.846294132011963 ], [ -73.140377173602246, 5.846696332232284 ], [ -73.140549443480495, 5.847156028302152 ], [ -73.140664328502567, 5.847615738681782 ], [ -73.140664443336902, 5.848075477788655 ], [ -73.140549787702412, 5.848535245629137 ], [ -73.140148147335822, 5.848765215138542 ], [ -73.139803920463237, 5.849110105534635 ], [ -73.139804034624547, 5.849569844634004 ], [ -73.139459807056028, 5.849914734826143 ], [ -73.139000737278195, 5.84997231596742 ], [ -73.138541624969321, 5.849857494907042 ] ] ] ] } },
{ "type": "Feature", "properties": { "fid": 80303, "Shape_Area": 0.0032200988252630001, "area_ha": 3938.3254499403356, "tipo": "hidrica", "clas": "laminar y surcos", "gra": "moderada" }, "geometry": { "type": "MultiPolygon", "coordinates": [ [ [ [ -73.155641470451556, 5.729526105337941 ], [ -73.155733075887738, 5.729125354733936 ], [ -73.155843298772041, 5.728460403393483 ], [ -73.155841584618102, 5.727366226618465 ], [ -73.15654624564273, 5.727322383028457 ], [ -73.156594974306927, 5.72771199181301 ], [ -73.156881949121669, 5.728114186596088 ], [ -73.15716892524506, 5.728516381218242 ], [ -73.157513259160396, 5.728861092441377 ], [ -73.157513400866719, 5.729378300584699 ], [ -73.157054493044939, 5.729665764836909 ], [ -73.156595522136456, 5.729723357938042 ], [ -73.156204908767052, 5.729772373459809 ], [ -73.156136535516907, 5.72972348320053 ], [ -73.155800185322747, 5.729639354235513 ], [ -73.155641470451556, 5.729526105337941 ] ] ] ] } },
{ "type": "Feature", "properties": { "fid": 65890, "Shape_Area": 0.000302526894456, "area_ha": 369.89523167179982, "tipo": "hidrica", "clas": "laminar y surcos", "gra": "ligera" }, "geometry": { "type": "MultiPolygon", "coordinates": [ [ [ [ -73.271117002195467, 5.85380685141482 ], [ -73.270480279305531, 5.853546006081491 ], [ -73.269410596221604, 5.852850687740618 ], [ -73.26941102456135, 5.852552446998402 ], [ -73.269483157215575, 5.852229586424585 ], [ -73.269805765006652, 5.852158281148547 ], [ -73.270056345168427, 5.85233806611609 ], [ -73.270378747177233, 5.852410300030954 ], [ -73.270629893278169, 5.852195351736043 ], [ -73.270702024285356, 5.851872490131029 ], [ -73.270705208274876, 5.851841061943162 ], [ -73.270838875583479, 5.851737257638831 ], [ -73.271120855306776, 5.851583756593527 ], [ -73.271377220326372, 5.851430219835265 ], [ -73.271608007988505, 5.851250993655242 ], [ -73.271787601955339, 5.851046044335703 ], [ -73.271967234004592, 5.85081544302983 ], [ -73.27212125140295, 5.850584805221217 ], [ -73.272300844973358, 5.850379854846153 ], [ -73.272582713561405, 5.850303306189687 ], [ -73.272890086556743, 5.85030374689137 ], [ -73.273171698744079, 5.850406755123572 ], [ -73.273376357600341, 5.850586605298645 ], [ -73.273427184164177, 5.850868839355428 ], [ -73.273349937237356, 5.851150888734651 ], [ -73.273170305674853, 5.851381491363725 ], [ -73.273038155548022, 5.85149695262561 ], [ -73.272965133940033, 5.851560753670412 ], [ -73.272785539360655, 5.851765704256138 ], [ -73.272605907373077, 5.851996304909733 ], [ -73.272433565574715, 5.852189906021579 ], [ -73.272158271009289, 5.852648730569001 ], [ -73.271563405743166, 5.85354102936617 ], [ -73.271327662633027, 5.853841065764625 ], [ -73.271117002195467, 5.85380685141482 ] ] ] ] } }
]
}
