{
"type": "FeatureCollection",
"name": "Erosion terraceo y laminar",
"crs": { "type": "name", "properties": { "name": "urn:ogc:def:crs:OGC:1.3:CRS84" } },
"features": [
{ "type": "Feature", "properties": { "fid": 122549, "Shape_Area": 3.0342572687e-05, "area_ha": 37.105641629424973, "tipo": "hidrica", "clas": "terraceo y laminar", "gra": "moderada" }, "geometry": { "type": "MultiPolygon", "coordinates": [ [ [ [ -73.314029569031845, 5.78634789579877 ], [ -73.313991819413673, 5.786337805260985 ], [ -73.313900425569614, 5.786374276155868 ], [ -73.313586560812496, 5.786373853314387 ], [ -73.313272836261262, 5.78626864711083 ], [ -73.312959041229533, 5.786215833228482 ], [ -73.31269762688521, 5.786110697391393 ], [ -73.312436283269847, 5.785953169828986 ], [ -73.312175011362001, 5.785743251441431 ], [ -73.312018430264686, 5.785481081094872 ], [ -73.311966541693209, 5.785166660689754 ], [ -73.311966964904627, 5.784852311975783 ], [ -73.312019698004008, 5.784538033148635 ], [ -73.312176982794824, 5.784276286582894 ], [ -73.312281955808373, 5.784014470116063 ], [ -73.312439241246125, 5.783752722581823 ], [ -73.312648764791106, 5.783543439164589 ], [ -73.312648975778814, 5.783386264356807 ], [ -73.312544706731273, 5.783124164849198 ], [ -73.312492818157125, 5.782809745375459 ], [ -73.31238854929984, 5.782547645823968 ], [ -73.312231969066261, 5.782285477275082 ], [ -73.31202300863697, 5.782075627668746 ], [ -73.311761737823701, 5.781865708958435 ], [ -73.311447945335601, 5.781812894094116 ], [ -73.311186534202079, 5.781707758325069 ], [ -73.310925122256094, 5.781602622430739 ], [ -73.310663852046673, 5.781392703178483 ], [ -73.310559584307839, 5.781130604124201 ], [ -73.310455314862793, 5.780868504139278 ], [ -73.310508048553345, 5.780554226288757 ], [ -73.31066533305949, 5.780292480126946 ], [ -73.310874926895906, 5.780030803944726 ], [ -73.311084449750581, 5.779821520215535 ], [ -73.311346142151308, 5.779717089623375 ], [ -73.311578826907407, 5.779684118213936 ], [ -73.311774780912344, 5.779291070265288 ], [ -73.312370061957154, 5.778875944666311 ], [ -73.3129043117724, 5.778520631992421 ], [ -73.312948525573006, 5.778503649069307 ], [ -73.313021900037654, 5.778357164380736 ], [ -73.31323156178064, 5.778043095799433 ], [ -73.313493324418346, 5.777886271762668 ], [ -73.313755085101604, 5.777729449423362 ], [ -73.314016776909909, 5.777625016766706 ], [ -73.314278467714246, 5.777520585804382 ], [ -73.314540159320131, 5.777416153821093 ], [ -73.314854020015787, 5.777416574593133 ], [ -73.315167879799276, 5.777416996097429 ], [ -73.315481600582586, 5.777522199722227 ], [ -73.315742941873395, 5.777679726093197 ], [ -73.315978786554183, 5.777774578004085 ], [ -73.316109124246566, 5.777752975853048 ], [ -73.316460093365038, 5.777753444768109 ], [ -73.3168181555871, 5.778347288286113 ], [ -73.316993182031297, 5.778836219806635 ], [ -73.316962287997399, 5.77885472865762 ], [ -73.316735087347183, 5.778990848781689 ], [ -73.316525566066332, 5.77920013537755 ], [ -73.316315975222096, 5.779461812589716 ], [ -73.316106452711722, 5.7796710990458 ], [ -73.315949171846228, 5.779932846574695 ], [ -73.31589644212778, 5.780247126581344 ], [ -73.315896020951982, 5.780561476136086 ], [ -73.315947912019965, 5.780875896137559 ], [ -73.316052182131955, 5.781137994977996 ], [ -73.316156453248425, 5.781400092886145 ], [ -73.31626072356346, 5.781662191673263 ], [ -73.316364994883486, 5.781924290432869 ], [ -73.316469266305035, 5.782186389165815 ], [ -73.316521156979888, 5.782500809072076 ], [ -73.316520737117969, 5.782815157678101 ], [ -73.316572627897187, 5.783129577568047 ], [ -73.316572208083244, 5.783443927975611 ], [ -73.316571787374528, 5.783758278380333 ], [ -73.316519056860159, 5.784072558403466 ], [ -73.316466326295711, 5.784386836611588 ], [ -73.316152390599541, 5.784438807619665 ], [ -73.315943427971433, 5.784228961403358 ], [ -73.315734534936666, 5.783966721704246 ], [ -73.31552564300091, 5.783704482819417 ], [ -73.315316751259957, 5.783442243844718 ], [ -73.315212480095965, 5.783180144895425 ], [ -73.315212900669337, 5.782865796254953 ], [ -73.315213321250667, 5.782551445800834 ], [ -73.315161431285105, 5.782237025736492 ], [ -73.314847638376818, 5.782184212779782 ], [ -73.314533634128338, 5.782288574433721 ], [ -73.31421970115116, 5.782340544322381 ], [ -73.313958358036245, 5.782183018274509 ], [ -73.313801778115931, 5.781920849283438 ], [ -73.313487984564631, 5.781868034653655 ], [ -73.313278391349399, 5.782129710849745 ], [ -73.313173419105055, 5.782391528379662 ], [ -73.313120685879539, 5.782705807292984 ], [ -73.3132249560025, 5.782967905782925 ], [ -73.313433917195539, 5.783177753993925 ], [ -73.313642808003408, 5.783439993716115 ], [ -73.313904150731389, 5.783597520781257 ], [ -73.314113113308395, 5.783807368710711 ], [ -73.314374385859821, 5.784017287134532 ], [ -73.314530966663881, 5.784279455902777 ], [ -73.314582855628203, 5.78459387601157 ], [ -73.3143733315639, 5.78480316102258 ], [ -73.314059466783874, 5.784802739301256 ], [ -73.313849943347577, 5.785012024131788 ], [ -73.313744970007974, 5.785273840850891 ], [ -73.313796858662386, 5.785588261039265 ], [ -73.314058272937245, 5.785693396373802 ], [ -73.314372138208455, 5.785693818069205 ], [ -73.31458110085623, 5.78590366576077 ], [ -73.314476127717967, 5.786165482597426 ], [ -73.314277036874955, 5.78641404642508 ], [ -73.314029569031845, 5.78634789579877 ] ] ] ] } },
{ "type": "Feature", "properties": { "fid": 122559, "Shape_Area": 2.9583672695e-05, "area_ha": 36.177558943271933, "tipo": "hidrica", "clas": "terraceo y laminar", "gra": "moderada" }, "geometry": { "type": "MultiPolygon", "coordinates": [ [ [ [ -73.315312752367163, 5.786428566111908 ], [ -73.315417725154077, 5.786166749141273 ], [ -73.315627249287672, 5.78595746284293 ], [ -73.315836773268074, 5.785748178284393 ], [ -73.316098468247333, 5.785643745422533 ], [ -73.316412403705499, 5.785591775315595 ], [ -73.316726339096533, 5.785539804133009 ], [ -73.317040205108981, 5.7855402252614 ], [ -73.317354140395651, 5.785488253735991 ], [ -73.31766800636052, 5.785488673614168 ], [ -73.317929420303528, 5.785593808034662 ], [ -73.318190835240614, 5.785698941423732 ], [ -73.31850463121657, 5.785751752402632 ], [ -73.318714154008944, 5.785542465937112 ], [ -73.318766884295826, 5.785228185784831 ], [ -73.318767302846027, 5.784913836366513 ], [ -73.318663030724849, 5.784651737260901 ], [ -73.31855875780218, 5.784389639033861 ], [ -73.318454485884672, 5.78412754077948 ], [ -73.318245591784262, 5.783865302969502 ], [ -73.318089009449977, 5.783603135309136 ], [ -73.317827664762945, 5.783445610234537 ], [ -73.317618701934464, 5.783235762831794 ], [ -73.317723742391138, 5.782921553011704 ], [ -73.317933265405543, 5.78271226685473 ], [ -73.318195027802744, 5.782555440631086 ], [ -73.318508961318287, 5.782503468557707 ], [ -73.318770794427053, 5.782294252316035 ], [ -73.318771213061439, 5.781979901960881 ], [ -73.318771630801223, 5.781665551602487 ], [ -73.31866735935597, 5.781403454245151 ], [ -73.318458466229913, 5.781141216438755 ], [ -73.318197053388474, 5.78103608304383 ], [ -73.317987531963297, 5.781245370175611 ], [ -73.31772576918172, 5.781402195376415 ], [ -73.317464077351985, 5.781506627975205 ], [ -73.317150282898979, 5.781453817185138 ], [ -73.316888941273305, 5.781296290692126 ], [ -73.316679977797548, 5.781086444676532 ], [ -73.316628088110861, 5.78077202476652 ], [ -73.316628507973064, 5.780457675236107 ], [ -73.316733547653314, 5.780143464662444 ], [ -73.316995239926598, 5.780039032421655 ], [ -73.317257002321185, 5.77988220666856 ], [ -73.317466522652126, 5.7796729198094 ], [ -73.317497512959449, 5.779488211698379 ], [ -73.31755250311312, 5.779492846173582 ], [ -73.318061312290297, 5.779535725817993 ], [ -73.318580419278362, 5.779450237597359 ], [ -73.319034709912103, 5.779375424348075 ], [ -73.318916744302101, 5.779610936672952 ], [ -73.318844655451016, 5.779933809731517 ], [ -73.318844224451709, 5.780256779215563 ], [ -73.319023039141882, 5.780508215570137 ], [ -73.319345458599571, 5.780544531624855 ], [ -73.319596506870027, 5.780365440005824 ], [ -73.319847649324686, 5.780114576389508 ], [ -73.320027131885411, 5.779863617300293 ], [ -73.320099220955228, 5.779540744127985 ], [ -73.320207138844694, 5.779217918627978 ], [ -73.320422451662694, 5.77896700710869 ], [ -73.320430426192956, 5.778961318384859 ], [ -73.320785062170501, 5.779005881651187 ], [ -73.321503030748602, 5.778828256661086 ], [ -73.322449186716881, 5.778473475863109 ], [ -73.322601576683098, 5.778524662319114 ], [ -73.322500765771679, 5.778826231444668 ], [ -73.32232128374136, 5.779077191246415 ], [ -73.322105972664019, 5.779328103439639 ], [ -73.32199805494929, 5.779650929240972 ], [ -73.322248626287262, 5.779830689573089 ], [ -73.322571046367045, 5.779867003807169 ], [ -73.322893513912163, 5.779867433275911 ], [ -73.323108160932748, 5.780118915760511 ], [ -73.32314356312196, 5.780441932601718 ], [ -73.323143134575332, 5.780764901947919 ], [ -73.323465461330557, 5.78087298660239 ], [ -73.323680108092162, 5.781124469732333 ], [ -73.323787312661409, 5.781339924961458 ], [ -73.32403778967813, 5.781591457187972 ], [ -73.324109021577442, 5.781914521345129 ], [ -73.32403693458275, 5.782237394889876 ], [ -73.323821623180265, 5.782488307730091 ], [ -73.323499105890619, 5.782523765255917 ], [ -73.323212703878369, 5.782343957197668 ], [ -73.323069764171805, 5.782056683416386 ], [ -73.322819193382884, 5.781876921718606 ], [ -73.322760948797168, 5.781850903866882 ], [ -73.322639852939233, 5.782020226096904 ], [ -73.322531886756394, 5.782378938368879 ], [ -73.322515713796975, 5.782451373677645 ], [ -73.322440644882136, 5.782616209949367 ], [ -73.322316574608635, 5.782629849772377 ], [ -73.321994009617185, 5.782701191936724 ], [ -73.321671397034493, 5.782808419407502 ], [ -73.321420254304883, 5.78305928292275 ], [ -73.321348164754568, 5.783382156206756 ], [ -73.321132851706068, 5.783633068107406 ], [ -73.320881755025766, 5.783848045924856 ], [ -73.320630706620307, 5.784027139057343 ], [ -73.320308140582881, 5.784098480315947 ], [ -73.319985575357578, 5.784169819585202 ], [ -73.319698744012157, 5.784312979160745 ], [ -73.319555040705666, 5.784599871386263 ], [ -73.319482950840836, 5.784922743579955 ], [ -73.319446691081964, 5.785245665282503 ], [ -73.319446260585266, 5.785568633782987 ], [ -73.319410000783478, 5.785891553669387 ], [ -73.319409571189738, 5.786214523068168 ], [ -73.319373310442984, 5.786537443853888 ], [ -73.319365979029726, 5.786570278204636 ], [ -73.319301220289333, 5.78686031692655 ], [ -73.319217879265921, 5.78702669958335 ], [ -73.319175311887307, 5.78701719492085 ], [ -73.318878280962565, 5.787194257099827 ], [ -73.318527468284003, 5.787075100816423 ], [ -73.318229218150634, 5.786481320434405 ], [ -73.318122943048934, 5.786449454787544 ], [ -73.317634717937665, 5.786303069657038 ], [ -73.317342120853141, 5.786449454914589 ], [ -73.316688405799312, 5.786776507071465 ], [ -73.316451748784345, 5.787369569753139 ], [ -73.315857437300338, 5.787903382070112 ], [ -73.315620124349437, 5.787309694784312 ], [ -73.315383780646414, 5.786833537566281 ], [ -73.315303310429101, 5.786796684134856 ], [ -73.315312331049995, 5.786742915616003 ], [ -73.315312752367163, 5.786428566111908 ] ] ] ] } },
{ "type": "Feature", "properties": { "fid": 122588, "Shape_Area": 2.879973995e-05, "area_ha": 35.218397510288071, "tipo": "hidrica", "clas": "terraceo y laminar", "gra": "moderada" }, "geometry": { "type": "MultiPolygon", "coordinates": [ [ [ [ -73.352244585239248, 5.79649602879033 ], [ -73.352055343770246, 5.796258495830273 ], [ -73.351818233106371, 5.796400567264527 ], [ -73.351581061326385, 5.796590096007435 ], [ -73.351343950397961, 5.796732166352115 ], [ -73.351343586135215, 5.797016915286747 ], [ -73.351343221880086, 5.797301663313533 ], [ -73.351248086128749, 5.797586290031973 ], [ -73.351058237959194, 5.797823337097839 ], [ -73.350915776782983, 5.798060445242868 ], [ -73.350678542958576, 5.798297431059609 ], [ -73.350631156691691, 5.798297369904617 ], [ -73.350489059870824, 5.798249729916847 ], [ -73.350252311839824, 5.798107050901933 ], [ -73.350015625042374, 5.797916915278449 ], [ -73.349778939303746, 5.797726777734681 ], [ -73.349684531027322, 5.797441908098165 ], [ -73.34954267822593, 5.797204434594391 ], [ -73.349353437578316, 5.796966900683287 ], [ -73.349116691262168, 5.796824222042119 ], [ -73.348879945061753, 5.796681544199203 ], [ -73.348595629117881, 5.796681178067729 ], [ -73.348311314069406, 5.796680811792896 ], [ -73.34802712068938, 5.796585529633489 ], [ -73.347885267887534, 5.796348055653482 ], [ -73.347885633904639, 5.796063308419832 ], [ -73.347885999025607, 5.795778560279075 ], [ -73.347933751104335, 5.795493872628697 ], [ -73.347981502240486, 5.795209185879855 ], [ -73.348029253336449, 5.79492449822169 ], [ -73.348029619322517, 5.794639750073259 ], [ -73.34812475631395, 5.794355123798368 ], [ -73.348361928446479, 5.794165597379617 ], [ -73.348599038259067, 5.794023527385093 ], [ -73.348788885426188, 5.793786481127086 ], [ -73.348825120183506, 5.793570451718551 ], [ -73.34883663603739, 5.793501794323561 ], [ -73.348979097083713, 5.793264685774602 ], [ -73.349168942946676, 5.793027639408422 ], [ -73.349358788653547, 5.79279059298625 ], [ -73.349501250217884, 5.792553485228495 ], [ -73.349596385267148, 5.79226885784658 ], [ -73.349691521133252, 5.791984232261029 ], [ -73.349736851187288, 5.791713972343473 ], [ -73.349739271189719, 5.791699543589687 ], [ -73.34978702120776, 5.791414856724316 ], [ -73.349933968193909, 5.791297427578399 ], [ -73.350024190672457, 5.791225328792962 ], [ -73.350166649789344, 5.790988220896452 ], [ -73.350356495333301, 5.790751173283979 ], [ -73.350593604128335, 5.790609102553503 ], [ -73.35078344936926, 5.790372055718194 ], [ -73.351020557894515, 5.790229984823441 ], [ -73.351304929779872, 5.790182890711378 ], [ -73.351589303417541, 5.790135797363291 ], [ -73.351826411626007, 5.789993726148566 ], [ -73.3519688696868, 5.7897566178533 ], [ -73.352111329439083, 5.789519508621311 ], [ -73.352395761809873, 5.789424955674292 ], [ -73.352680073108388, 5.789425320119506 ], [ -73.35296420437038, 5.789568058448538 ], [ -73.353106058257595, 5.789805530282592 ], [ -73.353105694671285, 5.790090278328705 ], [ -73.353010561712779, 5.79037490619254 ], [ -73.352820718347857, 5.790611953716905 ], [ -73.352630873923772, 5.790849002090567 ], [ -73.352630511034647, 5.791133751045095 ], [ -73.352867255687784, 5.79127642833663 ], [ -73.353151387943001, 5.791419164693366 ], [ -73.353435580295695, 5.791514445308621 ], [ -73.353719831767137, 5.791562265662662 ], [ -73.35400396435864, 5.791705003378922 ], [ -73.354288156069231, 5.791800281739199 ], [ -73.354572348771569, 5.791895560854812 ], [ -73.354856602304665, 5.791943382429622 ], [ -73.355140734438919, 5.792086118640725 ], [ -73.355235143439529, 5.792370988215055 ], [ -73.355045300432266, 5.792608037356274 ], [ -73.354808191155257, 5.792750109017391 ], [ -73.354523877354836, 5.79274974664628 ], [ -73.354239684224126, 5.792654468439594 ], [ -73.354002997670193, 5.79246433257947 ], [ -73.353766312177129, 5.792274198418454 ], [ -73.353482119392083, 5.792178918903176 ], [ -73.353197986671546, 5.792036180934133 ], [ -73.352961240712432, 5.791893503809263 ], [ -73.352677049136105, 5.791798224773572 ], [ -73.352392856743108, 5.791702944684914 ], [ -73.352108544297892, 5.791702581069956 ], [ -73.351824170847067, 5.791749674719995 ], [ -73.351539797341275, 5.791796769135658 ], [ -73.35125548482381, 5.79179640509534 ], [ -73.351018374830119, 5.791938476117139 ], [ -73.350923239648353, 5.792223102790274 ], [ -73.35087549106521, 5.792507789712317 ], [ -73.350875127346114, 5.792792538702372 ], [ -73.351111752025986, 5.793030133331513 ], [ -73.351395944015735, 5.793125413126575 ], [ -73.351680257194232, 5.793125777960597 ], [ -73.351964571267501, 5.793126141746939 ], [ -73.35224882437808, 5.793173963698848 ], [ -73.352533016597874, 5.793269243811892 ], [ -73.352674810411713, 5.793554173983466 ], [ -73.352579675854599, 5.793838800884373 ], [ -73.352342566307584, 5.793980871576252 ], [ -73.352105455735057, 5.794122943080538 ], [ -73.351821081085291, 5.794170036798789 ], [ -73.351536828398139, 5.7941222146614 ], [ -73.351252513813961, 5.794121850691056 ], [ -73.350968260278137, 5.794074028264674 ], [ -73.350731575019836, 5.793883891921212 ], [ -73.350447381830293, 5.793788610907711 ], [ -73.350250724380714, 5.793722677684912 ], [ -73.350163189631985, 5.793693329744656 ], [ -73.349878754729446, 5.793787880804302 ], [ -73.349783618712593, 5.794072508225838 ], [ -73.34983064043405, 5.794357316668595 ], [ -73.350114832021745, 5.794452597979614 ], [ -73.35035145713573, 5.794690192889789 ], [ -73.35020899726419, 5.79492730085326 ], [ -73.349971885723278, 5.795069370611373 ], [ -73.350018906747607, 5.795354179923152 ], [ -73.350303099773441, 5.795449461104283 ], [ -73.350587536311025, 5.79535490979066 ], [ -73.350871971842537, 5.795260358339931 ], [ -73.351109083212521, 5.795118288214837 ], [ -73.35139345841219, 5.795071193918204 ], [ -73.351677650579404, 5.795166475310907 ], [ -73.351819445411365, 5.795451404769096 ], [ -73.352103698785811, 5.795499227625498 ], [ -73.352388074965688, 5.79545213372802 ], [ -73.35243705475051, 5.795435851557897 ], [ -73.35267251109434, 5.795357581388714 ], [ -73.352909621103493, 5.795215509630793 ], [ -73.353146730990773, 5.795073438685392 ], [ -73.353383841658683, 5.794931366741537 ], [ -73.353620952204722, 5.794789295610144 ], [ -73.353905386862039, 5.79469474268268 ], [ -73.354189762439091, 5.794647647913166 ], [ -73.35447407719937, 5.794648011298762 ], [ -73.354758331212679, 5.794695831025081 ], [ -73.35504264598012, 5.794696194123787 ], [ -73.355326778670474, 5.794838931046172 ], [ -73.355468634958186, 5.795076403009148 ], [ -73.355563044707537, 5.79536127155319 ], [ -73.355467911379719, 5.795645899756323 ], [ -73.355325451698434, 5.795883008884005 ], [ -73.355041015835127, 5.795977563447821 ], [ -73.354756579868877, 5.79607211696964 ], [ -73.354472204554042, 5.796119212061228 ], [ -73.354187829183502, 5.796166307013152 ], [ -73.353903392956681, 5.796260860120185 ], [ -73.353618956627315, 5.796355413089714 ], [ -73.353476496889812, 5.796592521804087 ], [ -73.353476492728873, 5.796596000564648 ], [ -73.353476133691288, 5.796877269771528 ], [ -73.353523156658923, 5.797162078658744 ], [ -73.35357017968289, 5.797446888441414 ], [ -73.353569816557354, 5.797731637302377 ], [ -73.353569454343699, 5.7980163861601 ], [ -73.353379607960846, 5.798253433949697 ], [ -73.353095109692447, 5.798395444106404 ], [ -73.352810793015578, 5.798395080142939 ], [ -73.352621552447658, 5.798157547439587 ], [ -73.352479697362469, 5.797920074762999 ], [ -73.352337902421311, 5.797635144646733 ], [ -73.352338266167408, 5.797350395747969 ], [ -73.352338629018675, 5.797065647751936 ], [ -73.352338992781199, 5.796780898847487 ], [ -73.352244585239248, 5.79649602879033 ] ] ] ] } },
{ "type": "Feature", "properties": { "fid": 99042, "Shape_Area": 0.00084333581564799995, "area_ha": 1031.3225482808225, "tipo": "hidrica", "clas": "terraceo y laminar", "gra": "ligera" }, "geometry": { "type": "MultiPolygon", "coordinates": [ [ [ [ -73.252884944519224, 5.78158999399875 ], [ -73.25271260637021, 5.781130333545946 ], [ -73.252253632174757, 5.781245471662601 ], [ -73.251852188270618, 5.781705387030058 ], [ -73.251852213679001, 5.78176285496005 ], [ -73.25139339095449, 5.782222795471341 ], [ -73.250762432025454, 5.78268281168738 ], [ -73.250188825956229, 5.783085334926682 ], [ -73.249787379089184, 5.783545248933251 ], [ -73.249672924903621, 5.784234904682307 ], [ -73.24967320210942, 5.784867042904978 ], [ -73.249501267453752, 5.785326855734752 ], [ -73.249042339433629, 5.785556926377467 ], [ -73.248583285553821, 5.785499660600806 ], [ -73.248181510013524, 5.785212500318778 ], [ -73.247779685754494, 5.784810405658618 ], [ -73.247492567951269, 5.784293326581462 ], [ -73.247148147198573, 5.783948673435077 ], [ -73.24680372686305, 5.783604020962798 ], [ -73.246688746221309, 5.783086866537587 ], [ -73.246745900387509, 5.782569636386768 ], [ -73.247090020862913, 5.78222468440481 ], [ -73.247549096966168, 5.782339418557967 ], [ -73.247950845099069, 5.782569111471901 ], [ -73.248409896562293, 5.782626378774978 ], [ -73.24904088166619, 5.782223832129716 ], [ -73.249499706373399, 5.781763893437073 ], [ -73.249843749032038, 5.781246536954995 ], [ -73.250130463545247, 5.780844141432908 ], [ -73.250417176755491, 5.780441744873485 ], [ -73.250761293681819, 5.780096789887125 ], [ -73.251220140636121, 5.779694316936173 ], [ -73.251277518520055, 5.779694291558769 ], [ -73.251506751965906, 5.779062051742017 ], [ -73.251477282171379, 5.779010452142586 ], [ -73.252038451987517, 5.778616651072241 ], [ -73.252669379086342, 5.778099166585662 ], [ -73.252955962550857, 5.777409433701564 ], [ -73.252955758557846, 5.776949696562895 ], [ -73.252898125143531, 5.77637504998313 ], [ -73.252725788744328, 5.775915389381794 ], [ -73.252381268511215, 5.775340871084154 ], [ -73.25174991279755, 5.774881413719243 ], [ -73.25134811815019, 5.774536788273508 ], [ -73.2508888960989, 5.774077253749851 ], [ -73.250429624330536, 5.773502784719994 ], [ -73.250199862328486, 5.772928214345939 ], [ -73.249970177245643, 5.772526045002792 ], [ -73.249740466438652, 5.772066408494027 ], [ -73.249453404961116, 5.771664264088429 ], [ -73.248994236929775, 5.771319661939287 ], [ -73.248305585469836, 5.77103262667049 ], [ -73.247444704013333, 5.77051579715868 ], [ -73.247042990546277, 5.770343570486148 ], [ -73.246469119850701, 5.770113950129996 ], [ -73.245952652181984, 5.769941772355196 ], [ -73.24503444684899, 5.769539897970049 ], [ -73.244460627819421, 5.769425210581915 ], [ -73.244059185307606, 5.769885120549077 ], [ -73.243944627934297, 5.770344907325011 ], [ -73.24400220145526, 5.770804620280899 ], [ -73.244117176733994, 5.771321775681201 ], [ -73.244404284514303, 5.771838857107412 ], [ -73.244576612942978, 5.772298520638287 ], [ -73.244806517057384, 5.773217896895176 ], [ -73.244921518311799, 5.773792520014069 ], [ -73.245093921890202, 5.774424584522365 ], [ -73.245094292339672, 5.775286592358327 ], [ -73.245094662845588, 5.776148600168142 ], [ -73.245095008701753, 5.776953140887883 ], [ -73.245037902781576, 5.777585304235686 ], [ -73.244980870864538, 5.778389869659918 ], [ -73.244981167287506, 5.779079475297578 ], [ -73.245032077858639, 5.779688183464486 ], [ -73.244908559213286, 5.77969707308381 ], [ -73.244047937925529, 5.779812377614917 ], [ -73.243588962730257, 5.779927509669733 ], [ -73.243187487924956, 5.780329951223393 ], [ -73.243187684156169, 5.780789688649122 ], [ -73.243417369051883, 5.781191860678348 ], [ -73.243876468301949, 5.781364065837067 ], [ -73.2443928719523, 5.781363843842598 ], [ -73.24485194690368, 5.781478580232204 ], [ -73.245253693408017, 5.781708275133553 ], [ -73.245081929969615, 5.782570357065254 ], [ -73.244737906810656, 5.783145177910399 ], [ -73.244508565584397, 5.783547547084254 ], [ -73.244164443617478, 5.783892497585327 ], [ -73.243705416005184, 5.783892694838357 ], [ -73.243188886418693, 5.783605581011443 ], [ -73.242614906508891, 5.783146089121374 ], [ -73.242155830573836, 5.783031350062458 ], [ -73.241639474092722, 5.78314650512408 ], [ -73.241180520008754, 5.783319101515303 ], [ -73.24072146846521, 5.783261829265825 ], [ -73.240205014474782, 5.783147113848543 ], [ -73.239803172029951, 5.78268754613913 ], [ -73.239401306082925, 5.782170510127969 ], [ -73.238999416762624, 5.781596007617338 ], [ -73.238597648607538, 5.781308841098678 ], [ -73.238138622888584, 5.781309033764501 ], [ -73.237737071189656, 5.781539070388362 ], [ -73.237335567046671, 5.781884041819694 ], [ -73.236934063317904, 5.782229012982441 ], [ -73.236475084519839, 5.782344138513622 ], [ -73.236016057895654, 5.782344329497732 ], [ -73.235327493735554, 5.782287148183798 ], [ -73.234638835891246, 5.782000096732077 ], [ -73.234007626794835, 5.781885422981588 ], [ -73.233433914750776, 5.78205806045122 ], [ -73.232974911761801, 5.782115716072497 ], [ -73.232515838288975, 5.782000970006152 ], [ -73.232056694753339, 5.78171382132814 ], [ -73.231884372201534, 5.781254153854434 ], [ -73.231539939965671, 5.780852024527803 ], [ -73.230851284705807, 5.780564968322153 ], [ -73.230334881270551, 5.780565177974211 ], [ -73.229818385096053, 5.78033551776781 ], [ -73.229588709945688, 5.779933340725393 ], [ -73.229760659477392, 5.779473533239752 ], [ -73.229990008937875, 5.77907116960472 ], [ -73.230219358985551, 5.77866880588391 ], [ -73.230164907518315, 5.778233947451781 ], [ -73.230333457230245, 5.778137393193504 ], [ -73.230792503920782, 5.778194674059989 ], [ -73.231251527373615, 5.778194487432188 ], [ -73.23171059753497, 5.778309234668995 ], [ -73.232169621050275, 5.778309047295636 ], [ -73.23262869146032, 5.778423794684159 ], [ -73.233087715037755, 5.778423606565639 ], [ -73.233546667957626, 5.778251015840794 ], [ -73.233948195619234, 5.777963515068848 ], [ -73.234407147885804, 5.777790923672001 ], [ -73.234866147217076, 5.777733267031635 ], [ -73.235325170164629, 5.777733077127721 ], [ -73.235784240638282, 5.777847821057321 ], [ -73.236243263647737, 5.77784763040836 ], [ -73.236702286641673, 5.777847439388552 ], [ -73.237161261801418, 5.77773231380587 ], [ -73.237620212806519, 5.777559720764543 ], [ -73.238079235522719, 5.777559528642087 ], [ -73.238538282270895, 5.777616803239596 ], [ -73.238997305002272, 5.777616610373627 ], [ -73.239262985318305, 5.777450146257877 ], [ -73.239456207020169, 5.777329080796221 ], [ -73.239857730900269, 5.777041575987994 ], [ -73.24031672889987, 5.776983914990808 ], [ -73.240718470465822, 5.777213613345509 ], [ -73.240791518505546, 5.777265824964047 ], [ -73.24112023665532, 5.777500779385605 ], [ -73.241579332268145, 5.777672985672041 ], [ -73.242038379342716, 5.777730257423457 ], [ -73.242497402046979, 5.777730061726459 ], [ -73.242898948160871, 5.777500021898732 ], [ -73.243243043611415, 5.777097604240112 ], [ -73.243529760963838, 5.776695210975959 ], [ -73.243701697303493, 5.776235399720406 ], [ -73.243873634282807, 5.775775588416707 ], [ -73.243930815145063, 5.775315826316842 ], [ -73.243987995930524, 5.774856064207597 ], [ -73.244045176639247, 5.774396302089087 ], [ -73.243815494250725, 5.773994130121139 ], [ -73.243707788517895, 5.773706839953661 ], [ -73.243643165855815, 5.773534466382443 ], [ -73.243585592254647, 5.773074753433661 ], [ -73.243585395966477, 5.772615015897088 ], [ -73.243642576852722, 5.772155253778919 ], [ -73.243699757662057, 5.77169549165103 ], [ -73.243584807197351, 5.771235803242803 ], [ -73.24329774946483, 5.770833655516469 ], [ -73.243068070033928, 5.770431483113157 ], [ -73.242723660571698, 5.770086826649106 ], [ -73.242379251525904, 5.769742170860013 ], [ -73.24209219631615, 5.769340022437007 ], [ -73.241690459913798, 5.76911032387568 ], [ -73.241174042978002, 5.769053075852469 ], [ -73.240714978749509, 5.768938335991322 ], [ -73.24025591469109, 5.768823595751769 ], [ -73.239796899077135, 5.768823789340559 ], [ -73.23939535667904, 5.769053826845379 ], [ -73.239108639939275, 5.769456218094547 ], [ -73.238879300652684, 5.769858585125121 ], [ -73.238592607180067, 5.770318443239887 ], [ -73.238133662237772, 5.770491036857493 ], [ -73.23767459735069, 5.770376294572145 ], [ -73.237470568767492, 5.770325298281421 ], [ -73.237215532633684, 5.77026155190805 ], [ -73.236756563436643, 5.77037667731787 ], [ -73.236297594040195, 5.770491802364461 ], [ -73.235895858971332, 5.770262100563741 ], [ -73.235953045927317, 5.769802338932891 ], [ -73.23601886989394, 5.769755206690377 ], [ -73.23635456653227, 5.769514835762777 ], [ -73.236756086727041, 5.769227332323226 ], [ -73.237157558768047, 5.76882489529055 ], [ -73.237386875018501, 5.768365061791826 ], [ -73.237386683882619, 5.767905323969103 ], [ -73.237157009780617, 5.767503148916546 ], [ -73.236755252717899, 5.76721597960227 ], [ -73.236296262057294, 5.767273637435608 ], [ -73.235837295022009, 5.767388762025121 ], [ -73.235378351475106, 5.767561354281156 ], [ -73.234919313071714, 5.767504076768262 ], [ -73.234854657448011, 5.76724550042735 ], [ -73.234804370587767, 5.767044386190776 ], [ -73.23474680403541, 5.766584671921294 ], [ -73.235090922826828, 5.766239726202684 ], [ -73.235148110163209, 5.76577996457803 ], [ -73.235033144257102, 5.765262806882163 ], [ -73.234803425675693, 5.76474569646723 ], [ -73.234573753807865, 5.764343520202146 ], [ -73.234286705898853, 5.763941367428458 ], [ -73.233942306496374, 5.763596705192299 ], [ -73.233540577269764, 5.763367000532924 ], [ -73.233081612696196, 5.763482123717154 ], [ -73.232680141269441, 5.763884558819996 ], [ -73.232221152727789, 5.763942213283087 ], [ -73.231647388003694, 5.763942446913404 ], [ -73.231188306274419, 5.763770231049989 ], [ -73.231073366731209, 5.763310539507927 ], [ -73.231245287320917, 5.762793264402831 ], [ -73.231589405216937, 5.762448320761393 ], [ -73.231818747899297, 5.762045957378746 ], [ -73.231875937598147, 5.761586195925304 ], [ -73.23181837502068, 5.761126481154179 ], [ -73.232994193503885, 5.760158635700634 ], [ -73.233376935322383, 5.760733151582428 ], [ -73.23385524570125, 5.761163960071599 ], [ -73.234190078120719, 5.761499047920779 ], [ -73.234524949326328, 5.761929914722373 ], [ -73.235003341234915, 5.762552279575402 ], [ -73.235242586864786, 5.762983185328039 ], [ -73.235481832864423, 5.763414090959031 ], [ -73.23581672595742, 5.763892846463477 ], [ -73.236247227766739, 5.76432367250834 ], [ -73.236677710386573, 5.764706608622419 ], [ -73.237347203143031, 5.764945776992022 ], [ -73.237873214442516, 5.765089225349527 ], [ -73.238447080907633, 5.765328432320416 ], [ -73.239020906854364, 5.765471859566503 ], [ -73.239642567223882, 5.765663156566745 ], [ -73.240312062215139, 5.765902320439807 ], [ -73.240981598148153, 5.766237263514711 ], [ -73.241555526817024, 5.766620134992536 ], [ -73.241985974040915, 5.766907288649122 ], [ -73.242512049163054, 5.767194400325195 ], [ -73.242990270738119, 5.767385753715928 ], [ -73.243564120149358, 5.767577065781893 ], [ -73.244090095184731, 5.767624730038619 ], [ -73.244568255163017, 5.767672414351068 ], [ -73.245046436659095, 5.767767987795537 ], [ -73.245524680073743, 5.768007227627379 ], [ -73.245955109612851, 5.768246488606792 ], [ -73.246481167164234, 5.768485707838579 ], [ -73.247007163887588, 5.768581258881397 ], [ -73.247533118337515, 5.768581030376708 ], [ -73.247628746909982, 5.768580988777785 ], [ -73.248106908764782, 5.768628669163832 ], [ -73.248632863214482, 5.768628439640963 ], [ -73.249302260495199, 5.768628146817605 ], [ -73.249876050137743, 5.768675784718312 ], [ -73.250497780212811, 5.769010737182498 ], [ -73.251023904283159, 5.769393619730181 ], [ -73.251645804676855, 5.770111684231551 ], [ -73.251980736226983, 5.770638318883755 ], [ -73.252220019175297, 5.771117106201416 ], [ -73.252363694674784, 5.771643824424245 ], [ -73.25255529101571, 5.772409967968031 ], [ -73.252603317633486, 5.77288883994072 ], [ -73.252746952468556, 5.773319779904227 ], [ -73.253034008581722, 5.773702766506517 ], [ -73.253464487983365, 5.774037800427266 ], [ -73.253990469429766, 5.774085455227919 ], [ -73.254564179273927, 5.773941530166212 ], [ -73.254994402806119, 5.773701890803238 ], [ -73.255424583081947, 5.773366473053841 ], [ -73.255806948217696, 5.773031076506356 ], [ -73.255997990943229, 5.77255209737001 ], [ -73.256045569135097, 5.772025293273998 ], [ -73.256045311274192, 5.77145062210559 ], [ -73.256045096409707, 5.770971729004202 ], [ -73.256044860080237, 5.770444947306828 ], [ -73.256379150458315, 5.76953489986073 ], [ -73.256713699136299, 5.769199524336045 ], [ -73.257143939777109, 5.769007772996645 ], [ -73.257717622019698, 5.768815956406627 ], [ -73.258291282188679, 5.768576249767023 ], [ -73.258864876719031, 5.768192875017462 ], [ -73.259295028834742, 5.767809564173774 ], [ -73.259581738839813, 5.76742631935798 ], [ -73.259963966789996, 5.766803584238176 ], [ -73.260250544933058, 5.766133003119023 ], [ -73.260489286618167, 5.76541455516525 ], [ -73.26058465153011, 5.76483983941398 ], [ -73.260775644027603, 5.76426508077401 ], [ -73.260966614293409, 5.7636424325907 ], [ -73.261396695923906, 5.763115453673493 ], [ -73.261779051679923, 5.762780052553467 ], [ -73.262014979197374, 5.762205428552818 ], [ -73.262416394081527, 5.762406222756454 ], [ -73.262875535896342, 5.762693347132483 ], [ -73.263334678162153, 5.762980471114474 ], [ -73.263793714772362, 5.763037725765116 ], [ -73.264137812321508, 5.762692763305097 ], [ -73.263908122109569, 5.762290599695859 ], [ -73.263449086095591, 5.762233345108996 ], [ -73.262932515478894, 5.761831313636719 ], [ -73.262702746337425, 5.761256748424728 ], [ -73.263104246844648, 5.760969227150383 ], [ -73.263563281815834, 5.761026482065688 ], [ -73.263965020511307, 5.761256165124792 ], [ -73.264481511507768, 5.761485793730515 ], [ -73.264940573618333, 5.761600515420753 ], [ -73.265342073161605, 5.761312992613625 ], [ -73.265341859780108, 5.760853255668053 ], [ -73.265284270536199, 5.760393545423767 ], [ -73.265284057235419, 5.759933808461142 ], [ -73.26539859552696, 5.759474018076503 ], [ -73.265685288471389, 5.759071614482878 ], [ -73.265799826295847, 5.758611824026332 ], [ -73.266029142887248, 5.758209447025422 ], [ -73.266488068718729, 5.758036831656852 ], [ -73.266832483394808, 5.758381472678707 ], [ -73.267062174816601, 5.758783635141526 ], [ -73.267349241415786, 5.759185770586271 ], [ -73.267808275214861, 5.759243022132523 ], [ -73.267865436538159, 5.758783258290464 ], [ -73.267807844658819, 5.758323548352564 ], [ -73.267750253792599, 5.757863838396815 ], [ -73.267692663035746, 5.757404128423445 ], [ -73.267807172054802, 5.756886870625237 ], [ -73.268036486561641, 5.756484492890536 ], [ -73.26826577381172, 5.756024648071445 ], [ -73.268494978913282, 5.755392402165853 ], [ -73.268666862192276, 5.754875117204847 ], [ -73.268896175337829, 5.75447273916194 ], [ -73.269355151341074, 5.754415055642824 ], [ -73.269814208506887, 5.754529772750459 ], [ -73.270273292978459, 5.754701956474094 ], [ -73.270732214606539, 5.754529337859935 ], [ -73.27101890135873, 5.754126931805672 ], [ -73.271362961993304, 5.753724498337817 ], [ -73.271592272769794, 5.753322119305835 ], [ -73.271936360728546, 5.752977153417305 ], [ -73.272395335118176, 5.75291946661531 ], [ -73.272739749962, 5.753264105014864 ], [ -73.272854720256248, 5.7537237869401 ], [ -73.272854939405931, 5.75418352371554 ], [ -73.27245355814847, 5.754700919412301 ], [ -73.271994582346565, 5.754758605419909 ], [ -73.27153555190489, 5.75470135708531 ], [ -73.271134114616416, 5.755103817938732 ], [ -73.2711917622741, 5.755678462364813 ], [ -73.271593499927803, 5.755908139218889 ], [ -73.272167282153646, 5.755965332714027 ], [ -73.272683661674932, 5.755965086078959 ], [ -73.273142638343074, 5.755907399476769 ], [ -73.273716339084729, 5.75579219047853 ], [ -73.27423282854835, 5.756021810341394 ], [ -73.274692080938792, 5.756538793106245 ], [ -73.274749677167392, 5.756998502125555 ], [ -73.275036830924705, 5.75757303531617 ], [ -73.275495947835225, 5.757802681590761 ], [ -73.276012412059856, 5.757974833649769 ], [ -73.276069815382129, 5.758032272832452 ], [ -73.276299512068704, 5.758434431279454 ], [ -73.276299734167992, 5.758894167845597 ], [ -73.276242580562155, 5.759353932211695 ], [ -73.276472278845745, 5.759756090538417 ], [ -73.276931480666406, 5.760158136383609 ], [ -73.277275902677673, 5.760502771617894 ], [ -73.277734993989839, 5.760674949868587 ], [ -73.278194057599649, 5.760789659886086 ], [ -73.278653037348761, 5.760731968698963 ], [ -73.27882494159951, 5.760272148074364 ], [ -73.278423198135783, 5.760042475730813 ], [ -73.277964135096113, 5.759927765868042 ], [ -73.277447612811329, 5.759640681802182 ], [ -73.277332638359155, 5.759181001130344 ], [ -73.277561945924276, 5.75877861987135 ], [ -73.277963408860217, 5.758433622492419 ], [ -73.27842238676152, 5.758375930671491 ], [ -73.278766809406591, 5.758720565034366 ], [ -73.279111232466619, 5.759065199164979 ], [ -73.279570294991061, 5.759179908129795 ], [ -73.279914380360481, 5.758834937561062 ], [ -73.279971530964644, 5.758375172058948 ], [ -73.279856554811886, 5.757915491961228 ], [ -73.279970912175258, 5.757110897535654 ], [ -73.28008538270052, 5.756536169948561 ], [ -73.280142533026833, 5.756076405315071 ], [ -73.280486588993483, 5.755673967527798 ], [ -73.280773268284122, 5.755271556889284 ], [ -73.280887793222632, 5.754811763953114 ], [ -73.280944943698785, 5.754351999251071 ], [ -73.281174218653121, 5.753892149745241 ], [ -73.281690567628061, 5.753834427201696 ], [ -73.282092364455082, 5.754179031318472 ], [ -73.281977840598017, 5.754638824452911 ], [ -73.282207539844933, 5.755040980432682 ], [ -73.282494615627968, 5.75544310788689 ], [ -73.282953761004649, 5.755730215948859 ], [ -73.283298184575642, 5.7560748466463 ], [ -73.283470566895971, 5.756591965278858 ], [ -73.283183945844371, 5.757109311047941 ], [ -73.283069421500386, 5.757569104340803 ], [ -73.283471193363368, 5.757856239442958 ], [ -73.283930112984535, 5.757683610297875 ], [ -73.284216791609992, 5.757281198025623 ], [ -73.284446007786414, 5.756706413481083 ], [ -73.284445779226303, 5.756246677201602 ], [ -73.284502926009793, 5.755786912299754 ], [ -73.28433054305043, 5.755269794903882 ], [ -73.283928744155105, 5.754925192480528 ], [ -73.283641668580856, 5.754523065777164 ], [ -73.283411853861537, 5.753891042679356 ], [ -73.28339904070458, 5.753763343913647 ], [ -73.283354393379568, 5.753718669472448 ], [ -73.283009971263482, 5.753374037807532 ], [ -73.282608202873178, 5.7530869021694 ], [ -73.282206463205625, 5.75285723226142 ], [ -73.281804723851394, 5.752627562957798 ], [ -73.281460304214647, 5.752282930265949 ], [ -73.281402703285664, 5.751823222085818 ], [ -73.28180421475588, 5.751593156160197 ], [ -73.282205726797258, 5.751363089060646 ], [ -73.28243502887841, 5.750960706051387 ], [ -73.282434802162243, 5.750500969599102 ], [ -73.282033036126506, 5.750213832509189 ], [ -73.281574036984182, 5.750214059061477 ], [ -73.281115037823554, 5.750214285244795 ], [ -73.28077095724052, 5.75055925725934 ], [ -73.280369473253984, 5.75084679031022 ], [ -73.279910473538791, 5.750847015549766 ], [ -73.279508960848034, 5.751077080161394 ], [ -73.279566561065337, 5.751536788622047 ], [ -73.279796257314672, 5.751938945759491 ], [ -73.280025954799441, 5.752341102782736 ], [ -73.280198304796556, 5.752800754816121 ], [ -73.28031327999355, 5.753260434963238 ], [ -73.280370880253827, 5.75372014326598 ], [ -73.280485856711721, 5.75417982334767 ], [ -73.280428705875011, 5.754639588023622 ], [ -73.280027247965279, 5.754984587887122 ], [ -73.279568329138499, 5.75515721385932 ], [ -73.279453802167836, 5.755617006580394 ], [ -73.279281900553769, 5.756076827376546 ], [ -73.279052622348161, 5.756536676203837 ], [ -73.278708537749822, 5.756881647143132 ], [ -73.27866895434687, 5.756909995437354 ], [ -73.278593701967793, 5.756709302362196 ], [ -73.278593478109997, 5.756249565850567 ], [ -73.278708005882322, 5.755789773272511 ], [ -73.278879907890769, 5.755329952626596 ], [ -73.278879683857156, 5.754870216103996 ], [ -73.278649986054631, 5.754468058664884 ], [ -73.278477636711273, 5.754008406154867 ], [ -73.278133217205379, 5.75366377141512 ], [ -73.277846146236868, 5.753261641548306 ], [ -73.277673797033628, 5.752801988727754 ], [ -73.277673574067535, 5.752342252117217 ], [ -73.277669797092699, 5.752312107774003 ], [ -73.277788269235657, 5.752227262350516 ], [ -73.278017573920238, 5.7518248809601 ], [ -73.278246879195194, 5.751422499487262 ], [ -73.278246655822841, 5.750962762876895 ], [ -73.27824643246862, 5.750503026259366 ], [ -73.278246209132476, 5.750043289634277 ], [ -73.278418110015991, 5.749583469100628 ], [ -73.27853263595216, 5.749123676509214 ], [ -73.278417663158393, 5.748663995827087 ], [ -73.27807324705617, 5.748319360829555 ], [ -73.277728831368734, 5.747974726505277 ], [ -73.2777859839793, 5.747514961014531 ], [ -73.278244981108401, 5.747514737611937 ], [ -73.27870406206921, 5.747686915650149 ], [ -73.279105824716567, 5.747974055275108 ], [ -73.279163283279502, 5.748146428130099 ], [ -73.279450324374238, 5.748491090523146 ], [ -73.279852087953259, 5.748778228664662 ], [ -73.280253823816338, 5.749007900448476 ], [ -73.280712822044279, 5.749007675004634 ], [ -73.281171820254031, 5.749007449191879 ], [ -73.281630761945451, 5.748892289108596 ], [ -73.282089816618452, 5.749006996459798 ], [ -73.282491553466343, 5.749236665710669 ], [ -73.282893319006746, 5.749523802510168 ], [ -73.283123016650563, 5.749925958262452 ], [ -73.283582072402055, 5.750040664354515 ], [ -73.283983582610574, 5.749810596985981 ], [ -73.283868605331577, 5.74935091763291 ], [ -73.28358153188168, 5.748948790681652 ], [ -73.283810832086147, 5.748546407180868 ], [ -73.284269829803122, 5.748546178896277 ], [ -73.284728884619483, 5.748660884115338 ], [ -73.285187910997024, 5.748718122022183 ], [ -73.285646908796366, 5.748717892624143 ], [ -73.28610590657712, 5.748717662857359 ], [ -73.286335606964883, 5.74911981723244 ], [ -73.286507960836332, 5.749579467210594 ], [ -73.28696704563913, 5.749751637485588 ], [ -73.287426044195001, 5.749751406616213 ], [ -73.287885071614028, 5.749808643200936 ], [ -73.288229494267341, 5.750153271022725 ], [ -73.288114975141582, 5.750613065169659 ], [ -73.288459398434782, 5.750957693716998 ], [ -73.288918397896509, 5.750957461599569 ], [ -73.289377310229156, 5.750784828388589 ], [ -73.289721385500741, 5.750439851440035 ], [ -73.290180297152062, 5.750267217613555 ], [ -73.290639354311566, 5.750381917945958 ], [ -73.290926433307789, 5.750784041045222 ], [ -73.291385403292111, 5.75072634005295 ], [ -73.291729476356295, 5.750381361957125 ], [ -73.292073549909674, 5.750036383670079 ], [ -73.292417623048607, 5.749691405192834 ], [ -73.29246543527438, 5.749657162101471 ], [ -73.292448047307403, 5.749716796319944 ], [ -73.292290682923976, 5.750255840493821 ], [ -73.292859494050276, 5.750658174821297 ], [ -73.293153315063762, 5.750871337548745 ], [ -73.293218408996836, 5.750917584432614 ], [ -73.293164172115439, 5.751012763905635 ], [ -73.292820098695643, 5.751357742834386 ], [ -73.292361128411471, 5.751415444997292 ], [ -73.291902187309745, 5.751530613689624 ], [ -73.291443187510481, 5.751530848229322 ], [ -73.290984187692175, 5.75153108240022 ], [ -73.290525246166567, 5.75164625090855 ], [ -73.290066362659843, 5.751876351957151 ], [ -73.289664882773252, 5.752163891347493 ], [ -73.289263373442679, 5.752393962661699 ], [ -73.288804372843458, 5.752394195114334 ], [ -73.288402862980433, 5.75262426675198 ], [ -73.288230969469055, 5.753084089893832 ], [ -73.288632711507091, 5.753313754526062 ], [ -73.28903448197093, 5.753600886667243 ], [ -73.289264186486264, 5.754003039594693 ], [ -73.289665958648925, 5.754290170338948 ], [ -73.290124931604112, 5.754232470219108 ], [ -73.290124698581792, 5.753772734129882 ], [ -73.289780272558801, 5.753428107661705 ], [ -73.289894789876826, 5.752968313265228 ], [ -73.290296299322108, 5.752738240598717 ], [ -73.290755212583861, 5.752565606239614 ], [ -73.291214125552472, 5.752392970619667 ], [ -73.291673126052217, 5.752392736228671 ], [ -73.292132155854119, 5.752449968359883 ], [ -73.292591185729748, 5.752507201021899 ], [ -73.29305009802431, 5.752334563955628 ], [ -73.293509010026298, 5.752161927438124 ], [ -73.293968098759933, 5.752334091856824 ], [ -73.29442712865017, 5.752391322132667 ], [ -73.294886129016163, 5.752391085158138 ], [ -73.295287635885074, 5.752161010002908 ], [ -73.29543531202421, 5.751988264129125 ], [ -73.295743775781432, 5.752105500636219 ], [ -73.296048837304738, 5.752286393945099 ], [ -73.296319151998318, 5.752527641730239 ], [ -73.296572010018622, 5.75279418387413 ], [ -73.296818448977888, 5.753066684066312 ], [ -73.296889738590608, 5.753418693614208 ], [ -73.296863514820245, 5.753782416495199 ], [ -73.296738116682945, 5.754117611369168 ], [ -73.296573820419894, 5.754445155743213 ], [ -73.296569290184152, 5.754452404354879 ], [ -73.296559733173126, 5.754467694607683 ], [ -73.296436267448996, 5.75434416063564 ], [ -73.29603449209219, 5.754057033929428 ], [ -73.295632717131241, 5.753769906916773 ], [ -73.295230942566775, 5.753482780502566 ], [ -73.294771882156908, 5.753368083143926 ], [ -73.294255505970284, 5.753368349656228 ], [ -73.293796504794727, 5.753368586163617 ], [ -73.29333756249514, 5.753483756972287 ], [ -73.293050892281769, 5.753886173464764 ], [ -73.293395320463674, 5.754230797839341 ], [ -73.293854351850598, 5.754288028497399 ], [ -73.294084059954685, 5.754690179289355 ], [ -73.294428488332414, 5.755034803879369 ], [ -73.294887579653391, 5.755206968313757 ], [ -73.295346641575179, 5.755321664590383 ], [ -73.295640899001, 5.755489877456284 ], [ -73.29564272486374, 5.755487728968092 ], [ -73.295648689229722, 5.755491324118054 ], [ -73.295887214958498, 5.755730887106893 ], [ -73.296030200553844, 5.755970317674894 ], [ -73.296125350043553, 5.756257531180495 ], [ -73.296220499634899, 5.756544743757217 ], [ -73.296220107950319, 5.756831825851521 ], [ -73.296141768286247, 5.756894422173616 ], [ -73.295837822965325, 5.756792481647153 ], [ -73.295587270724695, 5.756612712176377 ], [ -73.295444400018823, 5.756289548123561 ], [ -73.29534407443083, 5.756289410941349 ], [ -73.295346156632377, 5.756281483053669 ], [ -73.295289740840587, 5.756241165988627 ], [ -73.294830678181029, 5.75612646970751 ], [ -73.29460138407768, 5.756528856386865 ], [ -73.294658996203509, 5.756988562604704 ], [ -73.294773983879793, 5.75744823914772 ], [ -73.294314949887109, 5.757391009370224 ], [ -73.294085241348341, 5.756988858772559 ], [ -73.293740811027533, 5.756644234953683 ], [ -73.293281807203357, 5.756644471181062 ], [ -73.293396793703948, 5.757104148067469 ], [ -73.293683878177717, 5.757506269415444 ], [ -73.294085654949413, 5.757793396774105 ], [ -73.293971139368296, 5.75825319181331 ], [ -73.29345478822006, 5.758310924698094 ], [ -73.293053040808275, 5.758081263777228 ], [ -73.292651293708957, 5.757851601650259 ], [ -73.292249782713554, 5.758081676066638 ], [ -73.292422144303828, 5.758541323739621 ], [ -73.292627820958103, 5.758829416929302 ], [ -73.292646315190211, 5.758833560436869 ], [ -73.292968719635041, 5.758869888583433 ], [ -73.292990037765435, 5.758885184634778 ], [ -73.293219271232999, 5.759049660087612 ], [ -73.293433895651503, 5.759301152350531 ], [ -73.293423399129892, 5.759394598909296 ], [ -73.293397624631893, 5.75962406975674 ], [ -73.293146482991233, 5.75987492201449 ], [ -73.293088230221258, 5.760164576930379 ], [ -73.293014868689852, 5.76017671889548 ], [ -73.292990037762308, 5.760172538840038 ], [ -73.292728308654205, 5.760128478117679 ], [ -73.292588603272293, 5.759894537441824 ], [ -73.292585324173274, 5.759889044928514 ], [ -73.292419006222758, 5.759788784038449 ], [ -73.291856286658458, 5.760225323983434 ], [ -73.291772822187909, 5.760175007619182 ], [ -73.291486327286691, 5.760078919333409 ], [ -73.291199701402093, 5.760078523752952 ], [ -73.291026510840538, 5.760107189094356 ], [ -73.290988600492597, 5.760208600869703 ], [ -73.291046210253569, 5.760668307522167 ], [ -73.291274677539718, 5.76106828617327 ], [ -73.291227227704383, 5.761113477591664 ], [ -73.291214278899929, 5.761126020136487 ], [ -73.291245958415743, 5.761179068966328 ], [ -73.291484550845382, 5.761370785940699 ], [ -73.291723209371924, 5.761514656835118 ], [ -73.291961868014937, 5.761658526717895 ], [ -73.292200526775332, 5.761802397398753 ], [ -73.292295674589127, 5.762089609724171 ], [ -73.292343051337241, 5.762376757850575 ], [ -73.29248597142805, 5.76266403701851 ], [ -73.29272462983829, 5.762807907447325 ], [ -73.292924079805516, 5.762808182312938 ], [ -73.29295374879581, 5.762918695326448 ], [ -73.292990038264463, 5.762914815975932 ], [ -73.293402618716584, 5.762870714330006 ], [ -73.293321292268445, 5.763033067108722 ], [ -73.293141805128982, 5.763284017355772 ], [ -73.292990038164817, 5.763496208853212 ], [ -73.292962316930527, 5.763534966647342 ], [ -73.292711221938873, 5.763749933173017 ], [ -73.292460176155885, 5.763929013087306 ], [ -73.292137670018349, 5.763964454202551 ], [ -73.291815360689611, 5.763856353619133 ], [ -73.29152950538662, 5.763919564245555 ], [ -73.291481129375086, 5.763858827046818 ], [ -73.291338144389613, 5.763619395406636 ], [ -73.291242995851064, 5.763332181115686 ], [ -73.291243390777367, 5.763045099867156 ], [ -73.291100472997641, 5.762757820363674 ], [ -73.290861880086254, 5.762566103260667 ], [ -73.290623287332778, 5.762374385143062 ], [ -73.290594572766338, 5.76236475530618 ], [ -73.289925577064196, 5.762573126292807 ], [ -73.289871280845205, 5.762590038328312 ], [ -73.289413281339193, 5.763300351170983 ], [ -73.289399948702226, 5.763306289252455 ], [ -73.289427488823435, 5.763473213430245 ], [ -73.289618244284611, 5.763712711805681 ], [ -73.289856903388227, 5.763856583444579 ], [ -73.290143399078943, 5.763952673361018 ], [ -73.290429829727145, 5.764096610004401 ], [ -73.290620585813144, 5.764336108912403 ], [ -73.290667961969746, 5.764623257188759 ], [ -73.290667565889635, 5.764910338435925 ], [ -73.290714942131217, 5.76519748579409 ], [ -73.290714546992433, 5.765484567034093 ], [ -73.290714150957228, 5.765771649176884 ], [ -73.290475029558195, 5.765962706073026 ], [ -73.290235842857612, 5.76620161065415 ], [ -73.290139903556053, 5.766488559595018 ], [ -73.29018727970589, 5.766775707892862 ], [ -73.290234655909842, 5.767062855276606 ], [ -73.290186488078859, 5.767349871270142 ], [ -73.290042843024253, 5.767588907173547 ], [ -73.289851427121221, 5.767827876873241 ], [ -73.289564731215364, 5.767875326635249 ], [ -73.289277903021912, 5.768018470909965 ], [ -73.289038846345306, 5.768161681288973 ], [ -73.288847428921713, 5.768400650677108 ], [ -73.288703783047595, 5.768639687180553 ], [ -73.288512365327335, 5.768878655561991 ], [ -73.288368720102198, 5.769117691989265 ], [ -73.288177302086297, 5.769356661174356 ], [ -73.288033654798596, 5.769595696621764 ], [ -73.287890009200794, 5.769834732036202 ], [ -73.287746362582993, 5.770073768323812 ], [ -73.287602715846958, 5.77031280276924 ], [ -73.287506774612723, 5.770599752230908 ], [ -73.287315355755254, 5.77083872115611 ], [ -73.287267187123405, 5.771125736048475 ], [ -73.287171244696765, 5.771412683651079 ], [ -73.287027598307873, 5.771651719778333 ], [ -73.286979427674169, 5.771938733744662 ], [ -73.287122413145198, 5.772178168207176 ], [ -73.287361008153027, 5.772369886675278 ], [ -73.287392332115473, 5.772464445059143 ], [ -73.28722780613748, 5.772777809597414 ], [ -73.287360213052352, 5.772944050079218 ], [ -73.287312043414431, 5.773231064962374 ], [ -73.287168394858725, 5.773470100225779 ], [ -73.286929269101677, 5.77366115489616 ], [ -73.286642503658982, 5.773756450210385 ], [ -73.286355805356209, 5.773803899412087 ], [ -73.286069038828259, 5.773899192635213 ], [ -73.285829978889012, 5.774042400893961 ], [ -73.285543146641999, 5.774185542550867 ], [ -73.285256514434536, 5.774185143426791 ], [ -73.285143422663225, 5.774147212270407 ], [ -73.285113197876626, 5.774184943810781 ], [ -73.284874137560905, 5.77432815077907 ], [ -73.284587505266188, 5.774327752226213 ], [ -73.284348910280642, 5.774136030792079 ], [ -73.284253409649864, 5.774104000246041 ], [ -73.284253432423043, 5.774088050680859 ], [ -73.284397147978495, 5.773801170111426 ], [ -73.284540796903343, 5.773562136395014 ], [ -73.284779922565633, 5.77337108088085 ], [ -73.284923572129514, 5.773132047076899 ], [ -73.284971742973198, 5.772845032335681 ], [ -73.284972141724779, 5.772557951028887 ], [ -73.284972539579542, 5.772270869719591 ], [ -73.284781784759673, 5.772031369903516 ], [ -73.284734411643228, 5.771744221999313 ], [ -73.284782583404024, 5.771457208165998 ], [ -73.28502177368938, 5.771218305697687 ], [ -73.285308539092341, 5.771123012146518 ], [ -73.285595169759915, 5.771123411320332 ], [ -73.285901537293569, 5.770992409379119 ], [ -73.28592977240578, 5.770980336190121 ], [ -73.286216602974491, 5.770837194406738 ], [ -73.286455727847908, 5.770646139158828 ], [ -73.286694917978537, 5.770407236031303 ], [ -73.286886336970383, 5.77016826730528 ], [ -73.287030050278759, 5.769881385240694 ], [ -73.287173697161677, 5.769642350024696 ], [ -73.287269638430132, 5.769355402419478 ], [ -73.287413351356292, 5.769068519364566 ], [ -73.287509357777765, 5.76873372393851 ], [ -73.287605297840685, 5.768446775378834 ], [ -73.287749010388325, 5.768159893154916 ], [ -73.287892655659846, 5.767920856875264 ], [ -73.288036301717739, 5.7676818205627 ], [ -73.288132242264965, 5.767394872830323 ], [ -73.288132638654758, 5.767107790640978 ], [ -73.288085264398035, 5.766820643934579 ], [ -73.287798766635206, 5.766724552142648 ], [ -73.287560107676313, 5.766580679689127 ], [ -73.287321515121789, 5.76638896114855 ], [ -73.287274141347098, 5.76610181434404 ], [ -73.287274538199597, 5.765814732120987 ], [ -73.287274935059372, 5.765527650799982 ], [ -73.287275331926367, 5.765240570380968 ], [ -73.28713241458405, 5.764953289831794 ], [ -73.287052934287829, 5.764913349222013 ], [ -73.287043878300608, 5.764908797158739 ], [ -73.286635811815358, 5.765169287962067 ], [ -73.286549461269374, 5.765277946589777 ], [ -73.28586599889735, 5.766137976066773 ], [ -73.285226527308396, 5.766614409678255 ], [ -73.285025755572804, 5.766573900575338 ], [ -73.284796795607633, 5.766372681854193 ], [ -73.284785297033181, 5.766364018699164 ], [ -73.284794912447865, 5.766357925111663 ], [ -73.284860239364093, 5.766318160621324 ], [ -73.284664758499275, 5.766231259814049 ], [ -73.284205775202736, 5.766288956020105 ], [ -73.283746791796091, 5.766346652765606 ], [ -73.283402703647425, 5.766691625666851 ], [ -73.283058615987102, 5.76703659928063 ], [ -73.28271452700767, 5.767381572703243 ], [ -73.282313004255286, 5.76761163966836 ], [ -73.281854019525781, 5.767669334041727 ], [ -73.281395006366836, 5.767669561134937 ], [ -73.280993511120982, 5.767957095023917 ], [ -73.280936360759199, 5.768416859576178 ], [ -73.280707051192053, 5.76881924213086 ], [ -73.280362960604293, 5.769164214232035 ], [ -73.279961435605003, 5.769394279630944 ], [ -73.279502533534696, 5.769624373850888 ], [ -73.279101007844645, 5.769854438671587 ], [ -73.278699481822173, 5.770084504128079 ], [ -73.278297983486539, 5.770372035334219 ], [ -73.277896456759038, 5.770602100252802 ], [ -73.277437524892207, 5.770774725051865 ], [ -73.276978509062587, 5.770774948703718 ], [ -73.27657698148289, 5.771005012727016 ], [ -73.276175481380903, 5.77129254250849 ], [ -73.275773981771806, 5.771580072927748 ], [ -73.275372480847807, 5.771867603080636 ], [ -73.274913519433198, 5.771982758983427 ], [ -73.274454585458784, 5.772155381464017 ], [ -73.273995595999281, 5.772213070608643 ], [ -73.273536606429275, 5.772270758481966 ], [ -73.273020211305209, 5.772271006587857 ], [ -73.272561221553246, 5.772328693681004 ], [ -73.272102259097551, 5.772443847358204 ], [ -73.271643269079618, 5.772501533721083 ], [ -73.271184306266377, 5.772616686672279 ], [ -73.270782775799887, 5.772846746762525 ], [ -73.270381271333235, 5.773134273539995 ], [ -73.269979766454924, 5.773421799145638 ], [ -73.269635665527517, 5.773766765143819 ], [ -73.269176701227366, 5.773881916536254 ], [ -73.268717736725932, 5.773997067566313 ], [ -73.268258717969161, 5.773997284303505 ], [ -73.267799699194882, 5.773997500670134 ], [ -73.267340680403208, 5.773997716666599 ], [ -73.266881715370801, 5.774112867140502 ], [ -73.266480181098927, 5.774342923405925 ], [ -73.266308263933297, 5.774802740745145 ], [ -73.266251100341037, 5.775262504305488 ], [ -73.266251314992758, 5.775722240984635 ], [ -73.266538391008453, 5.776124376232019 ], [ -73.266940141707209, 5.776354056526543 ], [ -73.267399216313436, 5.776468774694877 ], [ -73.267858318087008, 5.776640959445558 ], [ -73.26831733898689, 5.776640742933068 ], [ -73.268776359869264, 5.776640526049334 ], [ -73.26923540787169, 5.776697775750506 ], [ -73.269694455949832, 5.776755025981515 ], [ -73.270153558565141, 5.776927208833513 ], [ -73.270612606886345, 5.776984457404524 ], [ -73.271071709932414, 5.777156639491807 ], [ -73.271530785869231, 5.777271355156131 ], [ -73.271989807137174, 5.777271135653336 ], [ -73.272068221005895, 5.777271098119115 ], [ -73.272077967110192, 5.777310964659023 ], [ -73.272196002390501, 5.777294247244924 ], [ -73.272458599174286, 5.777173311396552 ], [ -73.272741353625861, 5.777072621274556 ], [ -73.273024022264849, 5.777032586291739 ], [ -73.273306634341168, 5.777032986209178 ], [ -73.273568917301475, 5.777134447099684 ], [ -73.273709880825891, 5.777377262595564 ], [ -73.273951892329819, 5.777539350279483 ], [ -73.274234589308776, 5.777479095360547 ], [ -73.27437623678918, 5.777236679388807 ], [ -73.274558200741922, 5.777034754936892 ], [ -73.274780481160406, 5.776873324682128 ], [ -73.275043019852262, 5.776792822706909 ], [ -73.275325631763735, 5.776793221626065 ], [ -73.27560827184584, 5.776773402888637 ], [ -73.275890911901627, 5.776753584011431 ], [ -73.276173580990758, 5.776713545669395 ], [ -73.276456164690842, 5.776734163352558 ], [ -73.276738748403886, 5.776754779084285 ], [ -73.277021303100696, 5.776795613093668 ], [ -73.277283870412759, 5.776694892586363 ], [ -73.277445703317426, 5.776452503170106 ], [ -73.277445875019566, 5.776329992641479 ], [ -73.277554539929781, 5.776304369973047 ], [ -73.277627949671285, 5.776048398136936 ], [ -73.277809941067972, 5.775826256100288 ], [ -73.278052377058714, 5.775685070283089 ], [ -73.278335046322127, 5.775645030896726 ], [ -73.278617684757251, 5.77562521069467 ], [ -73.278900324973108, 5.775605390352155 ], [ -73.279182937110534, 5.775605787381096 ], [ -73.279485678255298, 5.775646648280997 ], [ -73.279513463801436, 5.775658621223954 ], [ -73.27959285026958, 5.775630358232718 ], [ -73.279849008180577, 5.775667375725959 ], [ -73.2801316194234, 5.775667773187081 ], [ -73.28039421361558, 5.775546831971781 ], [ -73.28047535601371, 5.775263892715941 ], [ -73.280455564844317, 5.774980812296747 ], [ -73.280334813147476, 5.774717807299965 ], [ -73.28007255828652, 5.774596131111878 ], [ -73.279905484666699, 5.774571986781439 ], [ -73.279905702217491, 5.774416896574451 ], [ -73.279858332182926, 5.774129749082022 ], [ -73.27976318911999, 5.773842533682625 ], [ -73.27976359137358, 5.773555454070845 ], [ -73.279955012567257, 5.773316488415389 ], [ -73.280241845927435, 5.773173348620446 ], [ -73.280528612309467, 5.773078057398948 ], [ -73.280815244073551, 5.773078458933583 ], [ -73.28110180904946, 5.773126707223184 ], [ -73.281340334906588, 5.773366276093896 ], [ -73.281466544129728, 5.77346769116599 ], [ -73.281579600863324, 5.773481104174834 ], [ -73.282242312168819, 5.773559726131907 ], [ -73.281921373898342, 5.773882538070154 ], [ -73.281921155668272, 5.774852288253783 ], [ -73.281921251443748, 5.775029584035394 ], [ -73.28167708100807, 5.775203746548243 ], [ -73.281390247950242, 5.775346887088574 ], [ -73.281103413838309, 5.775490024776218 ], [ -73.280852359178823, 5.775669099027823 ], [ -73.28067286176065, 5.77592004389129 ], [ -73.280493365090081, 5.776170987798366 ], [ -73.280206531231102, 5.776314126869465 ], [ -73.279955475919905, 5.776493199846357 ], [ -73.279668640850502, 5.776636337754439 ], [ -73.279453313734734, 5.776887232019646 ], [ -73.279166429041027, 5.777066255315219 ], [ -73.278843865008923, 5.777137572200218 ], [ -73.278557030220213, 5.777280708667547 ], [ -73.278234667896868, 5.777208486314464 ], [ -73.277984115151298, 5.777028707582986 ], [ -73.277661550960033, 5.777100023802973 ], [ -73.277553609796996, 5.777422837944926 ], [ -73.277804113218053, 5.777638501587603 ], [ -73.277875317688711, 5.777961568451758 ], [ -73.277552702663513, 5.778068769359948 ], [ -73.27723039120815, 5.77796065991663 ], [ -73.276979838416025, 5.777780880747628 ], [ -73.276693001895467, 5.77792401811962 ], [ -73.276656718881611, 5.778246932965089 ], [ -73.276659274424389, 5.778258524656053 ], [ -73.276604050982485, 5.778240001940446 ], [ -73.276317417428174, 5.778239598406856 ], [ -73.276030782963403, 5.77823919382422 ], [ -73.275744147588568, 5.778238789097259 ], [ -73.275457514014818, 5.778238385129953 ], [ -73.275170880434132, 5.77823798011309 ], [ -73.274884044093938, 5.778381114791785 ], [ -73.274835866894307, 5.77866812798635 ], [ -73.274883234905758, 5.778955275954843 ], [ -73.274930602971665, 5.779242423913956 ], [ -73.274930199321034, 5.779529503581557 ], [ -73.274834249376454, 5.779816449388022 ], [ -73.274642822094222, 5.780055412568117 ], [ -73.274356052036296, 5.780150701011962 ], [ -73.274069552157187, 5.780054601654854 ], [ -73.273830892448927, 5.77991072360868 ], [ -73.273592231954979, 5.779766846361269 ], [ -73.273305799792922, 5.779622899683602 ], [ -73.273067207879933, 5.7794311752819 ], [ -73.272924296329961, 5.779143892034426 ], [ -73.272911937339131, 5.779068971028664 ], [ -73.272547163959757, 5.779040470583652 ], [ -73.272499248599615, 5.779036726088975 ], [ -73.271645092864389, 5.7789778509607 ], [ -73.271529998865901, 5.778970913110982 ], [ -73.270630123741284, 5.779292882316213 ], [ -73.270432747955226, 5.779430230929961 ], [ -73.270212162042128, 5.779513199627615 ], [ -73.2695236277753, 5.779513526714766 ], [ -73.269064523206623, 5.779341342552755 ], [ -73.268490581271749, 5.778996812293826 ], [ -73.268088828990869, 5.778767133231611 ], [ -73.267457348716334, 5.778077825364107 ], [ -73.267112920347472, 5.777733185525449 ], [ -73.267112893418869, 5.777675718562534 ], [ -73.266596332775634, 5.777331158360312 ], [ -73.266079826387511, 5.777101531594724 ], [ -73.265506076681106, 5.777159266912065 ], [ -73.264645571455446, 5.777504471106852 ], [ -73.263957384345758, 5.778251863857065 ], [ -73.263211898207032, 5.779171683357617 ], [ -73.262810491383448, 5.779689073024031 ], [ -73.262351626574969, 5.78003408799259 ], [ -73.261663275070305, 5.780436675371845 ], [ -73.261376570055916, 5.780839077256815 ], [ -73.260917782393392, 5.78135649208906 ], [ -73.260631101792058, 5.781816360614869 ], [ -73.260229638276314, 5.782218814627583 ], [ -73.259426447774899, 5.782449050162938 ], [ -73.258852691730283, 5.782506779024288 ], [ -73.258164179260405, 5.782564559500315 ], [ -73.257705153212839, 5.782564768026134 ], [ -73.257131473732102, 5.782794897064434 ], [ -73.256615250549146, 5.783197400611925 ], [ -73.256156456585643, 5.783714811832795 ], [ -73.255410949734369, 5.784634621803377 ], [ -73.254894800846102, 5.785209524901518 ], [ -73.254321221086684, 5.785669519270527 ], [ -73.253804993287758, 5.786072020424513 ], [ -73.253231335056626, 5.78635961272704 ], [ -73.252715080321764, 5.786704645929888 ], [ -73.252026662733385, 5.786992287259181 ], [ -73.25139570013107, 5.787452304309227 ], [ -73.250879518355589, 5.787969736970922 ], [ -73.250363437697388, 5.788717038169409 ], [ -73.250019417461374, 5.789291861117761 ], [ -73.249388525351605, 5.789924278042122 ], [ -73.248987022913468, 5.790269256662384 ], [ -73.248126462034122, 5.790556969957152 ], [ -73.247667429183423, 5.790557170643922 ], [ -73.247208371338843, 5.790499903931675 ], [ -73.246806617748405, 5.790270209877633 ], [ -73.246749039345332, 5.789810497699477 ], [ -73.246978381285487, 5.789408127668651 ], [ -73.247379834439698, 5.788948215469134 ], [ -73.247838640701389, 5.788430810908665 ], [ -73.248297496285943, 5.788028340059327 ], [ -73.248813729911831, 5.787625844602985 ], [ -73.249215255829426, 5.787338332269428 ], [ -73.249731437731782, 5.7868209010702 ], [ -73.250132785823894, 5.786131118055835 ], [ -73.250591460839019, 5.785326375403201 ], [ -73.250878125186205, 5.784809044545057 ], [ -73.251107411582723, 5.784291738940681 ], [ -73.251680840344989, 5.783486944708557 ], [ -73.252197067465943, 5.783084446391911 ], [ -73.252598512004454, 5.782624530772694 ], [ -73.252885174133837, 5.782107198084759 ], [ -73.252884944519224, 5.78158999399875 ] ] ] ] } },
{ "type": "Feature", "properties": { "fid": 122532, "Shape_Area": 9.6121931969000003e-05, "area_ha": 117.54678918045734, "tipo": "hidrica", "clas": "terraceo y laminar", "gra": "moderada" }, "geometry": { "type": "MultiPolygon", "coordinates": [ [ [ [ -73.197168549622063, 5.775635465673588 ], [ -73.196709507379296, 5.775578157442567 ], [ -73.196307961598563, 5.775865633470232 ], [ -73.196193363453006, 5.776325412042468 ], [ -73.195964010421449, 5.776785230168571 ], [ -73.19567729799553, 5.777302535222304 ], [ -73.195390546567353, 5.777704905627957 ], [ -73.194702088425743, 5.777935010987221 ], [ -73.194243005338819, 5.777762766304704 ], [ -73.194070715083683, 5.777303086129393 ], [ -73.194185294648378, 5.776785840675416 ], [ -73.194529444790703, 5.776440918477988 ], [ -73.194931011552399, 5.776210910928455 ], [ -73.195102987508449, 5.775751112885416 ], [ -73.194988074892763, 5.775291413264313 ], [ -73.194701048341358, 5.774889239844583 ], [ -73.194471400685529, 5.774487046638001 ], [ -73.194471243936164, 5.774027307607696 ], [ -73.194413708805996, 5.773567588189223 ], [ -73.194413552128367, 5.773107849142605 ], [ -73.194585528558832, 5.772648051223371 ], [ -73.195044509340732, 5.772532959460932 ], [ -73.195446073184314, 5.772302952521045 ], [ -73.195790200206488, 5.771900562357587 ], [ -73.196019531809782, 5.771383277018572 ], [ -73.196191505553315, 5.770923478647603 ], [ -73.196420876882257, 5.77052112768763 ], [ -73.196707605225185, 5.770061289541388 ], [ -73.197109126061719, 5.769716346053542 ], [ -73.197568004482719, 5.769313915112548 ], [ -73.197969525171857, 5.768968971044046 ], [ -73.198371025406459, 5.768566559441354 ], [ -73.198887359009063, 5.76839397743754 ], [ -73.199346395606142, 5.768451284116054 ], [ -73.200092338137551, 5.76856595689361 ], [ -73.200551334588624, 5.768508328078838 ], [ -73.200780701872191, 5.768105975466653 ], [ -73.200837876667038, 5.767531281754657 ], [ -73.20066558363385, 5.767071603488716 ], [ -73.200206467472242, 5.766784427890173 ], [ -73.19974733166714, 5.766439785544605 ], [ -73.199288316716206, 5.766439946395678 ], [ -73.19882940178195, 5.766727443206719 ], [ -73.198714808172952, 5.767187222301516 ], [ -73.198485440655077, 5.767589574131591 ], [ -73.198026423841213, 5.76758973399734 ], [ -73.197509991286779, 5.767474978866062 ], [ -73.197050975441471, 5.767475137941858 ], [ -73.196993757173743, 5.76793489686662 ], [ -73.196649653113809, 5.76839475497394 ], [ -73.196190715493742, 5.768624783371365 ], [ -73.195846571848335, 5.7689697055701 ], [ -73.195445069500011, 5.769372115456804 ], [ -73.194986150218995, 5.769659610191127 ], [ -73.194642004315256, 5.770004532600012 ], [ -73.19458478391482, 5.770464291316102 ], [ -73.194584960251973, 5.770981497672778 ], [ -73.194527778913653, 5.771556190914396 ], [ -73.193954160487579, 5.772016125917901 ], [ -73.193495101917847, 5.771901347701771 ], [ -73.193036004640021, 5.771671633652261 ], [ -73.192691624381609, 5.771326945803821 ], [ -73.19266234953966, 5.771209832868294 ], [ -73.192756089523243, 5.77120980111431 ], [ -73.193174365102948, 5.770910349717155 ], [ -73.193413295477967, 5.770491235211352 ], [ -73.193413112915493, 5.769952479033066 ], [ -73.19347271859624, 5.769473563522411 ], [ -73.193831223725624, 5.769174131995726 ], [ -73.194189729380241, 5.768874700252354 ], [ -73.194608022906721, 5.768635109756644 ], [ -73.194906739554654, 5.76827583702152 ], [ -73.195085899826722, 5.76785674231661 ], [ -73.195025968500772, 5.767377867614584 ], [ -73.19496603728868, 5.766898992894767 ], [ -73.195204964743652, 5.766479878583709 ], [ -73.195683063810407, 5.766359990654621 ], [ -73.196101375418948, 5.766180261021304 ], [ -73.196459878008227, 5.765880827920569 ], [ -73.19681838021944, 5.765581394603885 ], [ -73.197356245666185, 5.765461484642799 ], [ -73.197834385740407, 5.76546131873215 ], [ -73.198312546582088, 5.765521014310423 ], [ -73.198730980740606, 5.765700454122737 ], [ -73.199089690238452, 5.76599963829068 ], [ -73.199508125880755, 5.766179077508127 ], [ -73.199986266492999, 5.766178909769735 ], [ -73.200464386081819, 5.766118879748603 ], [ -73.200822885348714, 5.765819443980718 ], [ -73.201061807997121, 5.765400326454085 ], [ -73.201121406891218, 5.764921411206672 ], [ -73.2011810056988, 5.764442495043625 ], [ -73.201419927538552, 5.764023377375736 ], [ -73.201778425910504, 5.763723941047374 ], [ -73.202376034516931, 5.76354414338067 ], [ -73.202854172839295, 5.763543973311585 ], [ -73.203332332447644, 5.763603664717152 ], [ -73.203735670240746, 5.763776627378945 ], [ -73.203418632276794, 5.764139790794729 ], [ -73.203304042840443, 5.764599570708071 ], [ -73.203361583043545, 5.765059289156625 ], [ -73.203476500905253, 5.765518987089138 ], [ -73.203763568645229, 5.766036090663192 ], [ -73.204280000948017, 5.766150840129114 ], [ -73.204738994925776, 5.766093208015945 ], [ -73.20514055018657, 5.765863193571306 ], [ -73.205599502454561, 5.765690626287835 ], [ -73.206001057070182, 5.765460612160268 ], [ -73.205943514700721, 5.765000894061643 ], [ -73.20554179497185, 5.764771169274184 ], [ -73.205140075559541, 5.764541445095347 ], [ -73.204910425108721, 5.764139256066244 ], [ -73.20496763670269, 5.76367949652024 ], [ -73.205254353867417, 5.763219654318959 ], [ -73.205598427173754, 5.762702323124188 ], [ -73.205770391637088, 5.762242522079305 ], [ -73.205942354931551, 5.761782720985195 ], [ -73.206401324450837, 5.761667620406001 ], [ -73.206630975777955, 5.762069808866499 ], [ -73.206459053581398, 5.762644544641034 ], [ -73.206459323470824, 5.763391620648292 ], [ -73.206459489574229, 5.76385135951125 ], [ -73.206631786145635, 5.764311035945582 ], [ -73.206918814412916, 5.764713203389647 ], [ -73.207435183447274, 5.764655548302358 ], [ -73.207836715660449, 5.764368064781479 ], [ -73.207894071268527, 5.76431057660335 ], [ -73.208066076148839, 5.763965709416823 ], [ -73.20823801709912, 5.763448440466675 ], [ -73.208524711399605, 5.762931129475248 ], [ -73.208926157828671, 5.762413776281051 ], [ -73.209442482409088, 5.762241184074014 ], [ -73.210131062262576, 5.7624133331704 ], [ -73.210475469183621, 5.762815477628067 ], [ -73.210418262102507, 5.763275237578512 ], [ -73.210361054942496, 5.763734997518668 ], [ -73.209959587847038, 5.764194884456288 ], [ -73.209500722495534, 5.764597325004047 ], [ -73.209099191004725, 5.76488480876634 ], [ -73.208697659104985, 5.765172293162266 ], [ -73.208181394486644, 5.765517286484908 ], [ -73.2077224432104, 5.765689855817016 ], [ -73.207263449941991, 5.765747490313515 ], [ -73.206861895669135, 5.765977506223123 ], [ -73.206747308712352, 5.766437286714108 ], [ -73.206575447838304, 5.767184424190646 ], [ -73.206575489413979, 5.767299359569563 ], [ -73.20657565572435, 5.767759098366241 ], [ -73.206346335176988, 5.768276387640981 ], [ -73.206059594872613, 5.768678763134403 ], [ -73.205485907117861, 5.768908839533083 ], [ -73.205026931621944, 5.769023939559474 ], [ -73.204567976521616, 5.769196507367155 ], [ -73.204166439272228, 5.76948398780911 ], [ -73.203707463014609, 5.76959908769976 ], [ -73.203191068576189, 5.76959927232366 ], [ -73.202617256263068, 5.769484541513179 ], [ -73.20198608655005, 5.769427298638561 ], [ -73.201527109836434, 5.769542396784686 ], [ -73.201125550495021, 5.769772407888183 ], [ -73.201297865051515, 5.770289553180305 ], [ -73.201699627756454, 5.770634215337054 ], [ -73.202101370593425, 5.770921409943639 ], [ -73.202560491053987, 5.771208582917041 ], [ -73.203019611969069, 5.771495756406296 ], [ -73.203536090118803, 5.771725440834416 ], [ -73.203995170832343, 5.771897679025244 ], [ -73.204511732105402, 5.772357232380443 ], [ -73.204913518811622, 5.772759359355007 ], [ -73.205028438777049, 5.7732190567516 ], [ -73.205200736403356, 5.773678733408872 ], [ -73.205659839883765, 5.773908436492945 ], [ -73.206233533420175, 5.773678359781854 ], [ -73.206692616463044, 5.773850594793714 ], [ -73.206348475441246, 5.774195524076333 ], [ -73.205889516673949, 5.774368092147995 ], [ -73.205430536919039, 5.774483192631294 ], [ -73.204914179410025, 5.774598314337595 ], [ -73.204455199246638, 5.774713414046175 ], [ -73.204225832112741, 5.775115768049091 ], [ -73.203939087912602, 5.775518142552073 ], [ -73.203537545993981, 5.775805622654559 ], [ -73.203021125471878, 5.775748340089194 ], [ -73.203020961795346, 5.775288601318778 ], [ -73.203192930891646, 5.774828801048045 ], [ -73.203594472321981, 5.774541321197091 ], [ -73.203823818254705, 5.774081500200339 ], [ -73.203938409807051, 5.773621720282733 ], [ -73.20376605072164, 5.772989640594403 ], [ -73.203479020251336, 5.772587471746306 ], [ -73.203019959565324, 5.77247270130141 ], [ -73.202503480016503, 5.772243016427467 ], [ -73.202044440127565, 5.772185711515874 ], [ -73.201585359713363, 5.772013472644744 ], [ -73.201126259309603, 5.771783766145063 ], [ -73.200839211064363, 5.771324127706976 ], [ -73.200724273764308, 5.770806962051097 ], [ -73.200379889560395, 5.770462279891433 ], [ -73.199863554606225, 5.770634863285977 ], [ -73.199519411182507, 5.770979788552609 ], [ -73.199290041907545, 5.771382140686796 ], [ -73.198945898593365, 5.771727064719244 ], [ -73.198544396631178, 5.772129476745647 ], [ -73.198315026220826, 5.772531828509955 ], [ -73.198143053769684, 5.772991627455212 ], [ -73.198085855939212, 5.773508853644557 ], [ -73.198143393105283, 5.773968572592423 ], [ -73.198200970317146, 5.774543226933247 ], [ -73.198258507708374, 5.775002945845642 ], [ -73.198545556775798, 5.775462584629736 ], [ -73.198775227698263, 5.775922243312948 ], [ -73.19906229772505, 5.776439349036309 ], [ -73.199464144017441, 5.777013881566859 ], [ -73.199808572064796, 5.777473499470432 ], [ -73.200210359301309, 5.777875629686662 ], [ -73.200497391219301, 5.778277800097783 ], [ -73.2007270851405, 5.77879492508805 ], [ -73.200555112944471, 5.779254724660177 ], [ -73.200153566669826, 5.779542203390577 ], [ -73.199694561326851, 5.779599832170732 ], [ -73.199235596064, 5.779772395059524 ], [ -73.199006224164918, 5.78017474708372 ], [ -73.198938908312641, 5.780174770663791 ], [ -73.198547198141796, 5.780174907717537 ], [ -73.198317544665713, 5.779772716304933 ], [ -73.198259986621338, 5.779255530250964 ], [ -73.198087692675813, 5.778795851443022 ], [ -73.197858000208726, 5.778278725303608 ], [ -73.19757093027016, 5.777761618999534 ], [ -73.197455975411629, 5.777186984587502 ], [ -73.197455776376444, 5.776612311182248 ], [ -73.197455577361325, 5.776037637765342 ], [ -73.197168549622063, 5.775635465673588 ] ] ] ] } },
{ "type": "Feature", "properties": { "fid": 122575, "Shape_Area": 6.5850107365000003e-05, "area_ha": 80.526127647705735, "tipo": "hidrica", "clas": "terraceo y laminar", "gra": "moderada" }, "geometry": { "type": "MultiPolygon", "coordinates": [ [ [ [ -73.267754018271035, 5.790219917635284 ], [ -73.268005185247318, 5.789969081099741 ], [ -73.268113134857003, 5.789646270357537 ], [ -73.268077764688428, 5.789323254052988 ], [ -73.26782726211178, 5.789107586274554 ], [ -73.267504689606483, 5.789178896170881 ], [ -73.267217846678591, 5.789322026364061 ], [ -73.266966782373743, 5.789501092169473 ], [ -73.266715614212387, 5.78975192916613 ], [ -73.266464497692539, 5.789966880411214 ], [ -73.266284990412828, 5.790217818397366 ], [ -73.266141259958715, 5.79050469213422 ], [ -73.265961701383958, 5.790791515676005 ], [ -73.265710635127164, 5.790970580964483 ], [ -73.265460080721141, 5.790790796890064 ], [ -73.265568031932162, 5.79046798656816 ], [ -73.265747541419614, 5.790217048792158 ], [ -73.265927099937983, 5.789930226220577 ], [ -73.265932818654562, 5.789873761122578 ], [ -73.265965790666542, 5.789824380186246 ], [ -73.26608942900009, 5.789536583776965 ], [ -73.266130916091072, 5.789248670240568 ], [ -73.266090251160904, 5.788960637779439 ], [ -73.265967374952766, 5.788713628215874 ], [ -73.266008862064552, 5.788425713774927 ], [ -73.2661735166688, 5.788179115044557 ], [ -73.266379188599785, 5.787973713942904 ], [ -73.266502767918098, 5.787727056582924 ], [ -73.266585329685938, 5.787439200638175 ], [ -73.266585740559378, 5.787151227630773 ], [ -73.266627227279059, 5.786863314053335 ], [ -73.266832897681354, 5.786657912807811 ], [ -73.267079587145929, 5.786493709118247 ], [ -73.2673670576321, 5.786535259449067 ], [ -73.267654529056301, 5.786576807821973 ], [ -73.267735243991012, 5.786600029830822 ], [ -73.267905843076562, 5.78652250738071 ], [ -73.268010164116788, 5.786464267167844 ], [ -73.26803669582813, 5.786449455310674 ], [ -73.268316537092062, 5.786293227420344 ], [ -73.268353341817544, 5.786207552580834 ], [ -73.268476978217791, 5.785919755706857 ], [ -73.268600672796367, 5.785590819682682 ], [ -73.268601081788233, 5.785302846702791 ], [ -73.268601490786409, 5.785014873720115 ], [ -73.268601765503377, 5.784821486880787 ], [ -73.268676594335204, 5.784760758214418 ], [ -73.268861040475315, 5.784166863476571 ], [ -73.268925617477748, 5.784053555110859 ], [ -73.26904492951337, 5.783574606982597 ], [ -73.268984934210948, 5.78309574290671 ], [ -73.268626178716943, 5.782796604936891 ], [ -73.268327164387642, 5.782437576922462 ], [ -73.268207400913411, 5.781958741856442 ], [ -73.267848646548885, 5.781659603331093 ], [ -73.26748989255799, 5.781360464558702 ], [ -73.267071399059375, 5.781121215212124 ], [ -73.267130943367988, 5.780642294589143 ], [ -73.267608839841046, 5.780103316342945 ], [ -73.268086989789367, 5.780103090876025 ], [ -73.268565196149211, 5.78022258812365 ], [ -73.269043346159833, 5.780222361847052 ], [ -73.269402099272725, 5.780521498740995 ], [ -73.269641372707611, 5.780940416159638 ], [ -73.269761137119758, 5.781419251799207 ], [ -73.270000411219314, 5.781838169023501 ], [ -73.26988110029265, 5.782317117327239 ], [ -73.269642222807931, 5.782736261747743 ], [ -73.269702218608018, 5.783215125736206 ], [ -73.270001234201686, 5.783574152957328 ], [ -73.270479415402463, 5.78363378688249 ], [ -73.27065892187818, 5.784052731299823 ], [ -73.27053961113478, 5.784531680605596 ], [ -73.270430414412374, 5.784663045068214 ], [ -73.270389401835644, 5.7846436235846 ], [ -73.270278545231406, 5.785047333268778 ], [ -73.270183232273155, 5.785717827865142 ], [ -73.270016219658601, 5.786436245081859 ], [ -73.270398982333006, 5.786938899459528 ], [ -73.271044719720237, 5.787417483703791 ], [ -73.271881526947197, 5.787488916957955 ], [ -73.272526956524644, 5.787320995691346 ], [ -73.27288547005088, 5.787105321467266 ], [ -73.273186696176708, 5.786746862507698 ], [ -73.273289969088864, 5.786565654388767 ], [ -73.273289739148822, 5.786086762211482 ], [ -73.273110230064219, 5.785667817872024 ], [ -73.272811211425676, 5.785308793363754 ], [ -73.272751212723563, 5.784829929871989 ], [ -73.273109684432882, 5.784530449789997 ], [ -73.273587837879404, 5.784530219516967 ], [ -73.274065962491477, 5.784470127319082 ], [ -73.27448423034383, 5.78423047906864 ], [ -73.274663335645698, 5.783811361692983 ], [ -73.274902209749939, 5.783392216233494 ], [ -73.275320477354512, 5.783152567411662 ], [ -73.275798658545511, 5.783212196847444 ], [ -73.276050374069825, 5.783320096939519 ], [ -73.276335961462678, 5.783416183872419 ], [ -73.276900185710076, 5.783425486469127 ], [ -73.277206184107285, 5.783387026158664 ], [ -73.277640103350677, 5.783428599349406 ], [ -73.277639789963132, 5.783651323164065 ], [ -73.27786726644905, 5.783822694944661 ], [ -73.278094742166331, 5.783994066626519 ], [ -73.278322218019241, 5.784165439114815 ], [ -73.278549694006642, 5.784336810599257 ], [ -73.278834178940201, 5.784451244549416 ], [ -73.27911866488688, 5.784565680160426 ], [ -73.279403071394825, 5.7847371309756 ], [ -73.279687715719319, 5.78473753196613 ], [ -73.279972361843932, 5.784737931908069 ], [ -73.280257007058708, 5.784738331707558 ], [ -73.280541812939077, 5.784624697048855 ], [ -73.280826538392262, 5.784568080313761 ], [ -73.281111262877573, 5.784511461629052 ], [ -73.281230782409011, 5.78460150236981 ], [ -73.281326248983646, 5.785508476312714 ], [ -73.281387218405257, 5.786283881699148 ], [ -73.280685032444694, 5.786449455396507 ], [ -73.28002918709484, 5.786604101144064 ], [ -73.279702839941535, 5.786526555101091 ], [ -73.279477676009947, 5.786368224830426 ], [ -73.279217427686717, 5.786249305968454 ], [ -73.278933407235968, 5.786201484773983 ], [ -73.278649318778946, 5.786201085882055 ], [ -73.278365197634116, 5.786224395808802 ], [ -73.278104650845989, 5.786318870651144 ], [ -73.2778676783322, 5.786484511350352 ], [ -73.277677953411967, 5.786721348886772 ], [ -73.277606530789569, 5.787005774442434 ], [ -73.277606131037373, 5.787290300084749 ], [ -73.277724134709331, 5.787551282360027 ], [ -73.277936934814591, 5.787741265995805 ], [ -73.278197216279978, 5.787836474649168 ], [ -73.278220490283957, 5.788121033908567 ], [ -73.278133899736304, 5.788218322137027 ], [ -73.277190905887892, 5.78827963168078 ], [ -73.276160873748665, 5.78808491310707 ], [ -73.27545162435166, 5.788471601238712 ], [ -73.274673717839562, 5.788728194954444 ], [ -73.273720331412335, 5.78878642775328 ], [ -73.273689462391417, 5.788848041761071 ], [ -73.273565885137828, 5.789094702353452 ], [ -73.273442249844891, 5.789382501121736 ], [ -73.273318674182804, 5.789629159855338 ], [ -73.273195096610834, 5.789875820375812 ], [ -73.27298942569621, 5.790081223853292 ], [ -73.272742736549333, 5.790245430085236 ], [ -73.272455263006407, 5.790203882590504 ], [ -73.272208981603114, 5.790080115749674 ], [ -73.271921567117602, 5.789997428868844 ], [ -73.271634034773967, 5.789997020963824 ], [ -73.271346503327209, 5.78999661200794 ], [ -73.271058796653904, 5.790119620241228 ], [ -73.270771265131941, 5.790119210996181 ], [ -73.27075677057536, 5.790123335626561 ], [ -73.270736530789236, 5.790208850658416 ], [ -73.269965592918197, 5.790336601149534 ], [ -73.269307445008678, 5.790248072935753 ], [ -73.269151488961143, 5.790150141865411 ], [ -73.268829018594829, 5.790149682154379 ], [ -73.268623713971579, 5.790217897233504 ], [ -73.268578056128092, 5.790256979187859 ], [ -73.26854176712618, 5.790579892724111 ], [ -73.268612968359605, 5.790902959869982 ], [ -73.268648338066214, 5.791225975200177 ], [ -73.268468831410132, 5.79147691384037 ], [ -73.268146206822621, 5.791584108890731 ], [ -73.267823633878606, 5.791655418120172 ], [ -73.267500959067036, 5.791798497550417 ], [ -73.267321450815132, 5.792049435854494 ], [ -73.267070333562003, 5.792264387386638 ], [ -73.26681926704822, 5.792443454075567 ], [ -73.26649664337333, 5.792550647317228 ], [ -73.266174171578257, 5.79255018615936 ], [ -73.265851802661473, 5.792477954428534 ], [ -73.265673012013963, 5.792226503139943 ], [ -73.265780963337022, 5.791903691881714 ], [ -73.266032029065229, 5.791724626550433 ], [ -73.266070655312035, 5.791697077680226 ], [ -73.266067910795869, 5.791688792867376 ], [ -73.266247418608941, 5.791437854937044 ], [ -73.266462757885392, 5.791186967990257 ], [ -73.266749653782369, 5.791007953394796 ], [ -73.266964991770635, 5.790757066271453 ], [ -73.267216109329979, 5.790542114803088 ], [ -73.267467173995215, 5.790363047971141 ], [ -73.267754018271035, 5.790219917635284 ] ] ] ] } },
{ "type": "Feature", "properties": { "fid": 122589, "Shape_Area": 6.5085461942999997e-05, "area_ha": 79.590357140127466, "tipo": "hidrica", "clas": "terraceo y laminar", "gra": "moderada" }, "geometry": { "type": "MultiPolygon", "coordinates": [ [ [ [ -73.256835369847408, 5.797833336047063 ], [ -73.256589149994625, 5.797668423298717 ], [ -73.256384125211355, 5.79742129228066 ], [ -73.256302387803828, 5.797133200672135 ], [ -73.25638495685871, 5.79684534782325 ], [ -73.256631712058038, 5.796640011065335 ], [ -73.256693370815583, 5.79660924598187 ], [ -73.256837034023135, 5.796681448080392 ], [ -73.257083195310656, 5.796887498983494 ], [ -73.25737061060596, 5.796970193309505 ], [ -73.257658204043025, 5.796929470956911 ], [ -73.257765803947393, 5.796822017571344 ], [ -73.257752262903182, 5.796767438247571 ], [ -73.257716847375889, 5.796480306794194 ], [ -73.257645600836042, 5.796193124662409 ], [ -73.257646014641637, 5.795906045677839 ], [ -73.257610599241161, 5.79561891510906 ], [ -73.257539352881224, 5.795331732043337 ], [ -73.257575596838763, 5.795044704634336 ], [ -73.257611841669984, 5.794757678126359 ], [ -73.257791302750093, 5.794542628355657 ], [ -73.258042269323596, 5.794435335935589 ], [ -73.258328859083406, 5.794471635799994 ], [ -73.258543581191248, 5.794651370603617 ], [ -73.258650658022589, 5.794938605050334 ], [ -73.258618763392633, 5.795191190151741 ], [ -73.258681811131396, 5.795230781909879 ], [ -73.258609685277122, 5.795553641698916 ], [ -73.258358615425777, 5.795732703899944 ], [ -73.258107440664105, 5.795983534608808 ], [ -73.258178635939203, 5.796306603243409 ], [ -73.258429188889409, 5.796486389592246 ], [ -73.258751817397865, 5.796379201693185 ], [ -73.258931329933262, 5.796128265908692 ], [ -73.25918245206924, 5.795913319605404 ], [ -73.259505130575008, 5.79577024563639 ], [ -73.259827551193666, 5.795806596167154 ], [ -73.260150075433785, 5.795771177005349 ], [ -73.260365418157789, 5.795520293122081 ], [ -73.26040171291902, 5.79519737993877 ], [ -73.260258805099568, 5.794910095357238 ], [ -73.260008251419379, 5.794730307992836 ], [ -73.259908589618419, 5.79466772466958 ], [ -73.259879878325251, 5.794464342757578 ], [ -73.25971592887106, 5.794217272825051 ], [ -73.259510844257989, 5.79401128205734 ], [ -73.259470182210009, 5.793723249937955 ], [ -73.259470597450843, 5.79343527774023 ], [ -73.259471010890763, 5.793147306445405 ], [ -73.259553577830388, 5.792859452286393 ], [ -73.259636143788725, 5.792571598116751 ], [ -73.259572415440857, 5.792346984805306 ], [ -73.259554405560436, 5.792283507875482 ], [ -73.259349321732032, 5.79207751700153 ], [ -73.259103043897824, 5.791953744381431 ], [ -73.258815512084254, 5.791953329114676 ], [ -73.258702472910954, 5.792009730938162 ], [ -73.258568877681739, 5.792076390244858 ], [ -73.258281227747375, 5.792158252104059 ], [ -73.258075552217349, 5.792363648628736 ], [ -73.257869874732364, 5.792569046894585 ], [ -73.257746290627722, 5.792815701643121 ], [ -73.257540613765343, 5.793021098893405 ], [ -73.257293921324447, 5.793185297742241 ], [ -73.257047286040461, 5.793308358243053 ], [ -73.256759695270603, 5.793349080211271 ], [ -73.256472281001834, 5.793266386385085 ], [ -73.25634940876671, 5.793019374627704 ], [ -73.256185462149517, 5.792772302668936 ], [ -73.256185878171664, 5.792484331295213 ], [ -73.256200758071031, 5.792454633590694 ], [ -73.256309461999194, 5.792237676857724 ], [ -73.256392030448524, 5.791949823989796 ], [ -73.256310293946171, 5.791661732292255 ], [ -73.256105212379225, 5.791455741082586 ], [ -73.255900189255158, 5.791208609727562 ], [ -73.255653911586478, 5.791084835555694 ], [ -73.255448829560464, 5.790878844085057 ], [ -73.25540816985216, 5.790590812446169 ], [ -73.255408587218312, 5.790302840128334 ], [ -73.255573247062728, 5.790056245165374 ], [ -73.255615228850104, 5.789972453832206 ], [ -73.256133729628687, 5.789911454177286 ], [ -73.256412607711638, 5.79010666888604 ], [ -73.256537873932757, 5.790101444724485 ], [ -73.257171279616102, 5.789892131801082 ], [ -73.257209279846563, 5.789366631823498 ], [ -73.256682811884332, 5.78897935090805 ], [ -73.256485218193689, 5.788281694965463 ], [ -73.256858904724766, 5.788173725924651 ], [ -73.256942543993489, 5.788111835452526 ], [ -73.257522030393886, 5.787683038094713 ], [ -73.258049499401352, 5.78813928817118 ], [ -73.258049685913875, 5.788140105294246 ], [ -73.258186343384807, 5.788736257298979 ], [ -73.25892621757464, 5.78901763226304 ], [ -73.259100370651026, 5.789126387063789 ], [ -73.25922768299597, 5.789382323054213 ], [ -73.259370588792251, 5.78966960894229 ], [ -73.259585207445923, 5.789921112972138 ], [ -73.259835707434945, 5.790136783606386 ], [ -73.260122139204555, 5.79028073694343 ], [ -73.260444556717914, 5.790317087268136 ], [ -73.260767077804587, 5.790281666985095 ], [ -73.261089597938906, 5.790246245615947 ], [ -73.261412222389083, 5.79013905636009 ], [ -73.26173479364428, 5.790067749873003 ], [ -73.261921928262154, 5.789849726074124 ], [ -73.262214780961017, 5.789724225854854 ], [ -73.262404842791227, 5.789392225897529 ], [ -73.26223006197597, 5.789291382062402 ], [ -73.261970593143872, 5.789226569721507 ], [ -73.261970734686031, 5.788894238583396 ], [ -73.261818483759498, 5.788872233420932 ], [ -73.261653827022997, 5.789118830071232 ], [ -73.261407135684863, 5.789283030604054 ], [ -73.26111954734904, 5.789323755589578 ], [ -73.260832074853909, 5.78928220304573 ], [ -73.260585915695515, 5.789076152724249 ], [ -73.260421966698459, 5.788829082893301 ], [ -73.260545607697793, 5.788541287565295 ], [ -73.260751281878925, 5.788335890218377 ], [ -73.260915938806761, 5.788089292910968 ], [ -73.260998504385498, 5.787801437651183 ], [ -73.261115014627649, 5.787568895245386 ], [ -73.261122085152351, 5.787554782262816 ], [ -73.261245665815125, 5.787308125945231 ], [ -73.261369247277969, 5.787061469603259 ], [ -73.261410735745926, 5.786773556286619 ], [ -73.261411149253263, 5.786485584061893 ], [ -73.26131370770662, 5.786256964645361 ], [ -73.260688279563396, 5.786318913043374 ], [ -73.260651438179138, 5.786449455144634 ], [ -73.260583164566697, 5.786691365507465 ], [ -73.260447697038558, 5.787171359408603 ], [ -73.260484818947134, 5.787231038348125 ], [ -73.260556015144516, 5.787554104961714 ], [ -73.260555551287894, 5.787877068729131 ], [ -73.260375989681961, 5.788163889714724 ], [ -73.260053469755746, 5.788199309725144 ], [ -73.259731002978015, 5.788198844788951 ], [ -73.259408638109448, 5.788126611045016 ], [ -73.259158190619758, 5.787875055394011 ], [ -73.258979402567491, 5.787623601755286 ], [ -73.258836548972852, 5.787300430948903 ], [ -73.258693643184927, 5.787013144864204 ], [ -73.258678090873843, 5.786942571624536 ], [ -73.258622449019242, 5.786690077959634 ], [ -73.258622914002331, 5.786367114131338 ], [ -73.258730866617896, 5.786044304923507 ], [ -73.258910427552109, 5.785757485335353 ], [ -73.258931089638963, 5.785728601230801 ], [ -73.259071436735951, 5.785347976243997 ], [ -73.259659279711741, 5.784637881601498 ], [ -73.260620437102489, 5.784058351177009 ], [ -73.260869730210175, 5.783983925057669 ], [ -73.261045131045648, 5.783931559416601 ], [ -73.26104530439568, 5.783811021644112 ], [ -73.261045776100218, 5.783481911133549 ], [ -73.260826916667042, 5.783298712836313 ], [ -73.260842728506361, 5.783290491863966 ], [ -73.260847933062109, 5.783298065160977 ], [ -73.260890831253391, 5.783345552099775 ], [ -73.260940050257545, 5.783389455076531 ], [ -73.260994507893827, 5.783428511217949 ], [ -73.26107447742902, 5.783473071548144 ], [ -73.261175596502994, 5.783517630281722 ], [ -73.26125361824586, 5.78354518668209 ], [ -73.261422690195957, 5.783595307849396 ], [ -73.261495378335667, 5.783619567975904 ], [ -73.261636689762213, 5.783674861223574 ], [ -73.261765093285135, 5.783733908863098 ], [ -73.261846421285384, 5.783784936430493 ], [ -73.261923386198589, 5.783844598716428 ], [ -73.261983192618402, 5.783901977470805 ], [ -73.262053209607416, 5.783980811577862 ], [ -73.262108046109404, 5.784031926448108 ], [ -73.262167453861821, 5.784073126824865 ], [ -73.262231049658169, 5.784108163170458 ], [ -73.262304527616209, 5.784136302523677 ], [ -73.26237836051547, 5.784156210801939 ], [ -73.262418936253198, 5.784161648241195 ], [ -73.262520650508577, 5.784167870088083 ], [ -73.262600840300365, 5.784182094762855 ], [ -73.262664793324063, 5.784204005795686 ], [ -73.262672164767139, 5.784207734570998 ], [ -73.262695582379081, 5.784192147014153 ], [ -73.26320656211584, 5.784319756691445 ], [ -73.263269200875186, 5.784346508159729 ], [ -73.263391223015674, 5.784398618898535 ], [ -73.263320409393316, 5.784504674259097 ], [ -73.263367444917151, 5.784765895513715 ], [ -73.263370546800161, 5.78478312421322 ], [ -73.263572401929764, 5.784985869937429 ], [ -73.26382493824633, 5.785087461006185 ], [ -73.263876716404639, 5.785101684219683 ], [ -73.264102778090773, 5.78516378095992 ], [ -73.264380690279609, 5.785189486364118 ], [ -73.264658530236261, 5.785265805134941 ], [ -73.264936371165618, 5.785342124670365 ], [ -73.265188906955302, 5.785443715113274 ], [ -73.265466783217221, 5.785494727179298 ], [ -73.265744695598983, 5.785520431000066 ], [ -73.266022608903597, 5.78554613558822 ], [ -73.266087913788908, 5.785552175655482 ], [ -73.266148364866581, 5.785630398309081 ], [ -73.266217876618668, 5.785875392168236 ], [ -73.266217467337071, 5.786163364290871 ], [ -73.26621705625513, 5.786451337316521 ], [ -73.26621664608308, 5.786739310338703 ], [ -73.266093008358212, 5.787027106772825 ], [ -73.266074059590665, 5.787055485334179 ], [ -73.266074514234276, 5.787059635411993 ], [ -73.266038223924056, 5.78738254797554 ], [ -73.265930274393327, 5.787705359287429 ], [ -73.265607652270717, 5.787812551925811 ], [ -73.26528528612414, 5.787740320639841 ], [ -73.265142377033612, 5.787453036336274 ], [ -73.265071179176402, 5.787129968604575 ], [ -73.264856559299858, 5.78687846668771 ], [ -73.264606058094614, 5.786662798268026 ], [ -73.264355557981048, 5.786447128821635 ], [ -73.26403324476928, 5.78633901202312 ], [ -73.263710829384308, 5.78630266364155 ], [ -73.263388464293769, 5.786230432128889 ], [ -73.263066202550021, 5.786086429103761 ], [ -73.26277977135851, 5.785942478075754 ], [ -73.262493339403306, 5.785798526896258 ], [ -73.262341790829623, 5.785722364084563 ], [ -73.262206907588222, 5.785654575564877 ], [ -73.261920475912973, 5.78551062408161 ], [ -73.261598009801389, 5.785510160138415 ], [ -73.261275388880563, 5.785617351206838 ], [ -73.261136910992832, 5.785810931178105 ], [ -73.261203317695788, 5.785904328360743 ], [ -73.261417934729707, 5.786155830853488 ], [ -73.261668485831365, 5.786335615988548 ], [ -73.261919036185532, 5.786515401910322 ], [ -73.262169586695393, 5.786695186808231 ], [ -73.262420138264474, 5.786874971586599 ], [ -73.262670637878671, 5.787090641003886 ], [ -73.262693813995611, 5.78712323622176 ], [ -73.262849427331787, 5.787342093417976 ], [ -73.262992335260549, 5.787629378354211 ], [ -73.263135243338638, 5.787916663245198 ], [ -73.263206440226497, 5.788239731256851 ], [ -73.263205977891175, 5.788562694950485 ], [ -73.263205515563641, 5.788885658640595 ], [ -73.263233810367126, 5.789144075835111 ], [ -73.263111274726668, 5.789388645153508 ], [ -73.263161412570582, 5.789667095063407 ], [ -73.263203757202461, 5.789700178196426 ], [ -73.263129874372908, 5.789810320101594 ], [ -73.263000873613976, 5.790843162741453 ], [ -73.263559814374048, 5.791124065077724 ], [ -73.263381120774284, 5.79136197628668 ], [ -73.263344827860465, 5.791684888712155 ], [ -73.263487737224636, 5.791972174323632 ], [ -73.263738290680237, 5.792151958362354 ], [ -73.264024675087057, 5.792331795278187 ], [ -73.264346990841091, 5.79243991190441 ], [ -73.264633426643343, 5.792583862845504 ], [ -73.264848047789542, 5.7928353656078 ], [ -73.264990958211683, 5.793122650781015 ], [ -73.265133867879513, 5.793409935909153 ], [ -73.265205066720569, 5.793733002619263 ], [ -73.265061335805569, 5.794019877017263 ], [ -73.264810267867688, 5.794198941965021 ], [ -73.264487693853255, 5.794270249376041 ], [ -73.26430818440025, 5.794521185895405 ], [ -73.264307721041121, 5.794844151301106 ], [ -73.264359063180393, 5.794960292950122 ], [ -73.263565281363924, 5.795460976416734 ], [ -73.262931281434646, 5.79529956984527 ], [ -73.262545351887127, 5.794882726008666 ], [ -73.262465516316013, 5.795255290995158 ], [ -73.262302310298594, 5.795208335978032 ], [ -73.262014835652735, 5.79516678327542 ], [ -73.261768555921549, 5.795043011913378 ], [ -73.261645681017512, 5.794796001439806 ], [ -73.261563942316172, 5.794507909760739 ], [ -73.261510599652127, 5.794319905178156 ], [ -73.261657213373098, 5.794194411088938 ], [ -73.261944060230746, 5.794051283557735 ], [ -73.262195129065901, 5.793872219841035 ], [ -73.262267251788273, 5.793549358773021 ], [ -73.262016699036394, 5.793369574099302 ], [ -73.261694227567318, 5.793369108602633 ], [ -73.261371704820135, 5.79340453039066 ], [ -73.261049182023669, 5.793439950187008 ], [ -73.260762335221898, 5.793583077264486 ], [ -73.260511214705332, 5.793798025117781 ], [ -73.26036743001896, 5.794120782282562 ], [ -73.260366966216964, 5.794443745980118 ], [ -73.260581586287856, 5.794695250395307 ], [ -73.260832087916356, 5.794910921347139 ], [ -73.261037228550947, 5.795058120597105 ], [ -73.261070141408027, 5.795124283850271 ], [ -73.261151879963961, 5.795412373791521 ], [ -73.261192543017955, 5.795700405729406 ], [ -73.26123320521549, 5.795988436755238 ], [ -73.261109621926266, 5.796235093080327 ], [ -73.260862927425251, 5.796399294386561 ], [ -73.260616173937819, 5.796604632916569 ], [ -73.260410495945223, 5.796810031196628 ], [ -73.260327928960805, 5.79709788544676 ], [ -73.260327515138044, 5.79738585668332 ], [ -73.260121836766189, 5.797591254870269 ], [ -73.259834302122727, 5.797590840248688 ], [ -73.259628624397124, 5.797796238265903 ], [ -73.259618827282338, 5.797815793291761 ], [ -73.259265089989015, 5.797708643244164 ], [ -73.259185717956541, 5.797684601366484 ], [ -73.25822070488141, 5.797857836790399 ], [ -73.258190771700924, 5.797917576273278 ], [ -73.25814928103074, 5.798205489350607 ], [ -73.258107789421388, 5.798493402424469 ], [ -73.257902109827398, 5.798698798946134 ], [ -73.257832691087856, 5.798698698431338 ], [ -73.25761457367048, 5.798698382317411 ], [ -73.257598095907156, 5.798681832084753 ], [ -73.257409488999372, 5.798492390859565 ], [ -73.257286616039039, 5.798245379418233 ], [ -73.257081531651863, 5.798039386920493 ], [ -73.256835369847408, 5.797833336047063 ] ] ] ] } },
{ "type": "Feature", "properties": { "fid": 122610, "Shape_Area": 8.9432967086000006e-05, "area_ha": 109.36223575259932, "tipo": "hidrica", "clas": "terraceo y laminar", "gra": "moderada" }, "geometry": { "type": "MultiPolygon", "coordinates": [ [ [ [ -73.254608847366455, 5.805512855394284 ], [ -73.254324357821986, 5.805398406909831 ], [ -73.254039869291034, 5.805283959181338 ], [ -73.253755380870132, 5.805169512209432 ], [ -73.253470892558369, 5.805055064183819 ], [ -73.253243417805209, 5.804883681883268 ], [ -73.253015944091658, 5.804712300388871 ], [ -73.252731538280216, 5.804540834731029 ], [ -73.252561078320298, 5.804312519861639 ], [ -73.252535440814484, 5.804248057872087 ], [ -73.252535741613769, 5.804040718655187 ], [ -73.252535759036562, 5.804029106695793 ], [ -73.252688318388095, 5.803785433749283 ], [ -73.252810436215782, 5.803541716449388 ], [ -73.252841275851267, 5.803267378796193 ], [ -73.252841674096487, 5.802992996824628 ], [ -73.25275079525926, 5.802687995406188 ], [ -73.252598945329908, 5.802443878277018 ], [ -73.252447096437947, 5.802199762003511 ], [ -73.25226476118047, 5.801986086914155 ], [ -73.252082466613047, 5.801829135736625 ], [ -73.252051942271521, 5.80180285478832 ], [ -73.251778062766562, 5.801741481585452 ], [ -73.251504185122712, 5.80168010824633 ], [ -73.25123017361085, 5.801710195143244 ], [ -73.251077615039208, 5.801953867716918 ], [ -73.251077484147174, 5.802044056573266 ], [ -73.251077305194428, 5.802166548238631 ], [ -73.250896323056793, 5.802324680854611 ], [ -73.250645247722844, 5.802503738020846 ], [ -73.250322771696233, 5.802503267182203 ], [ -73.250000454270605, 5.802395140936824 ], [ -73.249714018599434, 5.802251182698797 ], [ -73.249427583972647, 5.802107224308315 ], [ -73.249177032044201, 5.801927433089986 ], [ -73.249070011384845, 5.801604312899258 ], [ -73.248998822253895, 5.80128124479171 ], [ -73.248927632307698, 5.800958176667848 ], [ -73.2488564433541, 5.800635109432847 ], [ -73.248870838167363, 5.800592068005358 ], [ -73.248713068575228, 5.800670783895328 ], [ -73.248497718657063, 5.800921662708333 ], [ -73.248432584392049, 5.800997544136408 ], [ -73.247161718193922, 5.800549195321992 ], [ -73.246848561820173, 5.80080336515806 ], [ -73.246563137449925, 5.800739401616227 ], [ -73.24624050480196, 5.800846581856376 ], [ -73.245989377225612, 5.801061521785016 ], [ -73.245809856425069, 5.801312451929959 ], [ -73.245558779824478, 5.801491506895104 ], [ -73.245308230232752, 5.801311714800818 ], [ -73.245021797112713, 5.801167754107837 ], [ -73.24477072031101, 5.801346808732319 ], [ -73.244662755314096, 5.801669613768183 ], [ -73.244733942058133, 5.801992681614763 ], [ -73.244733467746073, 5.802315643788234 ], [ -73.244482391259453, 5.802494699207273 ], [ -73.244160021571531, 5.802422455280521 ], [ -73.243909525228389, 5.802206776877881 ], [ -73.243623091068116, 5.802062814581063 ], [ -73.24337254179369, 5.801883021618323 ], [ -73.243050066853698, 5.801882546619595 ], [ -73.242763211853685, 5.802025663109475 ], [ -73.242726906744736, 5.802348571918344 ], [ -73.243013286628809, 5.802528418556903 ], [ -73.243335761936578, 5.802528893561089 ], [ -73.243622195366527, 5.802672855994729 ], [ -73.243908628936992, 5.802816817371422 ], [ -73.244195061744165, 5.802960777691681 ], [ -73.244266249320788, 5.803283845586407 ], [ -73.244246830618351, 5.803456560932432 ], [ -73.243430748553635, 5.80368800702712 ], [ -73.243245083361273, 5.803722787919753 ], [ -73.243148133069838, 5.80381960045213 ], [ -73.24286029257911, 5.804024868715885 ], [ -73.242613590975679, 5.804189059684063 ], [ -73.242366949366613, 5.804312112274602 ], [ -73.242079231365267, 5.804435103607091 ], [ -73.24179169377669, 5.80443467906332 ], [ -73.24161193165736, 5.804344330814615 ], [ -73.241545414869734, 5.804310898927099 ], [ -73.241340334569145, 5.804104902427639 ], [ -73.241299683449029, 5.803816869643128 ], [ -73.241300106787776, 5.803528898973411 ], [ -73.241382685237568, 5.803241049821281 ], [ -73.241510860858341, 5.803113058114604 ], [ -73.24161499932012, 5.803136395950617 ], [ -73.241937473198448, 5.803136872643108 ], [ -73.242152826920972, 5.802885997093085 ], [ -73.24226079266441, 5.802563193385765 ], [ -73.242082010573313, 5.802311736230024 ], [ -73.241939110779185, 5.802024446772748 ], [ -73.241910324866353, 5.80176144285366 ], [ -73.241975844745014, 5.801674218794403 ], [ -73.242146970844999, 5.801446405994284 ], [ -73.242374943755578, 5.801275691945705 ], [ -73.242602999694157, 5.801047962329051 ], [ -73.242887903308372, 5.800877333183905 ], [ -73.243115874858631, 5.800706618852701 ], [ -73.243343847174231, 5.80053590533862 ], [ -73.243514973287233, 5.800308091247871 ], [ -73.243629252315372, 5.800023175725187 ], [ -73.243686600348781, 5.799738176995163 ], [ -73.24345913058221, 5.799566792321627 ], [ -73.243288675811812, 5.799338474396166 ], [ -73.24311822118068, 5.799110157316932 ], [ -73.24311864041033, 5.798825073565126 ], [ -73.243289765226336, 5.798597260451686 ], [ -73.243460889905634, 5.798369444575656 ], [ -73.243461308075609, 5.798084362633801 ], [ -73.243347866674071, 5.797799113333156 ], [ -73.243212647605162, 5.797617992773212 ], [ -73.243712179007957, 5.797522483198748 ], [ -73.24384366551925, 5.79751030422392 ], [ -73.244101341725411, 5.797486437162547 ], [ -73.244448997707536, 5.797375011120778 ], [ -73.24465340291664, 5.797219086738949 ], [ -73.244658091441238, 5.797230874958416 ], [ -73.244657672951121, 5.797515956884638 ], [ -73.244657255370498, 5.797801039712965 ], [ -73.244657040347079, 5.797947986180361 ], [ -73.244564844047886, 5.798040051088606 ], [ -73.244313874011311, 5.798147335892565 ], [ -73.244206014871907, 5.798398371277926 ], [ -73.244420734280652, 5.79857811063448 ], [ -73.244707322858574, 5.798614418239083 ], [ -73.244993860077614, 5.798686608676519 ], [ -73.245244514741898, 5.798794632305658 ], [ -73.24549506407368, 5.798974423586401 ], [ -73.24570973004279, 5.799190048117396 ], [ -73.245960332826542, 5.799333956199291 ], [ -73.246246818334043, 5.799442030764453 ], [ -73.246533408331629, 5.799478337419714 ], [ -73.246819998358887, 5.79951464211814 ], [ -73.247106536260844, 5.799586832358614 ], [ -73.247393232451543, 5.799551368101845 ], [ -73.247465312113775, 5.799264395174816 ], [ -73.247286474932537, 5.799048822661348 ], [ -73.247035819804239, 5.798940800863647 ], [ -73.246749177878314, 5.798940381047089 ], [ -73.24646253504261, 5.798939960180576 ], [ -73.246319580886052, 5.798688555734657 ], [ -73.246248340624504, 5.798401372857938 ], [ -73.246141217915863, 5.798150021549588 ], [ -73.246177467782502, 5.797862997355708 ], [ -73.246392712344061, 5.797683888074857 ], [ -73.246572178700887, 5.797468842560647 ], [ -73.246572598075886, 5.797181765163771 ], [ -73.24648003678999, 5.797104281979102 ], [ -73.246480348369687, 5.796891451119677 ], [ -73.246423835397707, 5.796606285395399 ], [ -73.246310392859243, 5.79632103491349 ], [ -73.246267666910512, 5.796249480339497 ], [ -73.246140019936433, 5.796035702351332 ], [ -73.245969648091375, 5.795750367917208 ], [ -73.245856205966618, 5.795465118223831 ], [ -73.245770805580378, 5.795250378796311 ], [ -73.245582936867777, 5.795145507353254 ], [ -73.245132373677848, 5.79456391341364 ], [ -73.245090593448367, 5.794534857689769 ], [ -73.245090532566735, 5.794393671607565 ], [ -73.24512236064129, 5.794278723760613 ], [ -73.245211490944541, 5.793984964370622 ], [ -73.245249614063766, 5.793684841414802 ], [ -73.245249492854441, 5.793403890987634 ], [ -73.245230265112696, 5.79316764551362 ], [ -73.245200885786289, 5.792863320915387 ], [ -73.245141171663192, 5.792624538150051 ], [ -73.245140965189705, 5.792145645908818 ], [ -73.244961474325748, 5.791726691907741 ], [ -73.244901498014087, 5.791247824561083 ], [ -73.245200193260871, 5.790888525515072 ], [ -73.245678378970467, 5.790948180170915 ], [ -73.246096872485225, 5.791187445290632 ], [ -73.246455621349924, 5.791486597710445 ], [ -73.246814371492633, 5.791785749884014 ], [ -73.247236090852084, 5.792049472847168 ], [ -73.247067536558461, 5.792116875076715 ], [ -73.247067200383185, 5.79234762844851 ], [ -73.246984628008363, 5.792635479256433 ], [ -73.246984207328182, 5.792923449918987 ], [ -73.247107073751977, 5.793170462981266 ], [ -73.247353229215378, 5.793376518356865 ], [ -73.247517173192932, 5.793623591214157 ], [ -73.247557828307606, 5.793911622647897 ], [ -73.247557407944839, 5.794199594190673 ], [ -73.247556986684117, 5.794487565730833 ], [ -73.24759764280293, 5.794775597148885 ], [ -73.247720509922544, 5.795022610938418 ], [ -73.247843378055734, 5.795269623789466 ], [ -73.248048459097902, 5.795475618031219 ], [ -73.248253539385587, 5.795681613096178 ], [ -73.24845861982152, 5.795887607174109 ], [ -73.248622564133427, 5.796134679638669 ], [ -73.248827644868925, 5.796340675377166 ], [ -73.249032725752215, 5.796546669223346 ], [ -73.249279002714957, 5.796670446209475 ], [ -73.249484084782637, 5.796876439877508 ], [ -73.249730361981278, 5.797000216655647 ], [ -73.250017836033123, 5.797041775589037 ], [ -73.250305369706894, 5.797042196112557 ], [ -73.250552066829357, 5.796878001071661 ], [ -73.250798763806245, 5.796713805023842 ], [ -73.250819201834418, 5.79668319818478 ], [ -73.250828729586772, 5.796668930382054 ], [ -73.250481030187984, 5.795669195324081 ], [ -73.249876353811374, 5.794573236000247 ], [ -73.249610669842411, 5.794572848115536 ], [ -73.249323197068293, 5.794531288916971 ], [ -73.249118116842794, 5.794325295134399 ], [ -73.249077460903266, 5.794037262947143 ], [ -73.249036804107902, 5.793749231657443 ], [ -73.248996148263473, 5.793461200359786 ], [ -73.248955491562697, 5.793173169055024 ], [ -73.24895591214198, 5.792885196625832 ], [ -73.249049589382253, 5.79274491058851 ], [ -73.249120574662243, 5.792638605215473 ], [ -73.249408165790555, 5.792597886209307 ], [ -73.249695698131802, 5.792598306233856 ], [ -73.249983169037876, 5.792639865287697 ], [ -73.250270581281427, 5.792722561556729 ], [ -73.250371803672067, 5.792790361422362 ], [ -73.25037349875214, 5.792788100907387 ], [ -73.251517843369584, 5.793539100817611 ], [ -73.253188593092602, 5.794704537973303 ], [ -73.253426953951248, 5.794908321624746 ], [ -73.253699680759382, 5.795141486639864 ], [ -73.253741614400553, 5.795146798265137 ], [ -73.254028358630421, 5.795075445083285 ], [ -73.254315103686054, 5.795004091758983 ], [ -73.254566071184115, 5.794896801747427 ], [ -73.254852608450392, 5.794968988138692 ], [ -73.254995565283252, 5.795220390340717 ], [ -73.254995150123875, 5.795507469389747 ], [ -73.254958903932049, 5.795794494878123 ], [ -73.254815219835791, 5.796045481238366 ], [ -73.254599977762041, 5.796224592684212 ], [ -73.254485267581572, 5.796362050077562 ], [ -73.254451770290302, 5.796660049141735 ], [ -73.254415472073447, 5.796982960271578 ], [ -73.254343342688742, 5.797305819615133 ], [ -73.254342874636393, 5.797628783424045 ], [ -73.254378237766787, 5.797951799010093 ], [ -73.254449430333352, 5.798274866364295 ], [ -73.254520622988593, 5.798597933702297 ], [ -73.254627646064876, 5.798921053691572 ], [ -73.254770552198636, 5.79920834063995 ], [ -73.254913457577914, 5.799495626638816 ], [ -73.254912989902834, 5.799818591313908 ], [ -73.254840861417449, 5.800141449786508 ], [ -73.254732902428941, 5.800464257405565 ], [ -73.25458916274772, 5.800751127582203 ], [ -73.254517033981642, 5.801073986920926 ], [ -73.254337465368621, 5.801360805275237 ], [ -73.254157948282852, 5.801611737910491 ], [ -73.254049987753717, 5.801934545412109 ], [ -73.254049518741965, 5.802257509176286 ], [ -73.254228256065119, 5.802544847990703 ], [ -73.254478809777822, 5.802724636887376 ], [ -73.254801285831263, 5.802725106256787 ], [ -73.255099533861539, 5.802725539306095 ], [ -73.255337956671724, 5.802905168566042 ], [ -73.255459367414346, 5.803149240724622 ], [ -73.255489366811162, 5.803454154197539 ], [ -73.255397602449818, 5.80375889096814 ], [ -73.255305882111202, 5.804033140342824 ], [ -73.255335924702365, 5.804307566434773 ], [ -73.2555487473997, 5.804490797221092 ], [ -73.255822670851558, 5.804521682042719 ], [ -73.256096640206465, 5.804522080255026 ], [ -73.256370563691803, 5.804552964809318 ], [ -73.256644444966355, 5.804614335702183 ], [ -73.256785640061082, 5.804685296271202 ], [ -73.256887795887621, 5.804736637121323 ], [ -73.257009206805151, 5.804980708885353 ], [ -73.257039251190236, 5.805255134838603 ], [ -73.257012686737824, 5.805491455598542 ], [ -73.257008414432221, 5.805529472616342 ], [ -73.256734311602088, 5.805620536093841 ], [ -73.256460255438526, 5.805681112063326 ], [ -73.256186284628257, 5.805680714957305 ], [ -73.256029099607758, 5.805601717921547 ], [ -73.255942934334712, 5.805558413251163 ], [ -73.255699583239561, 5.805436112340601 ], [ -73.255425658443869, 5.805405226574976 ], [ -73.255181952761745, 5.805526819955162 ], [ -73.254968556087476, 5.805739918668962 ], [ -73.254853458019056, 5.805840486167824 ], [ -73.254779307601609, 5.805741169585474 ], [ -73.254608847366455, 5.805512855394284 ] ] ] ] } },
{ "type": "Feature", "properties": { "fid": 122606, "Shape_Area": 3.3073989704000001e-05, "area_ha": 40.444108053686683, "tipo": "hidrica", "clas": "terraceo y laminar", "gra": "moderada" }, "geometry": { "type": "MultiPolygon", "coordinates": [ [ [ [ -73.236672366241635, 5.80408833942613 ], [ -73.236763403307975, 5.80374206187355 ], [ -73.236722801945348, 5.80375398042645 ], [ -73.236419400429895, 5.803850986798807 ], [ -73.236419213930901, 5.803403340222303 ], [ -73.236658124539417, 5.802984208660121 ], [ -73.236897034803974, 5.802565077910458 ], [ -73.236777292534441, 5.802086234669332 ], [ -73.236657550482278, 5.801607391386597 ], [ -73.236836689106553, 5.801188285654462 ], [ -73.237144488873753, 5.800931178564326 ], [ -73.237126476795254, 5.800898367442016 ], [ -73.237219592734277, 5.800888143632619 ], [ -73.237354884228125, 5.800618153732159 ], [ -73.237570238234298, 5.800367279859927 ], [ -73.23789292338563, 5.800224219697611 ], [ -73.238179354361876, 5.800368184097806 ], [ -73.238178876283541, 5.800691146439306 ], [ -73.238429317159273, 5.800942709597166 ], [ -73.238751790767196, 5.800943188156225 ], [ -73.239022829964483, 5.800853150950445 ], [ -73.239074423253783, 5.800836012124478 ], [ -73.239218169154299, 5.800549147365132 ], [ -73.239182815286654, 5.80022613231165 ], [ -73.23911163103179, 5.799903062701162 ], [ -73.239112107693984, 5.799580101277115 ], [ -73.239112585266525, 5.799257138944199 ], [ -73.2392205530615, 5.798934335732099 ], [ -73.239435904702646, 5.798683461195651 ], [ -73.239651257058426, 5.798432586582692 ], [ -73.239863372958268, 5.798281317695853 ], [ -73.239866503086546, 5.798253480596259 ], [ -73.239795318740448, 5.797930412865128 ], [ -73.239759964770315, 5.797607397824663 ], [ -73.239760090542234, 5.797522160100584 ], [ -73.239760144715092, 5.797485658994958 ], [ -73.239861976669602, 5.79740133568788 ], [ -73.239931105198195, 5.797174454526555 ], [ -73.239942984554261, 5.797175405166797 ], [ -73.239883116857413, 5.796697379731768 ], [ -73.239942685235462, 5.796218461152478 ], [ -73.240002253529781, 5.79573954346796 ], [ -73.24018138796896, 5.795320435863687 ], [ -73.240360522154333, 5.794901328207345 ], [ -73.240479860377093, 5.794422384209099 ], [ -73.240479657766343, 5.793943491831442 ], [ -73.240479455172249, 5.793464598540936 ], [ -73.24065858860564, 5.793045490796487 ], [ -73.241017083090355, 5.792746030105945 ], [ -73.241495294602942, 5.792865549898238 ], [ -73.241734553603123, 5.793284479581871 ], [ -73.241854297847851, 5.793763321827043 ], [ -73.241974042310005, 5.794242164030607 ], [ -73.2422133022759, 5.794661092547926 ], [ -73.242392792168175, 5.795080047422061 ], [ -73.242691797727616, 5.79543908937876 ], [ -73.243110266949827, 5.795618494934274 ], [ -73.24346901812072, 5.795917649146077 ], [ -73.243887514520225, 5.796156914835251 ], [ -73.244306011263973, 5.796396181103432 ], [ -73.244246446570685, 5.796875099985925 ], [ -73.243828155017297, 5.797114726809525 ], [ -73.243409837453328, 5.797294491696448 ], [ -73.242931698634663, 5.797354558640052 ], [ -73.242908613641646, 5.797364478212728 ], [ -73.242817021551446, 5.797399214007783 ], [ -73.242680114364532, 5.797399012050221 ], [ -73.242561248888478, 5.797909007416877 ], [ -73.242484561882407, 5.798640132356638 ], [ -73.241752312259962, 5.799296851237159 ], [ -73.241097029697528, 5.799809007284864 ], [ -73.240509561967087, 5.800246662847144 ], [ -73.240295093331326, 5.801051069958419 ], [ -73.240364468310077, 5.802220976319859 ], [ -73.240363593030054, 5.802806412916652 ], [ -73.240363748730999, 5.80346419509101 ], [ -73.23985278041846, 5.804048913303859 ], [ -73.239265655034501, 5.804267320403767 ], [ -73.239024332616111, 5.804421225048316 ], [ -73.238464748585955, 5.804778100806459 ], [ -73.237586655011853, 5.804850257063208 ], [ -73.237230300109559, 5.805002830970352 ], [ -73.237067267421025, 5.804839066642558 ], [ -73.236985540278226, 5.804550973757898 ], [ -73.236985966695443, 5.80426300300843 ], [ -73.236739751182824, 5.804098083345252 ], [ -73.236672366241635, 5.80408833942613 ] ] ] ] } },
{ "type": "Feature", "properties": { "fid": 122626, "Shape_Area": 1.346354825e-05, "area_ha": 16.463482944613151, "tipo": "hidrica", "clas": "terraceo y laminar", "gra": "moderada" }, "geometry": { "type": "MultiPolygon", "coordinates": [ [ [ [ -73.231901225826903, 5.808463727716571 ], [ -73.231614739935537, 5.808355645995221 ], [ -73.231328039810819, 5.808391100658071 ], [ -73.231077010289994, 5.808534263748186 ], [ -73.231004920364626, 5.808821233978676 ], [ -73.23100449244248, 5.809108309760859 ], [ -73.230932400611266, 5.809395279981402 ], [ -73.23085038433635, 5.809465473083264 ], [ -73.230587634382118, 5.809465078973972 ], [ -73.230273605761397, 5.809569389823537 ], [ -73.229959577018747, 5.809673699597681 ], [ -73.229645626330807, 5.809725620015172 ], [ -73.229339002772463, 5.809725159896288 ], [ -73.229209752906797, 5.80957368296805 ], [ -73.229271045071016, 5.809299395365827 ], [ -73.229423615098312, 5.809055730078398 ], [ -73.229667371022288, 5.808903661901297 ], [ -73.229911173186792, 5.808721107095892 ], [ -73.230124532575815, 5.808538505759373 ], [ -73.230337892730574, 5.808355905251517 ], [ -73.230551252747091, 5.808173304667434 ], [ -73.230734217274176, 5.807960171081277 ], [ -73.230917227082614, 5.807716550913653 ], [ -73.231034085006854, 5.807483357003775 ], [ -73.230962399343582, 5.807493600045973 ], [ -73.231041331078529, 5.807176846404673 ], [ -73.231041135988164, 5.806697953010598 ], [ -73.231040940914511, 5.80621906051357 ], [ -73.231100517463801, 5.805740142682282 ], [ -73.231339433006099, 5.805321013203411 ], [ -73.231638144160854, 5.804961720832466 ], [ -73.232116267350307, 5.8048418014601 ], [ -73.232534766040942, 5.805081076298961 ], [ -73.232774023195475, 5.805500009649165 ], [ -73.233192498032508, 5.805679422297487 ], [ -73.233610973124314, 5.805858834624587 ], [ -73.233662414305684, 5.80592060449402 ], [ -73.233934351747564, 5.805726357474839 ], [ -73.234001124339557, 5.805764945002466 ], [ -73.234055564041739, 5.805798824421913 ], [ -73.23417958624367, 5.805881225192024 ], [ -73.234235673028309, 5.805916664119025 ], [ -73.234296191585656, 5.805950776294367 ], [ -73.234351780215889, 5.80597681977747 ], [ -73.234410612576312, 5.805997732409594 ], [ -73.234473803667697, 5.806013321869273 ], [ -73.234542015923807, 5.806023765258203 ], [ -73.234616572345885, 5.806029269270027 ], [ -73.234683458662118, 5.806030212574854 ], [ -73.234758839628569, 5.806028023784734 ], [ -73.235018915576575, 5.80601024486964 ], [ -73.235104530424564, 5.806006497002215 ], [ -73.235305311653292, 5.806014412730178 ], [ -73.236008186734523, 5.80615672591847 ], [ -73.236221811588393, 5.806685976150561 ], [ -73.235938904766101, 5.807213382070529 ], [ -73.23532051272116, 5.807278039079165 ], [ -73.23519957899083, 5.807176802583001 ], [ -73.23494892409451, 5.807068774609434 ], [ -73.234662384571379, 5.806996579228041 ], [ -73.234411782789493, 5.806852666201792 ], [ -73.234125244337235, 5.806780469635385 ], [ -73.233838598190346, 5.80678004163201 ], [ -73.23355189904305, 5.806815499196887 ], [ -73.233336647786416, 5.806994601130896 ], [ -73.233372051020524, 5.807281730877889 ], [ -73.233299963305967, 5.807568701360424 ], [ -73.233156265735715, 5.807819679930844 ], [ -73.233012568040806, 5.808070657562723 ], [ -73.232833094085095, 5.808285698140594 ], [ -73.232832666175113, 5.808572774798336 ], [ -73.23290390030138, 5.808859958584094 ], [ -73.233118617689684, 5.809039703054566 ], [ -73.23329745117104, 5.809255279159288 ], [ -73.233386999553886, 5.809465403293189 ], [ -73.233329655170053, 5.809541132351626 ], [ -73.232735062306404, 5.810218382000301 ], [ -73.23249069778899, 5.810364171987146 ], [ -73.232417382728897, 5.81025367805654 ], [ -73.232301815664471, 5.810060124024517 ], [ -73.232260837359718, 5.809991490806851 ], [ -73.232221498916545, 5.809942094349765 ], [ -73.232221722953511, 5.809791941423782 ], [ -73.232222151148846, 5.809504863861719 ], [ -73.232222579350321, 5.809217788106878 ], [ -73.232223006653157, 5.808930711444361 ], [ -73.232080058670078, 5.808679304236421 ], [ -73.231901225826903, 5.808463727716571 ] ] ] ] } },
{ "type": "Feature", "properties": { "fid": 122615, "Shape_Area": 3.7613653979000003e-05, "area_ha": 45.994988368367594, "tipo": "hidrica", "clas": "terraceo y laminar", "gra": "moderada" }, "geometry": { "type": "MultiPolygon", "coordinates": [ [ [ [ -73.226438979341992, 5.807358293399375 ], [ -73.226020481327339, 5.807119014033617 ], [ -73.225721479508309, 5.806759963240268 ], [ -73.22530298313086, 5.806520683309088 ], [ -73.224884509928813, 5.806341265658943 ], [ -73.224705028839878, 5.805922305022591 ], [ -73.224585295936208, 5.805443458877278 ], [ -73.224824216283423, 5.805024331961704 ], [ -73.225302388736282, 5.805024141695412 ], [ -73.225720717266427, 5.804844389779305 ], [ -73.226079227205389, 5.804544938959282 ], [ -73.226019264940533, 5.80406606923782 ], [ -73.22589953139061, 5.803587223366947 ], [ -73.225959112111866, 5.803108305873025 ], [ -73.226317620857913, 5.80280885493147 ], [ -73.22667612922271, 5.802509402869362 ], [ -73.227094408458242, 5.802209926608668 ], [ -73.227512734329309, 5.802030173452351 ], [ -73.227811446336432, 5.801670883033239 ], [ -73.228169953180668, 5.801371430071754 ], [ -73.228588278976531, 5.801191677057318 ], [ -73.229066423921154, 5.801131622041623 ], [ -73.229424904649363, 5.800772306625447 ], [ -73.229364940098776, 5.800293437289952 ], [ -73.22918545784438, 5.799874478040124 ], [ -73.228826712148759, 5.799575314616845 ], [ -73.228527712773371, 5.799216266030214 ], [ -73.228348231497932, 5.798797306461154 ], [ -73.228168750497275, 5.798378346818879 ], [ -73.228108787332701, 5.79789947725817 ], [ -73.228347702062592, 5.797480349874547 ], [ -73.228766169618211, 5.797659766136974 ], [ -73.229244358990854, 5.797719434484918 ], [ -73.229603104588421, 5.798018596795316 ], [ -73.229663069023104, 5.798497466145534 ], [ -73.229663262674137, 5.798976359724577 ], [ -73.229902515908861, 5.7993952945655 ], [ -73.230141769504485, 5.799814228379887 ], [ -73.230560239323097, 5.799993643211508 ], [ -73.231038455156238, 5.800113171642749 ], [ -73.231516623263587, 5.800112976287949 ], [ -73.231935118152819, 5.800352251759534 ], [ -73.232293891310576, 5.800711274801927 ], [ -73.232473376108715, 5.801130232952232 ], [ -73.232772378048821, 5.801489279291559 ], [ -73.233011634657998, 5.801908212647504 ], [ -73.232772721715321, 5.802327342776493 ], [ -73.232474013526826, 5.802686635694954 ], [ -73.232773016326576, 5.8030456819817 ], [ -73.233251186844996, 5.803045485062739 ], [ -73.233729357346931, 5.803045287739508 ], [ -73.234267348562582, 5.803164788605102 ], [ -73.234745567749258, 5.803284313752044 ], [ -73.234685994467213, 5.803763231874768 ], [ -73.234207873711171, 5.803883153365121 ], [ -73.233729727176694, 5.803943212790273 ], [ -73.233251580525007, 5.804003271815247 ], [ -73.232833254306172, 5.804183029187982 ], [ -73.232355108231957, 5.804243087466148 ], [ -73.231876887748058, 5.804123560315304 ], [ -73.231458390037972, 5.803884284942455 ], [ -73.231159386675358, 5.803525237051304 ], [ -73.23086038369388, 5.803166188982686 ], [ -73.230561381997404, 5.802807141641154 ], [ -73.230202632793294, 5.802507979223435 ], [ -73.229903630958518, 5.802148930590874 ], [ -73.229485304924367, 5.802328685488021 ], [ -73.229425727249463, 5.802807603246492 ], [ -73.229545463554985, 5.803286447369203 ], [ -73.229844465798294, 5.803645496161494 ], [ -73.230203215565325, 5.803944658773332 ], [ -73.230621712828679, 5.804183935093874 ], [ -73.23092071532227, 5.804542983260717 ], [ -73.230861138705734, 5.805021900189274 ], [ -73.230562427916141, 5.80538119216925 ], [ -73.230203919944017, 5.805680646654423 ], [ -73.229785591454117, 5.805860401850396 ], [ -73.229307442644711, 5.805920457618242 ], [ -73.229137850412428, 5.805993331267075 ], [ -73.229008706219133, 5.806219887139775 ], [ -73.22882956027405, 5.806638990614374 ], [ -73.228650414074764, 5.807058094941453 ], [ -73.228291904020296, 5.80735754827856 ], [ -73.227813705652466, 5.807297879462226 ], [ -73.227335483373452, 5.807178348548177 ], [ -73.226917153708769, 5.807358101691364 ], [ -73.226438979341992, 5.807358293399375 ] ] ] ] } },
{ "type": "Feature", "properties": { "fid": 122661, "Shape_Area": 0.00025259332712500001, "area_ha": 308.87271978344302, "tipo": "hidrica", "clas": "terraceo y laminar", "gra": "moderada" }, "geometry": { "type": "MultiPolygon", "coordinates": [ [ [ [ -73.213082942098879, 5.821846668145838 ], [ -73.212848426163248, 5.821788192732527 ], [ -73.21262587012103, 5.821936291143061 ], [ -73.21229122312036, 5.822079315741803 ], [ -73.211956650189279, 5.822174494900935 ], [ -73.211622148700485, 5.822221826808914 ], [ -73.211287722353859, 5.822221314176488 ], [ -73.211001290039974, 5.82207733641593 ], [ -73.210810629299203, 5.821789967140887 ], [ -73.210524198223993, 5.82164598912351 ], [ -73.210189843879675, 5.821597628765971 ], [ -73.209855564913823, 5.821501422953759 ], [ -73.209737146126713, 5.821382463898885 ], [ -73.2095921910377, 5.821430606450519 ], [ -73.209278314310325, 5.821430122983259 ], [ -73.209016991408532, 5.821272549995342 ], [ -73.208755587674943, 5.821167367020848 ], [ -73.208441630977859, 5.821219273224074 ], [ -73.208416243358386, 5.821223470012967 ], [ -73.208127674217621, 5.821271180159556 ], [ -73.207813877708645, 5.821218305731122 ], [ -73.207604949131735, 5.821008423104502 ], [ -73.207500726369403, 5.820746310871925 ], [ -73.207501191963729, 5.820443809140215 ], [ -73.207564120568975, 5.820349589666193 ], [ -73.207660185599138, 5.820014816857224 ], [ -73.207708476049788, 5.819679970217067 ], [ -73.207565592241735, 5.819392673547554 ], [ -73.207374934158111, 5.819105303893821 ], [ -73.207372959060592, 5.819091300738364 ], [ -73.20732767411954, 5.81877030956889 ], [ -73.207420546009189, 5.81844666576967 ], [ -73.207365711982447, 5.818443256897581 ], [ -73.207216679877376, 5.818436405628177 ], [ -73.206804608617972, 5.818424216281358 ], [ -73.206718279999734, 5.818320545513416 ], [ -73.206240009398584, 5.818081273466987 ], [ -73.205821533037579, 5.817901840956893 ], [ -73.205642061842582, 5.81748287404946 ], [ -73.20564188788893, 5.817003980015159 ], [ -73.205701486796102, 5.816525065101246 ], [ -73.205880652971132, 5.816105967445083 ], [ -73.206119591645745, 5.81568684791705 ], [ -73.206358529974239, 5.815267728294316 ], [ -73.2067170560818, 5.814968289242415 ], [ -73.207135289679854, 5.814489241882939 ], [ -73.207194996612429, 5.814309634692506 ], [ -73.207135026996298, 5.813770900821112 ], [ -73.206895783755442, 5.813351957060718 ], [ -73.206596790241235, 5.81299289589947 ], [ -73.206536843196375, 5.812514023675135 ], [ -73.206775779954512, 5.812094903887385 ], [ -73.207194099016021, 5.811855303553273 ], [ -73.207672277788618, 5.811855127985837 ], [ -73.208150456546605, 5.811854952013675 ], [ -73.208628634386173, 5.811854775637073 ], [ -73.209046952442009, 5.811615174868564 ], [ -73.209345681333161, 5.811255893696057 ], [ -73.209465048888092, 5.81077695536851 ], [ -73.209405099731327, 5.810298083489442 ], [ -73.209106084272719, 5.809879162765242 ], [ -73.208807091310518, 5.809520102714373 ], [ -73.20850809872934, 5.80916104248729 ], [ -73.20826885656146, 5.808742098301821 ], [ -73.20802961565812, 5.808323153996128 ], [ -73.208029439964093, 5.807844260784805 ], [ -73.208029264284448, 5.807365366660235 ], [ -73.207849795095512, 5.806946400237621 ], [ -73.207909391371857, 5.80646748411948 ], [ -73.208148324705519, 5.806048364694448 ], [ -73.208566659886685, 5.80586862524126 ], [ -73.208984995697278, 5.805688885486802 ], [ -73.209403485918187, 5.805928177781084 ], [ -73.209702477271094, 5.80628723761663 ], [ -73.209702654330329, 5.806766130803055 ], [ -73.209583287700696, 5.807245069210751 ], [ -73.209463920883024, 5.807724007592526 ], [ -73.209344553877315, 5.808202945948153 ], [ -73.209344730693033, 5.808681839113262 ], [ -73.209703473423701, 5.808981014965696 ], [ -73.210121943317347, 5.809160444848203 ], [ -73.210540414370541, 5.809339874409545 ], [ -73.210839408298625, 5.809698933509537 ], [ -73.211138402607617, 5.810057991528026 ], [ -73.21149714714079, 5.810357166161396 ], [ -73.211915640967675, 5.810596456393966 ], [ -73.212094979957271, 5.810656250863076 ], [ -73.212573112664927, 5.810536347701031 ], [ -73.212871838709191, 5.810177064752565 ], [ -73.213170564377833, 5.809817782560287 ], [ -73.213349722999737, 5.809398682711446 ], [ -73.213648447060052, 5.809039399378378 ], [ -73.21406676082421, 5.80879979411776 ], [ -73.21454493680659, 5.808799612828466 ], [ -73.215023112773849, 5.80879943113473 ], [ -73.215501310575917, 5.808859110770527 ], [ -73.215979509367401, 5.80891878999779 ], [ -73.216457662535163, 5.808858745356531 ], [ -73.216756385196959, 5.808499460457426 ], [ -73.216636658314656, 5.808020613342933 ], [ -73.216277912712826, 5.807721441991987 ], [ -73.216098437402934, 5.807302478419672 ], [ -73.216277593100244, 5.806883377714769 ], [ -73.216576314885685, 5.806524092920142 ], [ -73.216934829996262, 5.806224647690669 ], [ -73.217113984754747, 5.805805546740828 ], [ -73.216994258226237, 5.805326698741851 ], [ -73.216934303485061, 5.804847827781032 ], [ -73.216754829590286, 5.804428865263219 ], [ -73.216635103695751, 5.803950017142597 ], [ -73.216694692299313, 5.803471100330967 ], [ -73.216873846444173, 5.803051999442346 ], [ -73.217052976538127, 5.802573037665127 ], [ -73.217232130155594, 5.802153936670152 ], [ -73.217710346356796, 5.802273476391349 ], [ -73.218128814443276, 5.802452900480091 ], [ -73.218606984946916, 5.802452715955553 ], [ -73.218845907727143, 5.802033591400573 ], [ -73.218785951882694, 5.801554720626257 ], [ -73.218367485183251, 5.80137529700022 ], [ -73.217949017835451, 5.801195873958818 ], [ -73.217769543555164, 5.800776910789239 ], [ -73.217888879080419, 5.800238109107056 ], [ -73.218367070748116, 5.800297786595934 ], [ -73.218725811658601, 5.800596956834966 ], [ -73.21920404991522, 5.800776357074142 ], [ -73.219323592180842, 5.800776310767162 ], [ -73.219682149485493, 5.800596586491167 ], [ -73.219980865887749, 5.800237300024492 ], [ -73.220339352948713, 5.79987799014998 ], [ -73.220817473751993, 5.799758080376876 ], [ -73.221295641899189, 5.799757893666822 ], [ -73.221773810030868, 5.799757706552896 ], [ -73.222192135961279, 5.799577957318149 ], [ -73.222550644628598, 5.799278508734915 ], [ -73.222968947345521, 5.79903889722118 ], [ -73.223387414523586, 5.79921831747032 ], [ -73.22368641075542, 5.799577368898383 ], [ -73.223686599402413, 5.800056262658245 ], [ -73.223806330243633, 5.800535109158091 ], [ -73.224165074043981, 5.800834275832301 ], [ -73.224643195616807, 5.800714362832025 ], [ -73.224941908838957, 5.800355073866683 ], [ -73.224881948108361, 5.799876203899544 ], [ -73.224762216529598, 5.799397358550777 ], [ -73.224522967000951, 5.798978421389336 ], [ -73.22434348871252, 5.798559460429374 ], [ -73.22422375790336, 5.798080614011212 ], [ -73.223864991374512, 5.797721586460625 ], [ -73.223565996958541, 5.797362534164961 ], [ -73.223685349912444, 5.796883593159009 ], [ -73.224103673101979, 5.796703842598617 ], [ -73.224581838570771, 5.796703653212319 ], [ -73.225059980310959, 5.796643601701533 ], [ -73.225358976148357, 5.797002653195705 ], [ -73.225239624597862, 5.797481594498493 ], [ -73.225120272860465, 5.797960534870981 ], [ -73.225120462663426, 5.798439428610777 ], [ -73.2251804233955, 5.798918298574904 ], [ -73.225419673371164, 5.799337235441612 ], [ -73.225838188186685, 5.799636376357569 ], [ -73.226077438959919, 5.800055312905215 ], [ -73.226017858559487, 5.800534230446601 ], [ -73.225958278073961, 5.801013147977983 ], [ -73.2260182398648, 5.801492016866916 ], [ -73.225898888078973, 5.801970958248035 ], [ -73.225480609253111, 5.802270433645049 ], [ -73.225122100374335, 5.802569884970808 ], [ -73.224763614821654, 5.802929197789979 ], [ -73.224823575874382, 5.803408066804479 ], [ -73.224584656161198, 5.803827193717211 ], [ -73.224226145835871, 5.804126644515236 ], [ -73.223747998612907, 5.804186695552573 ], [ -73.223269850369661, 5.804246746189961 ], [ -73.222911339061909, 5.804546196187175 ], [ -73.222732189017961, 5.804965297909746 ], [ -73.222433472037835, 5.805324585797564 ], [ -73.222373888165635, 5.805803503006587 ], [ -73.222613139213195, 5.806222440926319 ], [ -73.222971887027143, 5.806521607277716 ], [ -73.223390359814175, 5.806701027265206 ], [ -73.22380883285615, 5.806880446931871 ], [ -73.224167580797996, 5.8071796133828 ], [ -73.224405521380504, 5.807465341335217 ], [ -73.224329309343034, 5.807617419563257 ], [ -73.224123554198911, 5.807863940894606 ], [ -73.224115226129811, 5.807868096306777 ], [ -73.223876907593024, 5.807986984724835 ], [ -73.223589369654576, 5.807986550091869 ], [ -73.223491016400885, 5.807867985032942 ], [ -73.223384358450915, 5.807739408575571 ], [ -73.223179285001606, 5.807533406205721 ], [ -73.223056426321364, 5.807286388683906 ], [ -73.222933567751568, 5.807039372034296 ], [ -73.222769632785685, 5.806792292801504 ], [ -73.222482158814842, 5.8067507201593 ], [ -73.222194622380812, 5.806750284792486 ], [ -73.221907085941893, 5.806749850184588 ], [ -73.221619486956456, 5.806790552854977 ], [ -73.221332074707163, 5.806707841294553 ], [ -73.221085800711421, 5.806584052119547 ], [ -73.220880791094487, 5.806336909622303 ], [ -73.220757933675998, 5.806089893352691 ], [ -73.220676216325614, 5.805801798709069 ], [ -73.220635573675565, 5.805513766759987 ], [ -73.220471641055383, 5.805266687697383 ], [ -73.220225429613834, 5.805101759775198 ], [ -73.2199379566419, 5.805060185797515 ], [ -73.219691311157874, 5.805183226896816 ], [ -73.21952663209629, 5.805429809397197 ], [ -73.219402965719269, 5.805717591181349 ], [ -73.219361392141764, 5.806046635979669 ], [ -73.219360955907518, 5.80633460614456 ], [ -73.219360520581688, 5.806622575401207 ], [ -73.219442175609231, 5.806951806772247 ], [ -73.219606109210872, 5.807198887021855 ], [ -73.219811118615326, 5.807446029077994 ], [ -73.21997505162102, 5.807693109205161 ], [ -73.220180124914179, 5.807899112778159 ], [ -73.220426336684795, 5.808064040659076 ], [ -73.22071374861099, 5.808146753559981 ], [ -73.221001349266714, 5.808106051323193 ], [ -73.2212890722883, 5.807983071379795 ], [ -73.221576671905041, 5.807942367950204 ], [ -73.221864023201761, 5.808066218589488 ], [ -73.222110173007081, 5.808272284040584 ], [ -73.222233030609345, 5.808519301767205 ], [ -73.222479243218913, 5.80868422781208 ], [ -73.222725455969794, 5.808849154648385 ], [ -73.222917296379421, 5.808876899437223 ], [ -73.223012931927428, 5.808890728027052 ], [ -73.223300469431535, 5.808891162935879 ], [ -73.223588006930242, 5.808891596793671 ], [ -73.223875606796014, 5.808850893089243 ], [ -73.224163145167097, 5.808851326654803 ], [ -73.224450682629652, 5.808851760979337 ], [ -73.22473834380213, 5.808769917615962 ], [ -73.225026005790312, 5.808688075013947 ], [ -73.225272652426611, 5.808565030683326 ], [ -73.22560145218938, 5.808442110937449 ], [ -73.225660793827217, 5.80841674562248 ], [ -73.225933364166849, 5.80846266472048 ], [ -73.226247156688487, 5.808515529303634 ], [ -73.226508559248259, 5.80862070341891 ], [ -73.226822272554102, 5.808725956875492 ], [ -73.227083595989086, 5.80888352081854 ], [ -73.227292529587146, 5.809093398033895 ], [ -73.227553853318, 5.809250962650879 ], [ -73.227815178094659, 5.809408527140022 ], [ -73.228076580432003, 5.809513701404683 ], [ -73.228337982861945, 5.809618874639398 ], [ -73.228546917188226, 5.809828752261694 ], [ -73.228808241592048, 5.809986316267668 ], [ -73.229069567041734, 5.810143880145688 ], [ -73.229330891729944, 5.810301443896719 ], [ -73.229539826670702, 5.810511320217472 ], [ -73.229748761765848, 5.810721195548297 ], [ -73.229957697015948, 5.810931071699201 ], [ -73.230166632420719, 5.811140946860235 ], [ -73.230323177182584, 5.811403134705358 ], [ -73.230346220078559, 5.811461080168669 ], [ -73.230427409373817, 5.811665244287724 ], [ -73.230531563579007, 5.811979743928816 ], [ -73.230542522853284, 5.812012835960502 ], [ -73.230362637856956, 5.812166787131616 ], [ -73.230149276324084, 5.812349386775793 ], [ -73.229875168998262, 5.812440435713427 ], [ -73.229601198017065, 5.812440024950831 ], [ -73.229388383823277, 5.812256785125555 ], [ -73.229206056268254, 5.812043104258748 ], [ -73.22902372885153, 5.811829423326117 ], [ -73.228810915072927, 5.811646183262951 ], [ -73.22853703643591, 5.811584798010358 ], [ -73.228263157853178, 5.811523412622535 ], [ -73.227989232854156, 5.811492515437862 ], [ -73.227745887400488, 5.811370202373098 ], [ -73.227533119787267, 5.811156474368715 ], [ -73.227533531030474, 5.810882093794305 ], [ -73.227473061331636, 5.810607622794066 ], [ -73.227260293211543, 5.81039389557111 ], [ -73.227016994006647, 5.810241095631852 ], [ -73.226865656132247, 5.810207175713231 ], [ -73.226699130794543, 5.810039899298999 ], [ -73.226376761345534, 5.809967644429889 ], [ -73.226054229777446, 5.810003042936955 ], [ -73.225731806030808, 5.809966671614632 ], [ -73.225445429231911, 5.809786817106442 ], [ -73.225158998187965, 5.809642847270425 ], [ -73.224836629128617, 5.809570590600401 ], [ -73.224514152120207, 5.809570105207172 ], [ -73.224227290063254, 5.80971320988499 ], [ -73.224262634451122, 5.810036225176987 ], [ -73.224513179905614, 5.810216025749469 ], [ -73.224799611093715, 5.81035999680978 ], [ -73.224799124711069, 5.810682958425502 ], [ -73.224547930864901, 5.810933771374039 ], [ -73.224225453074212, 5.810933284036025 ], [ -73.223939021725414, 5.810789312692918 ], [ -73.22361659761907, 5.810752941081773 ], [ -73.223294175354454, 5.810716569284295 ], [ -73.222971481231298, 5.810859619636631 ], [ -73.222648895194482, 5.810930901056508 ], [ -73.222326199870679, 5.811073951050616 ], [ -73.222096992213665, 5.811237392548605 ], [ -73.221880952823824, 5.811182955176832 ], [ -73.221681499651424, 5.810982597268662 ], [ -73.221587990749583, 5.8108573366614 ], [ -73.221061561730721, 5.810932069993839 ], [ -73.220741909730009, 5.811038760688348 ], [ -73.220503972954475, 5.811131543053421 ], [ -73.220375012434886, 5.811177698273127 ], [ -73.220309667400898, 5.811198498792692 ], [ -73.220247860672544, 5.811216079767576 ], [ -73.220188552275033, 5.811230736632467 ], [ -73.220131187425011, 5.81124260082828 ], [ -73.220079471978352, 5.811249403902139 ], [ -73.220049424608931, 5.811250700696121 ], [ -73.219531708734678, 5.811301983554927 ], [ -73.219329124679462, 5.811639624024679 ], [ -73.21926665148635, 5.811868692256041 ], [ -73.219158423941053, 5.812265523361646 ], [ -73.219159124561031, 5.812268627218884 ], [ -73.219614659105332, 5.812553336928204 ], [ -73.219982848421807, 5.812632234013506 ], [ -73.22013545775684, 5.812649161295838 ], [ -73.220192645450538, 5.81265775183266 ], [ -73.220243546932409, 5.812667457052044 ], [ -73.220291186048371, 5.812678932801475 ], [ -73.220335138989356, 5.812692178342502 ], [ -73.220376022112134, 5.81270737805437 ], [ -73.220414158067342, 5.812724659415267 ], [ -73.220454779887518, 5.812746430382333 ], [ -73.220496076260076, 5.812771631914416 ], [ -73.220538490977617, 5.812800527190802 ], [ -73.220582877306413, 5.812833696884468 ], [ -73.220662001256926, 5.812898703353994 ], [ -73.220841164440344, 5.813055219870535 ], [ -73.220928121964107, 5.813124407023054 ], [ -73.221327871881954, 5.813409943450097 ], [ -73.221841835230464, 5.81358126435174 ], [ -73.222047984594099, 5.813581263887784 ], [ -73.222129162134877, 5.813570836306155 ], [ -73.222382278273415, 5.813533630155803 ], [ -73.222433089705305, 5.813585282565782 ], [ -73.222488403769262, 5.81365013162349 ], [ -73.222537995063533, 5.813714982024976 ], [ -73.222581341875184, 5.813785949019177 ], [ -73.222604751615904, 5.813829422018614 ], [ -73.222627639650682, 5.81387901297893 ], [ -73.222656250435534, 5.813951494398907 ], [ -73.222671509309976, 5.813997269291747 ], [ -73.222684860592267, 5.814043045841231 ], [ -73.222700119434194, 5.814111709829717 ], [ -73.222710288178632, 5.814176117830414 ], [ -73.222715227198989, 5.814219005336554 ], [ -73.222719192746695, 5.814256667793927 ], [ -73.222723007233412, 5.814321519031694 ], [ -73.222721100159788, 5.814371108904538 ], [ -73.222715378200348, 5.814416884829086 ], [ -73.222709653548293, 5.814451218016757 ], [ -73.222696305718443, 5.814496995138427 ], [ -73.222679137578211, 5.814538957408729 ], [ -73.222658156067439, 5.814569474823941 ], [ -73.222651170929453, 5.814578789961445 ], [ -73.22287025536076, 5.814716383823225 ], [ -73.223113601308171, 5.814838698959022 ], [ -73.223338325549946, 5.814889068034347 ], [ -73.223387480142094, 5.814900085891395 ], [ -73.223661452426427, 5.81490050143185 ], [ -73.223935422898137, 5.81490091503025 ], [ -73.224209440033519, 5.814870842868629 ], [ -73.224483595287836, 5.81474931007557 ], [ -73.224696958700122, 5.814566711575651 ], [ -73.224727814191965, 5.814292377694187 ], [ -73.224728226737511, 5.814017998004715 ], [ -73.224667757992393, 5.81374352669468 ], [ -73.224668170576876, 5.8134691469985 ], [ -73.224759907279633, 5.813194904726572 ], [ -73.225033924437753, 5.813164832196151 ], [ -73.22524673673604, 5.813348073698137 ], [ -73.225520570241656, 5.81343994705361 ], [ -73.225794540877075, 5.813440359776791 ], [ -73.226068649413492, 5.813349312777916 ], [ -73.226312408096419, 5.813197246868356 ], [ -73.226495374916055, 5.812984116376242 ], [ -73.226587110653043, 5.812709872935159 ], [ -73.226587523230478, 5.812435494168653 ], [ -73.226618375918974, 5.812161159298853 ], [ -73.226679671386137, 5.811886871037018 ], [ -73.226878845655847, 5.811687996625324 ], [ -73.227209898795138, 5.81198226606756 ], [ -73.227381219715994, 5.812838871957069 ], [ -73.227209899355159, 5.813581264361858 ], [ -73.226581722281423, 5.813866798666538 ], [ -73.225839329929556, 5.8140952267442 ], [ -73.225268259369045, 5.814437869927929 ], [ -73.225211152160227, 5.81512315459122 ], [ -73.225096938122761, 5.815922654068686 ], [ -73.224868510017018, 5.81632240282994 ], [ -73.22479437582416, 5.816878404152249 ], [ -73.223998904739005, 5.817821820289794 ], [ -73.22366954860945, 5.818017177888009 ], [ -73.223327967794319, 5.818219788230863 ], [ -73.22293675044142, 5.818253713641468 ], [ -73.222802578552717, 5.818186274934021 ], [ -73.222536435694565, 5.818052501547868 ], [ -73.222336979787769, 5.817852144926121 ], [ -73.222204211740234, 5.817585203327155 ], [ -73.222004756117201, 5.817384845668869 ], [ -73.221738613817536, 5.817251072786291 ], [ -73.221472471639743, 5.817117298867799 ], [ -73.221206331391613, 5.816983524817829 ], [ -73.220873402077075, 5.816983019882002 ], [ -73.220606956828817, 5.817049300826625 ], [ -73.220340411859866, 5.817182266139184 ], [ -73.220140351726059, 5.81738201655628 ], [ -73.219873704971178, 5.817581667055606 ], [ -73.219740128603064, 5.817848204398558 ], [ -73.219473482389503, 5.818047852908535 ], [ -73.219339905727622, 5.818314390163778 ], [ -73.219355582385901, 5.818377597874303 ], [ -73.219370983001966, 5.818439690739694 ], [ -73.219223093290566, 5.818452038021462 ], [ -73.219073197253294, 5.818554898981233 ], [ -73.219072752939894, 5.818847462775238 ], [ -73.219005762575534, 5.819114100801528 ], [ -73.218805701295821, 5.819313850775472 ], [ -73.218672124036686, 5.819580386978714 ], [ -73.218635119901194, 5.819654225267755 ], [ -73.21858179805065, 5.819600661255322 ], [ -73.218392646116342, 5.819458135559728 ], [ -73.218288005394356, 5.819581603609379 ], [ -73.218056299735281, 5.81979366715035 ], [ -73.21782459390181, 5.820005729696163 ], [ -73.217554353997059, 5.82019842295324 ], [ -73.217264949323578, 5.820313845153066 ], [ -73.216956467114471, 5.820294063962876 ], [ -73.21679618929403, 5.820202016223277 ], [ -73.216740518560414, 5.819977553018475 ], [ -73.216741026123032, 5.819644128702237 ], [ -73.216741533693266, 5.819310706192027 ], [ -73.216608463093678, 5.81924381761911 ], [ -73.216561468350562, 5.819054332680764 ], [ -73.216542283101433, 5.818976976652209 ], [ -73.216342828898746, 5.818776617850631 ], [ -73.216076587020552, 5.818709526785142 ], [ -73.215810142127793, 5.818775804606958 ], [ -73.215609977782776, 5.81904223890092 ], [ -73.215593434374114, 5.819108084426603 ], [ -73.215542984847957, 5.819308875671368 ], [ -73.21547599275857, 5.81957551333835 ], [ -73.215475485351931, 5.819908935871467 ], [ -73.215474977048984, 5.820242360211523 ], [ -73.215474468752063, 5.820575782737023 ], [ -73.215473961366001, 5.820909207068723 ], [ -73.215473453083064, 5.821242631396558 ], [ -73.215672804993972, 5.821509674969548 ], [ -73.215805571007991, 5.821776617244609 ], [ -73.21601257104021, 5.821880664769139 ], [ -73.216005127172537, 5.821910291683423 ], [ -73.215938135040176, 5.822176929384113 ], [ -73.215937627056462, 5.822510351877497 ], [ -73.215804046819017, 5.822776888355349 ], [ -73.21553749889182, 5.822909849704843 ], [ -73.215270949028934, 5.823042811838206 ], [ -73.214938016927022, 5.823042302627755 ], [ -73.214605084818913, 5.823041794125913 ], [ -73.214338841090353, 5.822974701411965 ], [ -73.214072597420568, 5.822907608569892 ], [ -73.213806456017267, 5.822773831092832 ], [ -73.213607002263473, 5.822573471364194 ], [ -73.213550191180786, 5.822497369324651 ], [ -73.213407650003887, 5.822306427049341 ], [ -73.213274884967234, 5.822039484177651 ], [ -73.213082942098879, 5.821846668145838 ] ] ] ] } },
{ "type": "Feature", "properties": { "fid": 122628, "Shape_Area": 4.6818506826999997e-05, "area_ha": 57.25065493087962, "tipo": "hidrica", "clas": "terraceo y laminar", "gra": "moderada" }, "geometry": { "type": "MultiPolygon", "coordinates": [ [ [ [ -73.203427969750862, 5.810539713851426 ], [ -73.203188730643603, 5.810120767423655 ], [ -73.202889742089951, 5.809761705021629 ], [ -73.202829798601272, 5.809282832227041 ], [ -73.203128529468813, 5.808923554215937 ], [ -73.203427260863691, 5.808564276054938 ], [ -73.203367317085053, 5.808085404213557 ], [ -73.203247601507144, 5.807606552939944 ], [ -73.203068135714773, 5.807187584880751 ], [ -73.203008192423908, 5.8067087120574 ], [ -73.203306922779745, 5.806349434875187 ], [ -73.203605652759336, 5.80599015663887 ], [ -73.203665252562928, 5.805511240828707 ], [ -73.204023775066958, 5.805211802644408 ], [ -73.204382275625278, 5.804852502458004 ], [ -73.204621210979724, 5.804433384430638 ], [ -73.204860145084467, 5.804014265404021 ], [ -73.205278480820141, 5.803834528385721 ], [ -73.205577208246382, 5.803475249166866 ], [ -73.205816142155868, 5.803056129761217 ], [ -73.206174661971545, 5.802756691187881 ], [ -73.206473387366827, 5.802397411522691 ], [ -73.206891721375769, 5.802217673361952 ], [ -73.207130653798401, 5.801798553435844 ], [ -73.207309814632595, 5.801379455311974 ], [ -73.207429182142164, 5.800900518165349 ], [ -73.207369236038346, 5.800421645804533 ], [ -73.207189769708179, 5.800002678974067 ], [ -73.207070052878578, 5.799523828426402 ], [ -73.207010107263443, 5.799044956893397 ], [ -73.207189267391584, 5.798625858794935 ], [ -73.207308634507172, 5.798146920739157 ], [ -73.207607357745587, 5.797787640529293 ], [ -73.207906080609007, 5.797428361075504 ], [ -73.208384290215236, 5.797547908912691 ], [ -73.208683276338036, 5.797906968669906 ], [ -73.208862743035638, 5.798325935042101 ], [ -73.209101980965954, 5.798744879272135 ], [ -73.209460717103468, 5.799044055614331 ], [ -73.20981945361649, 5.799343231712271 ], [ -73.210178189600981, 5.799642406661633 ], [ -73.210536926864961, 5.799941582271458 ], [ -73.210835915622795, 5.800300641671981 ], [ -73.211134904761309, 5.80065970089629 ], [ -73.211194854059272, 5.801138572738694 ], [ -73.211434094934305, 5.801557514931631 ], [ -73.211792833174229, 5.80185668965737 ], [ -73.212211321619463, 5.80209597996668 ], [ -73.212629787984838, 5.8022754081926 ], [ -73.213048254605553, 5.80245483609815 ], [ -73.213526424368013, 5.802454655867052 ], [ -73.214004572448516, 5.802394613478214 ], [ -73.214482697792903, 5.802274708937148 ], [ -73.214841212358863, 5.801975264143209 ], [ -73.21525951958381, 5.801735658152154 ], [ -73.215558239444647, 5.801376373906635 ], [ -73.215797165004687, 5.800957251460204 ], [ -73.216036090219177, 5.800538128014921 ], [ -73.216514236349042, 5.800478083571363 ], [ -73.216693709615242, 5.80089704718182 ], [ -73.2165145787867, 5.801376008865475 ], [ -73.216335424855174, 5.801795109655302 ], [ -73.215976911222697, 5.80209455536442 ], [ -73.215797756680843, 5.80251365599662 ], [ -73.215558830509167, 5.802932779349533 ], [ -73.215140499861548, 5.803112522927449 ], [ -73.214662351334539, 5.803172566292574 ], [ -73.214184225284328, 5.803292471008035 ], [ -73.213706076475546, 5.803352513573998 ], [ -73.213646305049224, 5.803352536147429 ], [ -73.213168089562885, 5.803232992998005 ], [ -73.212689895795108, 5.803173311193746 ], [ -73.21227140635051, 5.802934022188992 ], [ -73.211852939595474, 5.802754593715861 ], [ -73.211434451699688, 5.802515303158884 ], [ -73.211015963245643, 5.802276012278071 ], [ -73.210597497346555, 5.802096582840193 ], [ -73.210119304731904, 5.802036898816425 ], [ -73.209641179433618, 5.802156799697798 ], [ -73.209222868478037, 5.802396401630801 ], [ -73.208864350560589, 5.802695842978608 ], [ -73.208446016881339, 5.802875582584875 ], [ -73.208027705773873, 5.803115182760166 ], [ -73.207968109849048, 5.803594098931057 ], [ -73.20778894886746, 5.804013197238419 ], [ -73.207550016066705, 5.804432317425665 ], [ -73.207191495980453, 5.804731756864953 ], [ -73.206832975513635, 5.805031196992218 ], [ -73.206653813264779, 5.805450294964885 ], [ -73.206474650760128, 5.805869392883949 ], [ -73.206415054215654, 5.806348308901534 ], [ -73.206415250287762, 5.806887063960573 ], [ -73.20641542458992, 5.807365958142327 ], [ -73.206475369930558, 5.807844830489785 ], [ -73.206654838427028, 5.808263796456572 ], [ -73.206953829375948, 5.808622857734179 ], [ -73.207252820705946, 5.808981918835741 ], [ -73.20755181241708, 5.809340979761089 ], [ -73.207850804509462, 5.809700040510222 ], [ -73.208030274642908, 5.810119005955698 ], [ -73.207970678195466, 5.810597922034731 ], [ -73.207970700160672, 5.810657783794227 ], [ -73.20773165516664, 5.81077759525698 ], [ -73.207253477304903, 5.810777770842435 ], [ -73.206775255749903, 5.810658222495533 ], [ -73.206356785704372, 5.810478790146192 ], [ -73.205938315011167, 5.810299357476765 ], [ -73.20546009410134, 5.810179807990721 ], [ -73.204981959971462, 5.810299705179091 ], [ -73.204683229618297, 5.810658984136978 ], [ -73.204264888720104, 5.810838720855429 ], [ -73.203786710702218, 5.810838893508787 ], [ -73.203427969750862, 5.810539713851426 ] ] ] ] } },
{ "type": "Feature", "properties": { "fid": 122599, "Shape_Area": 1.45056665e-05, "area_ha": 17.737965625000246, "tipo": "hidrica", "clas": "terraceo y laminar", "gra": "moderada" }, "geometry": { "type": "MultiPolygon", "coordinates": [ [ [ [ -73.199001593193486, 5.801322575714778 ], [ -73.199300323441435, 5.800963300590467 ], [ -73.199778471298885, 5.800903270209233 ], [ -73.20025668329032, 5.801022824853476 ], [ -73.200675018430616, 5.800843091245554 ], [ -73.201033539714786, 5.800543654954708 ], [ -73.201332267343162, 5.800184377901985 ], [ -73.201690787862503, 5.799884941214259 ], [ -73.201989515634523, 5.799525663832526 ], [ -73.202348035389207, 5.799226227653207 ], [ -73.202706533397361, 5.798866928547909 ], [ -73.202885696697649, 5.79844783169824 ], [ -73.203124629744877, 5.798028713359258 ], [ -73.203602711160499, 5.797789094432972 ], [ -73.204080749151728, 5.797429752416576 ], [ -73.204558808085949, 5.797130270909577 ], [ -73.204977116428211, 5.79689067244675 ], [ -73.205395446954981, 5.796710935483816 ], [ -73.20581377720805, 5.796531198220521 ], [ -73.206232085459931, 5.79629159886008 ], [ -73.206710228464829, 5.796231562778758 ], [ -73.207068961762388, 5.796530740764581 ], [ -73.20724842681642, 5.796949707727038 ], [ -73.206889911149403, 5.797249147795867 ], [ -73.206471580744221, 5.797428885856391 ], [ -73.206172857850106, 5.797788164585484 ], [ -73.20569473424132, 5.797908062053637 ], [ -73.205216567163632, 5.797908235531565 ], [ -73.204738400071506, 5.797908408606077 ], [ -73.204260276920536, 5.798028304876425 ], [ -73.203961551381383, 5.7983875833973 ], [ -73.203782388904358, 5.798806680559778 ], [ -73.203902102813629, 5.799285531918201 ], [ -73.204380292634028, 5.799345221306226 ], [ -73.204858416854847, 5.799225324901556 ], [ -73.205336628341058, 5.799344875273675 ], [ -73.20575511234648, 5.79958416963683 ], [ -73.20611386907126, 5.799943209924095 ], [ -73.206233585202483, 5.800422060692199 ], [ -73.20593485974274, 5.800781340224546 ], [ -73.205456668590386, 5.800721652201162 ], [ -73.205038205464803, 5.800542218539249 ], [ -73.20473922013133, 5.800183155952652 ], [ -73.204320758520453, 5.800003721734413 ], [ -73.203842632616897, 5.800123617708834 ], [ -73.203364485057989, 5.800183651487316 ], [ -73.202946023845641, 5.80000421623771 ], [ -73.202467897610688, 5.800124111061223 ], [ -73.202228962337699, 5.800543229140317 ], [ -73.201930234208533, 5.800902506648811 ], [ -73.20145208573831, 5.800962538840338 ], [ -73.201332713130853, 5.801441474903413 ], [ -73.201332882980751, 5.801920369329196 ], [ -73.201093947046786, 5.802339486957635 ], [ -73.20061581841685, 5.802459380288781 ], [ -73.200257295728079, 5.802758816344465 ], [ -73.200018357748604, 5.803177932641177 ], [ -73.199600020688422, 5.803357665815099 ], [ -73.199316106607114, 5.803357765904309 ], [ -73.199002243805865, 5.803178290938206 ], [ -73.198822782616219, 5.802759322214683 ], [ -73.198882386229002, 5.802280406725515 ], [ -73.198941989754758, 5.801801491225547 ], [ -73.199001593193486, 5.801322575714778 ] ] ] ] } },
{ "type": "Feature", "properties": { "fid": 122637, "Shape_Area": 3.8826739894000001e-05, "area_ha": 47.477922098008477, "tipo": "hidrica", "clas": "terraceo y laminar", "gra": "moderada" }, "geometry": { "type": "MultiPolygon", "coordinates": [ [ [ [ -73.185316888259365, 5.810246634175655 ], [ -73.185735214685849, 5.810007049453134 ], [ -73.186213372853217, 5.809947031163233 ], [ -73.186691590052817, 5.810066596175545 ], [ -73.187169787675657, 5.810126299845422 ], [ -73.187647964665587, 5.810126141273429 ], [ -73.188126142545798, 5.810125982296597 ], [ -73.188544468534758, 5.809886396438969 ], [ -73.188902982086574, 5.809527105695508 ], [ -73.188783278276333, 5.80904825098105 ], [ -73.188364793888411, 5.80880894323144 ], [ -73.187886656801595, 5.808928826046554 ], [ -73.18746833121287, 5.809168412316353 ], [ -73.187169590020005, 5.809527682385294 ], [ -73.186751105914311, 5.809288373434356 ], [ -73.186930284200912, 5.808869281285979 ], [ -73.187109462230751, 5.808450189083089 ], [ -73.187049532190883, 5.807971315046302 ], [ -73.186929830304166, 5.807492459851858 ], [ -73.187109007931838, 5.807073367642772 ], [ -73.187407728140954, 5.806654235772953 ], [ -73.187706468627596, 5.806294966500445 ], [ -73.188124811883029, 5.806115241943075 ], [ -73.188602966463748, 5.806055220832718 ], [ -73.189081060165108, 5.805815613806942 ], [ -73.189379799138408, 5.805456342783486 ], [ -73.189558974336251, 5.805037249847487 ], [ -73.189797900900942, 5.804558275871671 ], [ -73.19009663877182, 5.804199004489931 ], [ -73.190275813065966, 5.803779911338665 ], [ -73.190454946924035, 5.803241094455245 ], [ -73.190454786214616, 5.802762200643883 ], [ -73.190454625518271, 5.802283305919332 ], [ -73.190275130721318, 5.801744609660318 ], [ -73.190274970204825, 5.80126571491337 ], [ -73.19027480970226, 5.800786821063639 ], [ -73.190573545356017, 5.800427549457368 ], [ -73.190932071024008, 5.800128119389456 ], [ -73.191350388525791, 5.799888530747012 ], [ -73.191768725883264, 5.79970880364715 ], [ -73.192246854336872, 5.799588917793017 ], [ -73.192545567807656, 5.799169784257685 ], [ -73.193023776106543, 5.799289345120371 ], [ -73.193442255193588, 5.799528648765033 ], [ -73.193860714190293, 5.799708091157186 ], [ -73.194338923186137, 5.799827650882492 ], [ -73.194697652574234, 5.800126836814343 ], [ -73.194638045580916, 5.800605752010881 ], [ -73.194458875478006, 5.801024846450389 ], [ -73.19439926821309, 5.801503760711739 ], [ -73.194100535407131, 5.801863034261999 ], [ -73.19386159314837, 5.802282149018765 ], [ -73.193383442436243, 5.802342174458886 ], [ -73.192905250920035, 5.802282475833636 ], [ -73.192486933285238, 5.802522065641369 ], [ -73.192546867170734, 5.803000939062827 ], [ -73.192726322973158, 5.803419910832417 ], [ -73.192905779952639, 5.803838882529931 ], [ -73.192786399549846, 5.804317817911624 ], [ -73.192308268178635, 5.804437704329359 ], [ -73.191830074972358, 5.804378004854698 ], [ -73.191351922230069, 5.804438028639368 ], [ -73.191352083743368, 5.804916922397297 ], [ -73.191172909923921, 5.805336015858529 ], [ -73.190814381187977, 5.805635446127951 ], [ -73.190336247340269, 5.805755330923887 ], [ -73.189917905100231, 5.805935057087765 ], [ -73.189619166234763, 5.806294328386741 ], [ -73.189559554461539, 5.806773242202553 ], [ -73.189679258379272, 5.807252096785191 ], [ -73.189918486414513, 5.807671049351711 ], [ -73.19027721865956, 5.807970237916834 ], [ -73.190695683045988, 5.808149682423732 ], [ -73.191173838088332, 5.808089659096936 ], [ -73.191652014152851, 5.808089497193237 ], [ -73.192130210487278, 5.808149196707859 ], [ -73.192429192437771, 5.808508265082025 ], [ -73.192190246284667, 5.808927379168779 ], [ -73.191891507383787, 5.809286651635091 ], [ -73.191473183324831, 5.809526240819139 ], [ -73.191114651273324, 5.809825671316958 ], [ -73.190756119744321, 5.810125100691437 ], [ -73.190397586930771, 5.810424530752982 ], [ -73.189979261380131, 5.810664118869965 ], [ -73.189845397163936, 5.810740787112536 ], [ -73.189501123126945, 5.810784003082915 ], [ -73.189022985562985, 5.810903886896881 ], [ -73.188604659050895, 5.811143474022685 ], [ -73.188126480325479, 5.811143633432437 ], [ -73.187648301586648, 5.811143792437292 ], [ -73.187170123738213, 5.811143951037366 ], [ -73.186691964692727, 5.811203971068267 ], [ -73.186213805532986, 5.811263990697739 ], [ -73.185735646259388, 5.811324009925727 ], [ -73.185257507344545, 5.811443890591477 ], [ -73.185078327050633, 5.811862981332069 ], [ -73.18507848347042, 5.812341876042979 ], [ -73.185138412431911, 5.81282075115854 ], [ -73.185317867083143, 5.813239725211304 ], [ -73.185497322007564, 5.81365869828727 ], [ -73.185318141245432, 5.81407778999278 ], [ -73.184899654456387, 5.813838479791798 ], [ -73.184600674226147, 5.813479406532338 ], [ -73.184301694377439, 5.813120334003315 ], [ -73.184062467988497, 5.812701379080295 ], [ -73.184062312417836, 5.812222484347842 ], [ -73.184361057902265, 5.811863215847211 ], [ -73.184540219240489, 5.811384263475247 ], [ -73.184719399797189, 5.810965171985401 ], [ -73.185018144216542, 5.810605903155761 ], [ -73.185316888259365, 5.810246634175655 ] ] ] ] } },
{ "type": "Feature", "properties": { "fid": 122536, "Shape_Area": 7.5970644672999994e-05, "area_ha": 92.902980146830018, "tipo": "hidrica", "clas": "terraceo y laminar", "gra": "moderada" }, "geometry": { "type": "MultiPolygon", "coordinates": [ [ [ [ -73.179955924579531, 5.77793987228813 ], [ -73.180185255741776, 5.777365125592553 ], [ -73.180070354688667, 5.776905422601828 ], [ -73.179789046300073, 5.776717720241322 ], [ -73.179847836168449, 5.776481876595938 ], [ -73.179668397951275, 5.776062899776491 ], [ -73.179309692641027, 5.77576370334225 ], [ -73.179070486448552, 5.775344746057556 ], [ -73.179070336076506, 5.774865850562435 ], [ -73.179070148129142, 5.774267231181852 ], [ -73.178711443376017, 5.773968034306733 ], [ -73.178634981813616, 5.773958486176809 ], [ -73.178634968999518, 5.773917568541151 ], [ -73.178347936468981, 5.773457919131602 ], [ -73.178175660284182, 5.772998233614942 ], [ -73.177831286985054, 5.77265353652291 ], [ -73.177429572424899, 5.772423792662494 ], [ -73.17731467469406, 5.771964088935533 ], [ -73.17731453183643, 5.771504349415125 ], [ -73.1774291435745, 5.771044574109453 ], [ -73.17783071389016, 5.770814578492434 ], [ -73.178232283876582, 5.770584583504899 ], [ -73.178576655219842, 5.770929280410598 ], [ -73.17869155462904, 5.771388983874147 ], [ -73.178749075961889, 5.771848705334548 ], [ -73.178921370248702, 5.772365858013416 ], [ -73.179265744007125, 5.772710554433615 ], [ -73.179552758780744, 5.773112735158634 ], [ -73.179610281021667, 5.773572456477439 ], [ -73.179839918003097, 5.773974656050427 ], [ -73.180184293300556, 5.77431935184768 ], [ -73.180585846515669, 5.774031886962746 ], [ -73.180585700969971, 5.773572147558127 ], [ -73.180470800455964, 5.773112444573314 ], [ -73.180241162500295, 5.772710246151178 ], [ -73.180011525777672, 5.772308046715295 ], [ -73.179781888481045, 5.771905847171411 ], [ -73.179609611661476, 5.771446162085283 ], [ -73.179552089688684, 5.770986440725494 ], [ -73.179666681428898, 5.770469197697707 ], [ -73.179953440733357, 5.770066834876957 ], [ -73.180412496348367, 5.770181624163115 ], [ -73.180469873543984, 5.770181605967366 ], [ -73.180527341620973, 5.770468925269199 ], [ -73.180527500674543, 5.770971765214199 ], [ -73.180671080312322, 5.771402725465123 ], [ -73.181101479485505, 5.771618091064624 ], [ -73.18153174186449, 5.771402451473136 ], [ -73.181746769530378, 5.770971377011449 ], [ -73.181818331831437, 5.770468514185609 ], [ -73.18166171511939, 5.770155039698864 ], [ -73.182475648407603, 5.770195539421593 ], [ -73.182893928900171, 5.769896095420222 ], [ -73.183252440053479, 5.769596670373005 ], [ -73.183790294155244, 5.769416911094936 ], [ -73.184387973860282, 5.769416717750062 ], [ -73.184806407780513, 5.769596167823522 ], [ -73.185284589626008, 5.769715736194712 ], [ -73.18576271412087, 5.769655718379454 ], [ -73.186240936157049, 5.769895009786239 ], [ -73.186539893600752, 5.770254082526662 ], [ -73.186898599003086, 5.770553274448218 ], [ -73.187078119090529, 5.771211696627063 ], [ -73.187317368529591, 5.771750375209876 ], [ -73.187437062248989, 5.772229230251867 ], [ -73.18743721957452, 5.772708125566396 ], [ -73.187377608559359, 5.773187040568644 ], [ -73.187198441002693, 5.773606133010787 ], [ -73.187019273190515, 5.774025224493585 ], [ -73.187019430214605, 5.774504119789412 ], [ -73.187198873232546, 5.774923094155383 ], [ -73.18725278540569, 5.775048971406591 ], [ -73.18718461939693, 5.775064167029996 ], [ -73.186783051026111, 5.775294168287871 ], [ -73.186783220435757, 5.775811374792681 ], [ -73.186783389861205, 5.776328582193173 ], [ -73.187013032980929, 5.776730777728858 ], [ -73.187472056543754, 5.776730626505696 ], [ -73.187988457924234, 5.776730455936672 ], [ -73.188562333055927, 5.777017603171373 ], [ -73.188906714450354, 5.777362293421049 ], [ -73.189308494173872, 5.777764431608375 ], [ -73.189595518526346, 5.778166607789046 ], [ -73.189538293440535, 5.778626366028391 ], [ -73.189251536037204, 5.779028733484324 ], [ -73.188849983947193, 5.77931620350904 ], [ -73.188448412443506, 5.779546206889961 ], [ -73.187874649358491, 5.779603864216028 ], [ -73.187358245371342, 5.779604034766351 ], [ -73.186669743745938, 5.779719195998723 ], [ -73.1861533396185, 5.779719365456913 ], [ -73.185694313614079, 5.779719515692648 ], [ -73.185292590992503, 5.779489777702054 ], [ -73.185177685370434, 5.779030075922151 ], [ -73.18540706768772, 5.778627729155914 ], [ -73.185521674102404, 5.778167952493675 ], [ -73.185234652557142, 5.777765774161821 ], [ -73.184775665358927, 5.777880858186393 ], [ -73.184316696547, 5.778053409137897 ], [ -73.183857653300265, 5.777996090553188 ], [ -73.183455932614493, 5.777766351187665 ], [ -73.182996945011098, 5.777881433787115 ], [ -73.18259539041469, 5.778168900383605 ], [ -73.182193817038694, 5.778398898503042 ], [ -73.182136585940896, 5.778858656185946 ], [ -73.182194110981186, 5.779318377066886 ], [ -73.182309015184671, 5.779778079520213 ], [ -73.182366540479677, 5.780237800361874 ], [ -73.182710921158957, 5.780582494385612 ], [ -73.182997941541885, 5.780984673964497 ], [ -73.182768557500083, 5.78138701980879 ], [ -73.182309493282219, 5.781272231863397 ], [ -73.181907752485586, 5.780985024189079 ], [ -73.181506030397202, 5.780755282605639 ], [ -73.181104253827243, 5.780353138833846 ], [ -73.180702441375843, 5.779836060154764 ], [ -73.180358025962676, 5.779376430248362 ], [ -73.180128386328249, 5.778974231040024 ], [ -73.179956106017016, 5.778514546248459 ], [ -73.179955924579531, 5.77793987228813 ] ] ] ] } },
{ "type": "Feature", "properties": { "fid": 122660, "Shape_Area": 1.8101783577e-05, "area_ha": 22.134581964613304, "tipo": "hidrica", "clas": "terraceo y laminar", "gra": "moderada" }, "geometry": { "type": "MultiPolygon", "coordinates": [ [ [ [ -73.163024349295767, 5.818993338904363 ], [ -73.162665624667909, 5.818694132921678 ], [ -73.162187438900219, 5.818694270557899 ], [ -73.161709253121217, 5.818694407788598 ], [ -73.161231051182199, 5.818634683618427 ], [ -73.1608125706191, 5.81839535539757 ], [ -73.160752661421611, 5.817916477200924 ], [ -73.160573223128779, 5.817497494914335 ], [ -73.160154760619037, 5.817318028072236 ], [ -73.159676575954563, 5.817318163548578 ], [ -73.159198409016142, 5.817378160529472 ], [ -73.158780047740663, 5.817557864117305 ], [ -73.158720140364721, 5.817078985640876 ], [ -73.159018904788866, 5.816719730964394 ], [ -73.159377458669155, 5.816420320269913 ], [ -73.159795818008377, 5.816240616260586 ], [ -73.160214177978958, 5.81606091194692 ], [ -73.16069236156892, 5.816060776044594 ], [ -73.161110823297861, 5.816240242516699 ], [ -73.161469545540513, 5.816539449579579 ], [ -73.16188800785784, 5.816718915456363 ], [ -73.162366174797228, 5.816658916218785 ], [ -73.162784516994634, 5.81641934811654 ], [ -73.163262734444288, 5.816538933827132 ], [ -73.163442174380179, 5.816957914321506 ], [ -73.16344231263588, 5.817436809499611 ], [ -73.163322904631343, 5.817915739276884 ], [ -73.163442589182125, 5.818394599832004 ], [ -73.163861053471919, 5.818574064178108 ], [ -73.16415979795994, 5.818154944069931 ], [ -73.164099885971837, 5.817676066302795 ], [ -73.164099747154012, 5.817197171144414 ], [ -73.164458298553427, 5.816897758198934 ], [ -73.164936516723628, 5.817017341563655 ], [ -73.165295242327431, 5.817316546116388 ], [ -73.165474684012224, 5.817735526808463 ], [ -73.165474824006026, 5.818214421924552 ], [ -73.165474964011366, 5.818693316127451 ], [ -73.165654406292958, 5.819112296725905 ], [ -73.166132627475065, 5.819231879911911 ], [ -73.166431599434418, 5.819590963140683 ], [ -73.166611041815486, 5.820009943393643 ], [ -73.166611182825875, 5.820488837538448 ], [ -73.16673080018171, 5.820728249739773 ], [ -73.1667309413113, 5.821207144774689 ], [ -73.166671308928528, 5.821686057467844 ], [ -73.166671450030947, 5.822164951582636 ], [ -73.166552043894171, 5.822643881914132 ], [ -73.166133699746865, 5.822883452842007 ], [ -73.165655545588891, 5.823003317274527 ], [ -73.165296816110754, 5.822704113118675 ], [ -73.165117372876352, 5.822285132484637 ], [ -73.165057459544983, 5.821806255829358 ], [ -73.165057319817379, 5.82132736076386 ], [ -73.164997406660802, 5.820848483177031 ], [ -73.164817964272856, 5.82042950239736 ], [ -73.164518993759089, 5.820070419212129 ], [ -73.164220022722873, 5.819711334948693 ], [ -73.163801540148768, 5.819472009011463 ], [ -73.163442813909739, 5.819172803548213 ], [ -73.163024349295767, 5.818993338904363 ] ] ] ] } },
{ "type": "Feature", "properties": { "fid": 122696, "Shape_Area": 1.2048642164e-05, "area_ha": 14.732674271472098, "tipo": "hidrica", "clas": "terraceo y laminar", "gra": "moderada" }, "geometry": { "type": "MultiPolygon", "coordinates": [ [ [ [ -73.15965217527156, 5.824049040221837 ], [ -73.160111221486488, 5.82399144277008 ], [ -73.160512982790351, 5.824278664911787 ], [ -73.160972094524766, 5.824450936738288 ], [ -73.161373856581918, 5.824738158240848 ], [ -73.161488753424237, 5.825197864412814 ], [ -73.161431501893446, 5.825657619879223 ], [ -73.16143163318327, 5.82611735890174 ], [ -73.161661297186356, 5.826577032120724 ], [ -73.161890944206107, 5.826979237967294 ], [ -73.161718926789945, 5.827439026390948 ], [ -73.161546908199114, 5.827898814762818 ], [ -73.161432273372043, 5.828358586642537 ], [ -73.161317638368075, 5.828818358496733 ], [ -73.161145619058345, 5.82927814674423 ], [ -73.161030983653632, 5.82973791853675 ], [ -73.160973731391039, 5.830197673905673 ], [ -73.160744312591987, 5.830600011169281 ], [ -73.160400109442605, 5.830944913786652 ], [ -73.160013037923875, 5.830896571307505 ], [ -73.159883592891504, 5.8307151907091 ], [ -73.159768695197272, 5.830255484294469 ], [ -73.159768565166985, 5.829795745301681 ], [ -73.1597684351471, 5.829336006301389 ], [ -73.159825689229535, 5.828876251016311 ], [ -73.159710791996986, 5.828416544548418 ], [ -73.1594811458923, 5.828014337807076 ], [ -73.159136749276286, 5.827669631554897 ], [ -73.159021853776153, 5.827209924904764 ], [ -73.15907910739611, 5.826750169650268 ], [ -73.159251126787638, 5.826290381967851 ], [ -73.159423146811719, 5.825830594232684 ], [ -73.159652564722705, 5.825428257466456 ], [ -73.159652434895293, 5.824968518392438 ], [ -73.159652305078225, 5.824508779310975 ], [ -73.15965217527156, 5.824049040221837 ] ] ] ] } },
{ "type": "Feature", "properties": { "fid": 122705, "Shape_Area": 0.000367575599014, "area_ha": 449.46619347979333, "tipo": "hidrica", "clas": "terraceo y laminar", "gra": "moderada" }, "geometry": { "type": "MultiPolygon", "coordinates": [ [ [ [ -73.182865472255742, 5.832869992681367 ], [ -73.182673077568893, 5.832599342132596 ], [ -73.182599758207289, 5.832461138766178 ], [ -73.182581369636011, 5.832442664728603 ], [ -73.182319968791319, 5.832337470445111 ], [ -73.182058568040247, 5.832232274226953 ], [ -73.181965443232457, 5.832176115894583 ], [ -73.182058501414417, 5.832151755920279 ], [ -73.182072329209234, 5.832148135992952 ], [ -73.181916800311285, 5.831797989316897 ], [ -73.181916646045522, 5.831319094850187 ], [ -73.181916453231793, 5.830720477660805 ], [ -73.182275002320125, 5.830421052649228 ], [ -73.18275323623385, 5.830540621296677 ], [ -73.18305222468075, 5.830899694166078 ], [ -73.183291477883415, 5.831378510833076 ], [ -73.183484778270667, 5.831717025572345 ], [ -73.183430315748808, 5.831731581158976 ], [ -73.183522595102374, 5.831905520116095 ], [ -73.183734331423295, 5.832137579597372 ], [ -73.184042845809699, 5.832138069797111 ], [ -73.184155504187061, 5.832015380783844 ], [ -73.184285827608221, 5.832053401332473 ], [ -73.184620496774528, 5.831845770891505 ], [ -73.184827558325651, 5.831366808521636 ], [ -73.184715849236284, 5.830967766770698 ], [ -73.184524352150731, 5.830297377483305 ], [ -73.184460415341732, 5.829754652018948 ], [ -73.184380597019526, 5.829387526136543 ], [ -73.184189214507853, 5.829068325449498 ], [ -73.183886332998213, 5.828988609252804 ], [ -73.183476091307341, 5.829152229501176 ], [ -73.183231043156866, 5.829343229772462 ], [ -73.182932288055042, 5.829702497766277 ], [ -73.182454093490662, 5.829702652867468 ], [ -73.181975861250976, 5.829583083938132 ], [ -73.181975706994365, 5.829104190340615 ], [ -73.182214667986159, 5.828685080361197 ], [ -73.182573216555966, 5.828385655183411 ], [ -73.182871951849336, 5.827966525565273 ], [ -73.182991345047128, 5.827487592248247 ], [ -73.183110738054609, 5.827008659808939 ], [ -73.183289924266433, 5.826589568814711 ], [ -73.18334950408132, 5.825990931224169 ], [ -73.183528631514093, 5.825392255612314 ], [ -73.18382732564379, 5.824853401883388 ], [ -73.184245643827296, 5.824553956210366 ], [ -73.184723697092409, 5.824134767026692 ], [ -73.185082241472571, 5.823835341242443 ], [ -73.185440765841065, 5.823476052520107 ], [ -73.185799249518652, 5.822997039954146 ], [ -73.185858865750333, 5.822518125746853 ], [ -73.18573914173902, 5.821979409701726 ], [ -73.185619437612672, 5.821500554525585 ], [ -73.185439961211216, 5.821021718962413 ], [ -73.185021488723066, 5.820842270895866 ], [ -73.184423754953855, 5.820842466629074 ], [ -73.18376626813108, 5.820902543028751 ], [ -73.183228327030861, 5.820962579848697 ], [ -73.182750178539663, 5.821082458624574 ], [ -73.182750333238403, 5.82156135324243 ], [ -73.183228540296909, 5.821621059930919 ], [ -73.183527524142676, 5.821980133705154 ], [ -73.183527679523252, 5.82245902738191 ], [ -73.183228928116193, 5.822818295500099 ], [ -73.183169309625157, 5.823297209495649 ], [ -73.182870557558431, 5.82365647743444 ], [ -73.182512012073403, 5.823955901847853 ], [ -73.18227305229243, 5.824375011954146 ], [ -73.182213452158294, 5.824913787674348 ], [ -73.182213606504888, 5.825392682241556 ], [ -73.181914853652813, 5.825751948795642 ], [ -73.181436681617413, 5.82581196475104 ], [ -73.180898697234227, 5.825752275843911 ], [ -73.180539958190877, 5.825453082612853 ], [ -73.180121446580529, 5.82515390733613 ], [ -73.179762708322244, 5.824854712674551 ], [ -73.179224592155776, 5.824375989309942 ], [ -73.17892560965754, 5.824016913239006 ], [ -73.178566854750159, 5.82365785683163 ], [ -73.178267854183105, 5.823238918540142 ], [ -73.177968872900067, 5.822879841910378 ], [ -73.177251551989059, 5.822760344141329 ], [ -73.176833249956303, 5.823119646560656 ], [ -73.176893229568975, 5.82377810807526 ], [ -73.177072681019922, 5.824197083764773 ], [ -73.177013057185775, 5.824675997251802 ], [ -73.176714301309289, 5.825035262053689 ], [ -73.176236110530397, 5.825035411756517 ], [ -73.175937129520435, 5.824676334062019 ], [ -73.175697866864937, 5.824137652034835 ], [ -73.175637944365803, 5.823658776803143 ], [ -73.175637795633861, 5.823179882033571 ], [ -73.175398533935663, 5.822641199823465 ], [ -73.174979990019324, 5.822222296852829 ], [ -73.174561464291912, 5.821863256304994 ], [ -73.174083294561967, 5.821923265955718 ], [ -73.174023668368307, 5.822402178329298 ], [ -73.173964042086084, 5.822881091596059 ], [ -73.173784886752571, 5.823419903561046 ], [ -73.173545920605079, 5.823839010167205 ], [ -73.173426557644518, 5.824437664563618 ], [ -73.173426741260755, 5.825036283068243 ], [ -73.173665982893738, 5.825515104247756 ], [ -73.173905207428334, 5.82593406255404 ], [ -73.174144469209921, 5.826472745336332 ], [ -73.174443450093975, 5.826831823964653 ], [ -73.174802186925831, 5.827131022038657 ], [ -73.175220548860977, 5.826951306569299 ], [ -73.17504109782891, 5.826532329410895 ], [ -73.175100723488242, 5.826053416107584 ], [ -73.175459273434853, 5.825753995364437 ], [ -73.175877765415578, 5.825993312317905 ], [ -73.176116991774677, 5.826412270528067 ], [ -73.176296444456796, 5.826831247322502 ], [ -73.176416142017388, 5.827310104597927 ], [ -73.176476103042489, 5.827908703321725 ], [ -73.176237174468611, 5.828447534667134 ], [ -73.176057982410612, 5.828866623570093 ], [ -73.175639655676548, 5.82916606244703 ], [ -73.175579881389581, 5.829166081081326 ], [ -73.175161573638945, 5.829525382354007 ], [ -73.174623641700407, 5.829645273060237 ], [ -73.174085672624358, 5.829645439583373 ], [ -73.173667197014083, 5.829465983227863 ], [ -73.173368179333238, 5.828987181469756 ], [ -73.172830155913118, 5.828807761244434 ], [ -73.172292169329125, 5.828748064185561 ], [ -73.171694427689317, 5.828748246677264 ], [ -73.171096666999631, 5.828688566685514 ], [ -73.170678192990863, 5.828509108054448 ], [ -73.170498743851226, 5.828090129387533 ], [ -73.170737714000154, 5.827671024016354 ], [ -73.171156042356358, 5.82737158871879 ], [ -73.171514596186285, 5.827072170411952 ], [ -73.171633998915695, 5.826593239199383 ], [ -73.171574025014991, 5.825934777016471 ], [ -73.171275010127829, 5.825455973980183 ], [ -73.170796692261092, 5.825037086075554 ], [ -73.170378166961711, 5.824678041536345 ], [ -73.170138927543462, 5.824199218854972 ], [ -73.169899689443127, 5.82372039695673 ], [ -73.169899545568796, 5.823241502042777 ], [ -73.170018948058441, 5.822762571091346 ], [ -73.170257916432149, 5.822343465900246 ], [ -73.170496884458089, 5.821924361516551 ], [ -73.170795625628159, 5.821505238034661 ], [ -73.170974819465357, 5.821086150648512 ], [ -73.170855127952393, 5.820607291936028 ], [ -73.170317167369205, 5.820607454608364 ], [ -73.169779279526495, 5.820847064249165 ], [ -73.169420728596663, 5.821146481429764 ], [ -73.169002403793968, 5.821445916302935 ], [ -73.168703643445156, 5.821805177002375 ], [ -73.168225455194886, 5.821805319830844 ], [ -73.167926481817744, 5.821446237646967 ], [ -73.167806792781107, 5.820967378220701 ], [ -73.167806650746627, 5.820488483208351 ], [ -73.167926055411272, 5.820009553523505 ], [ -73.168165006468598, 5.819530587288966 ], [ -73.168164864166442, 5.819051692261155 ], [ -73.16828426735384, 5.818572762493659 ], [ -73.168523235354201, 5.818153657989171 ], [ -73.169001402638514, 5.818093653119263 ], [ -73.169479587733065, 5.818093509723951 ], [ -73.169957771911811, 5.818093365923971 ], [ -73.170435956982203, 5.818093221718414 ], [ -73.170794505468564, 5.817793803932545 ], [ -73.171093262414217, 5.817434542175533 ], [ -73.171690865939468, 5.817015327570061 ], [ -73.172109203348896, 5.816775753571392 ], [ -73.172647123731906, 5.816655865558118 ], [ -73.173185062182824, 5.816595838907233 ], [ -73.173782754186107, 5.816475931482842 ], [ -73.174201109592502, 5.816296216928095 ], [ -73.174619464725879, 5.816116502070201 ], [ -73.175097648008716, 5.816116353965015 ], [ -73.175575848937001, 5.816176067316974 ], [ -73.176113805158252, 5.816175899757127 ], [ -73.176591988452742, 5.81617575038473 ], [ -73.176651761363701, 5.816175731684666 ], [ -73.177130018645755, 5.816415029282552 ], [ -73.177608277226568, 5.816654326460878 ], [ -73.17802676322043, 5.81689364207358 ], [ -73.178385495417103, 5.817192837201958 ], [ -73.178803981223098, 5.817432152212064 ], [ -73.179222449328336, 5.817611605051866 ], [ -73.179342147158479, 5.818090461846282 ], [ -73.17928252573887, 5.818569375597917 ], [ -73.17946197806981, 5.818988350600705 ], [ -73.179760958144186, 5.819347426522768 ], [ -73.180179447025068, 5.819586740427098 ], [ -73.180657651301146, 5.81964644936005 ], [ -73.181195591503752, 5.81958641501933 ], [ -73.181673700676924, 5.819346813914137 ], [ -73.182032243776916, 5.819047389157504 ], [ -73.182450558755136, 5.818747944859524 ], [ -73.182809101059604, 5.818448520532456 ], [ -73.183406812957628, 5.818388464758414 ], [ -73.183825302574292, 5.818627775941366 ], [ -73.184004757339437, 5.819046749393351 ], [ -73.18436349397814, 5.819345941463041 ], [ -73.184841640628633, 5.819226061369307 ], [ -73.184961030532804, 5.818747127597931 ], [ -73.18502064714346, 5.818268214304169 ], [ -73.185379128929128, 5.817789202010147 ], [ -73.185857351745256, 5.817908768394886 ], [ -73.186096581760069, 5.818327722368224 ], [ -73.186216285530179, 5.818806576600252 ], [ -73.186634796324086, 5.819105747467347 ], [ -73.18711296202207, 5.819045727286891 ], [ -73.187531313860916, 5.818866002940524 ], [ -73.187949785603962, 5.819045449179725 ], [ -73.188069491101032, 5.819524303855985 ], [ -73.188069650259592, 5.82000319835538 ], [ -73.187830696247886, 5.820422309786068 ], [ -73.187472175319556, 5.820781599955751 ], [ -73.187053841855345, 5.821021186105611 ], [ -73.186635566372104, 5.821440357396739 ], [ -73.186635744120167, 5.82197911371577 ], [ -73.186934730267581, 5.822338184699731 ], [ -73.187412897742774, 5.822278164185491 ], [ -73.18783123286272, 5.822038578659658 ], [ -73.188189774240925, 5.821739150067344 ], [ -73.18842872850621, 5.821320037589658 ], [ -73.188727475762107, 5.820960766828762 ], [ -73.189085975068679, 5.820541614078763 ], [ -73.18902604265935, 5.820062740551236 ], [ -73.189085655015219, 5.819583826051542 ], [ -73.189205041364971, 5.819104891501411 ], [ -73.189683206719337, 5.81904486915181 ], [ -73.190101538476995, 5.818805281118671 ], [ -73.190280717033431, 5.818386188936017 ], [ -73.190161009952817, 5.817907334762253 ], [ -73.189921777173026, 5.817488382596878 ], [ -73.189682544754191, 5.817069430312472 ], [ -73.189503085614433, 5.816650458751553 ], [ -73.189323626748205, 5.816231486213837 ], [ -73.188964890518662, 5.815932297284178 ], [ -73.188486687835336, 5.81587259531068 ], [ -73.188426914996057, 5.81587261526272 ], [ -73.188367321380838, 5.816411391579777 ], [ -73.188367480705665, 5.816890286123567 ], [ -73.18842741304104, 5.817369159803434 ], [ -73.188427572442947, 5.817848054329431 ], [ -73.188128826571074, 5.81820732492389 ], [ -73.187650602178735, 5.818087760488879 ], [ -73.187351617921195, 5.81772868886793 ], [ -73.187231914358676, 5.817249833976746 ], [ -73.187291528923254, 5.816770920484203 ], [ -73.187470688270082, 5.816291966390395 ], [ -73.187709640907656, 5.815872854193401 ], [ -73.18806817855176, 5.815573425737284 ], [ -73.188187565033331, 5.815094492238757 ], [ -73.188605914529887, 5.814914767175992 ], [ -73.189084115506773, 5.814974469076503 ], [ -73.189442852076979, 5.815273657052785 ], [ -73.189741836278301, 5.81563272759638 ], [ -73.190100573610948, 5.815931916027921 ], [ -73.190280032941985, 5.816350888307511 ], [ -73.190339825948513, 5.816410729969277 ], [ -73.190758296674176, 5.816590174171552 ], [ -73.191236398147339, 5.816350565150572 ], [ -73.191415575134101, 5.815931471719296 ], [ -73.191295867688154, 5.815452617759263 ], [ -73.191056635181212, 5.815033666936984 ], [ -73.190817403938468, 5.814614715090443 ], [ -73.190936786996588, 5.814135780172023 ], [ -73.191474659875269, 5.813896150787969 ], [ -73.191893007376621, 5.813716423345284 ], [ -73.192311476537839, 5.813895866462872 ], [ -73.192729945052122, 5.814075309260545 ], [ -73.193208126123068, 5.814075145873062 ], [ -73.193686266243162, 5.813955258470969 ], [ -73.194164406148275, 5.81383537067012 ], [ -73.194582731220521, 5.813595779462275 ], [ -73.194881470549262, 5.813236506514215 ], [ -73.195000850794713, 5.812757570836936 ], [ -73.194821389247579, 5.812338600082114 ], [ -73.194940769380537, 5.811859664406995 ], [ -73.195239507597194, 5.811500391285733 ], [ -73.195657852068166, 5.811320661138495 ], [ -73.196136029827073, 5.811320495350401 ], [ -73.196614208475921, 5.811320329157468 ], [ -73.197092407929574, 5.811380024358073 ], [ -73.197510876858587, 5.811559463641458 ], [ -73.197929366048982, 5.811798763494266 ], [ -73.198407649849571, 5.812097904731218 ], [ -73.198826140705421, 5.812337204793437 ], [ -73.199304299078108, 5.812277174506221 ], [ -73.199662827232316, 5.811977738931375 ], [ -73.199543113821221, 5.811498887763776 ], [ -73.199363650298039, 5.811079918533437 ], [ -73.198945160175526, 5.810840618834845 ], [ -73.198646172933422, 5.810481553212242 ], [ -73.198167974121873, 5.810421859304483 ], [ -73.197809236284911, 5.81012267596401 ], [ -73.197689525775502, 5.809643824305056 ], [ -73.197689358775733, 5.809164929903034 ], [ -73.197390373226369, 5.8088058635376 ], [ -73.19715113926901, 5.80838691434974 ], [ -73.196732652051764, 5.808147613795427 ], [ -73.196433667649558, 5.807788546872359 ], [ -73.196373729855793, 5.807309673165491 ], [ -73.196552879606998, 5.806830716383502 ], [ -73.196911386048271, 5.806471420755031 ], [ -73.197150327671636, 5.806052305693129 ], [ -73.197628314149256, 5.805513382519621 ], [ -73.197986839069472, 5.805213948052199 ], [ -73.19840517802993, 5.805034216018498 ], [ -73.198823495738736, 5.804794621877534 ], [ -73.199062435257758, 5.804375506055635 ], [ -73.199540564957942, 5.804255613978569 ], [ -73.199899299853598, 5.80455479637817 ], [ -73.19995924024056, 5.805033668761325 ], [ -73.200019180742572, 5.805512542031579 ], [ -73.200318166101454, 5.805871607050904 ], [ -73.200736504742167, 5.805691873305705 ], [ -73.201035214851686, 5.805272734577557 ], [ -73.201094816780312, 5.804793818953044 ], [ -73.201034875471521, 5.804314946718534 ], [ -73.201154227632458, 5.803776148032512 ], [ -73.201393164089154, 5.803357030380482 ], [ -73.201691893806014, 5.802997753129659 ], [ -73.202110208572037, 5.802758157545952 ], [ -73.202588401194703, 5.802817848344546 ], [ -73.20306655016384, 5.802757815147118 ], [ -73.203484864140535, 5.802518217666432 ], [ -73.203843384907998, 5.802218779627992 ], [ -73.204321534108487, 5.802158745390841 ], [ -73.204799682290229, 5.802098710753341 ], [ -73.205098387525027, 5.801679569997816 ], [ -73.2055167214844, 5.801499832852244 ], [ -73.205815708017894, 5.801858894969371 ], [ -73.205636545924904, 5.802277992657821 ], [ -73.205218211441831, 5.802457729905882 ], [ -73.204799876684888, 5.802637466853298 ], [ -73.204501150077874, 5.80299674476845 ], [ -73.204202422191713, 5.803356023440358 ], [ -73.203903693929874, 5.803715301963166 ], [ -73.203425543367075, 5.803775335891601 ], [ -73.203007228455647, 5.804014933351141 ], [ -73.202768292954488, 5.804434051643568 ], [ -73.202529356203854, 5.80485316893612 ], [ -73.202529527164415, 5.80533206326902 ], [ -73.202350361601134, 5.8057511599892 ], [ -73.20199183784581, 5.806050597149749 ], [ -73.201752899870655, 5.806469714134266 ], [ -73.201753070223447, 5.806948608462733 ], [ -73.201932534977061, 5.807367576979459 ], [ -73.202171771942062, 5.807786524052403 ], [ -73.202470759872938, 5.808145587815829 ], [ -73.202291593448763, 5.808564683603436 ], [ -73.201813417290339, 5.808564854520569 ], [ -73.201335219860937, 5.808505163244149 ], [ -73.200857044628208, 5.808505333350013 ], [ -73.200378826166684, 5.808385779466789 ], [ -73.199900607893767, 5.808266225171621 ], [ -73.199422390713437, 5.808146671369173 ], [ -73.199123656918232, 5.808505946594209 ], [ -73.199123825110348, 5.808984840965479 ], [ -73.199064221191293, 5.809463756383934 ], [ -73.199064389361126, 5.809942650740993 ], [ -73.199363376564406, 5.810301715244634 ], [ -73.199662363245579, 5.810660780477974 ], [ -73.20002110237067, 5.810959962591198 ], [ -73.200379841872234, 5.811259144460564 ], [ -73.200798332879401, 5.811498443061566 ], [ -73.201276553162188, 5.811617996483108 ], [ -73.20175473191199, 5.811617825931194 ], [ -73.202173074237578, 5.811438091028151 ], [ -73.202591416289067, 5.811258355823497 ], [ -73.203069615242839, 5.811318045946166 ], [ -73.203428356520135, 5.811617225812142 ], [ -73.203846849005515, 5.811856521193306 ], [ -73.204325027880259, 5.811856348458775 ], [ -73.204803205836868, 5.811856175319974 ], [ -73.205281384682451, 5.811856001775936 ], [ -73.205759585250235, 5.811915689592411 ], [ -73.206058577656961, 5.812274751249277 ], [ -73.205879412727313, 5.812693848971094 ], [ -73.205461070760293, 5.812873586601938 ], [ -73.204982912719402, 5.812933622094249 ], [ -73.204684181036896, 5.813292901067939 ], [ -73.204744125724403, 5.813771772623511 ], [ -73.20516259867378, 5.813951206078229 ], [ -73.205640822740861, 5.814070755689897 ], [ -73.206059339729677, 5.814369911978247 ], [ -73.205820401530673, 5.814789031482178 ], [ -73.205402058019445, 5.814968769111374 ], [ -73.204923919869771, 5.81508866637347 ], [ -73.204804547662434, 5.815567602932504 ], [ -73.204685176170472, 5.816046540369939 ], [ -73.204386441817292, 5.816405819211298 ], [ -73.203967967252595, 5.816226385252037 ], [ -73.203489763165351, 5.816166696049095 ], [ -73.203370389539259, 5.816645633241933 ], [ -73.203370561560575, 5.817124526445241 ], [ -73.203533411517299, 5.817504695780769 ], [ -73.203489550298627, 5.81752548122023 ], [ -73.203488306197357, 5.817526114259977 ], [ -73.203392864549983, 5.817574663608923 ], [ -73.203329248203659, 5.818925156480759 ], [ -73.203138157789795, 5.819436045838074 ], [ -73.202660144886465, 5.819915111873229 ], [ -73.202240110127946, 5.820028527185229 ], [ -73.202240217887606, 5.819533570244175 ], [ -73.201232592796771, 5.819430257043166 ], [ -73.200721373980514, 5.819429476219227 ], [ -73.200217655098356, 5.81968300663118 ], [ -73.200218218029818, 5.820037881985343 ], [ -73.20017560434286, 5.820142698201892 ], [ -73.200012030230312, 5.820545038103205 ], [ -73.199465218823548, 5.820966881392735 ], [ -73.199441473645209, 5.820911155692386 ], [ -73.19915512104518, 5.820719325588982 ], [ -73.198868767733529, 5.820527497142677 ], [ -73.198582341039355, 5.82038351383045 ], [ -73.198419145993682, 5.820406601557579 ], [ -73.19834918635064, 5.82043916614964 ], [ -73.198059717610192, 5.820593198407209 ], [ -73.197789501566774, 5.820766570748901 ], [ -73.197577011816179, 5.821017275366501 ], [ -73.1974608699079, 5.821306749648954 ], [ -73.197498953133106, 5.821615775733278 ], [ -73.197614194080131, 5.821905612423052 ], [ -73.197864558231402, 5.822099106635335 ], [ -73.198172977849708, 5.822157518924598 ], [ -73.198461995931154, 5.822293142966373 ], [ -73.198610983994911, 5.822555203215927 ], [ -73.198615830608048, 5.822563728368777 ], [ -73.198808260345459, 5.822815063550422 ], [ -73.199077967232313, 5.822969966829987 ], [ -73.199386358093079, 5.823047690123531 ], [ -73.199694718801084, 5.823144722220377 ], [ -73.199944299422384, 5.823160733632506 ], [ -73.200004561998639, 5.823184070170896 ], [ -73.20002918230773, 5.823220003296512 ], [ -73.20011883225601, 5.823203313252691 ], [ -73.200388480157244, 5.823396836547488 ], [ -73.200638844989953, 5.823590331273181 ], [ -73.200754087961116, 5.823880167232289 ], [ -73.200599412627753, 5.824150271739086 ], [ -73.200290782046238, 5.824227033596742 ], [ -73.199982270450676, 5.824226553962831 ], [ -73.199673788177506, 5.824206763376196 ], [ -73.199365276581261, 5.824206281594343 ], [ -73.199056796136517, 5.824186490668239 ], [ -73.198748403785487, 5.824108769027589 ], [ -73.198440042690947, 5.824011736428758 ], [ -73.198189678386029, 5.823818241615299 ], [ -73.197939313347263, 5.823624746683777 ], [ -73.197882918566791, 5.823635245412049 ], [ -73.19776547463124, 5.823817579692161 ], [ -73.19776499440286, 5.824126545941226 ], [ -73.197706636741827, 5.824454731948094 ], [ -73.197648280826513, 5.824782917946834 ], [ -73.197532138247425, 5.825072393135542 ], [ -73.197281140821019, 5.825284416299041 ], [ -73.196972509112641, 5.825361174563284 ], [ -73.196663967410245, 5.825380003016221 ], [ -73.196355546151153, 5.82532158996213 ], [ -73.196066526062282, 5.82518596489092 ], [ -73.195816162000881, 5.824992469926201 ], [ -73.195643046449675, 5.824721853347455 ], [ -73.195597633624516, 5.824538719888437 ], [ -73.195566400109101, 5.824412767218803 ], [ -73.195412595803532, 5.8241228701811 ], [ -73.195162707987322, 5.823961436886805 ], [ -73.195016168053826, 5.824000243994874 ], [ -73.194282373830561, 5.824194569853432 ], [ -73.193846388211227, 5.824029214466066 ], [ -73.193558280229581, 5.823919944818158 ], [ -73.192809303336162, 5.823330443399129 ], [ -73.19279678193999, 5.823342942945771 ], [ -73.192534889690933, 5.823552091693841 ], [ -73.192220850092099, 5.823656380049727 ], [ -73.191959532428484, 5.823498799041261 ], [ -73.191698214004248, 5.823341217906261 ], [ -73.191436485572979, 5.823445586684954 ], [ -73.191279138073412, 5.823707290431798 ], [ -73.191174100797639, 5.823969075046932 ], [ -73.191174063721519, 5.823993054712105 ], [ -73.191399374837601, 5.82421972114372 ], [ -73.191204984089836, 5.824219416055996 ], [ -73.191082465342333, 5.824219223200487 ], [ -73.191035325185851, 5.824289797110964 ], [ -73.191034840383963, 5.824598762567177 ], [ -73.191111452870018, 5.824927160184586 ], [ -73.191284567267644, 5.825197777317555 ], [ -73.191438399411823, 5.825468364738981 ], [ -73.191592201200308, 5.825758261997862 ], [ -73.191688127131329, 5.82606737926568 ], [ -73.191745488267429, 5.826376436327905 ], [ -73.191687158306991, 5.826685310113476 ], [ -73.191602184298745, 5.826956134296495 ], [ -73.190812356900665, 5.827271710665229 ], [ -73.190582529896858, 5.827363537733845 ], [ -73.190398850484257, 5.827871166233479 ], [ -73.190277624010719, 5.828206194675431 ], [ -73.190116937134803, 5.829202787683528 ], [ -73.190574936788835, 5.830046632029394 ], [ -73.1903454049895, 5.831042006678786 ], [ -73.189658748788816, 5.831348351055112 ], [ -73.18944968241567, 5.8313474929069 ], [ -73.189422210449663, 5.831381773398959 ], [ -73.189184977008665, 5.831571223327785 ], [ -73.188900655320708, 5.831570774880277 ], [ -73.188616482663747, 5.831475413994667 ], [ -73.188379773377505, 5.831332670557174 ], [ -73.18833283370202, 5.831047859922023 ], [ -73.188428055627924, 5.830763273229309 ], [ -73.188475890603797, 5.830478610976627 ], [ -73.188428952772483, 5.830193800339657 ], [ -73.188287165918496, 5.829956294726287 ], [ -73.188050531026192, 5.82976609587331 ], [ -73.187766360320722, 5.829670735423122 ], [ -73.187517566325823, 5.829628804815854 ], [ -73.1874821141854, 5.829622830075152 ], [ -73.187373676173138, 5.829622658913934 ], [ -73.187324709733502, 5.829671542216715 ], [ -73.187016075021347, 5.829748296043817 ], [ -73.186707682855399, 5.829670566063839 ], [ -73.186457320729176, 5.829477066931759 ], [ -73.186187615745496, 5.829322156730825 ], [ -73.185879223914299, 5.829244428095024 ], [ -73.185570527796301, 5.829359800912073 ], [ -73.185543608666421, 5.829572736125897 ], [ -73.185531475852486, 5.829668704898779 ], [ -73.185534492564443, 5.829685985691754 ], [ -73.185550667203756, 5.829726666228908 ], [ -73.185680459357513, 5.829857059496248 ], [ -73.185781686070015, 5.829958755709868 ], [ -73.186051360567774, 5.830132976890468 ], [ -73.18635963109358, 5.830287946781084 ], [ -73.186648679623772, 5.830404266909852 ], [ -73.186937697609039, 5.830539895869833 ], [ -73.187188062183452, 5.83073339566522 ], [ -73.187283984854503, 5.831042512774729 ], [ -73.187314579776114, 5.831290812404518 ], [ -73.187057187416428, 5.831496819617541 ], [ -73.186439749239014, 5.831572694641864 ], [ -73.186076298344062, 5.831663566860243 ], [ -73.186029426909499, 5.831812942725492 ], [ -73.185990375090569, 5.832121846714642 ], [ -73.185893476142041, 5.832430659392855 ], [ -73.185777326016364, 5.832720129614131 ], [ -73.18558410734488, 5.832970858858459 ], [ -73.185275531100785, 5.833008990200426 ], [ -73.185063792922676, 5.832776930431692 ], [ -73.184755216740371, 5.832815062391148 ], [ -73.184465739645134, 5.83296908521271 ], [ -73.184195545079376, 5.833123138685266 ], [ -73.183925350363893, 5.833277192936919 ], [ -73.183616803679399, 5.833296014392943 ], [ -73.183308257872113, 5.833314833870304 ], [ -73.183057896111563, 5.833121333265581 ], [ -73.182865472255742, 5.832869992681367 ] ] ] ] } },
{ "type": "Feature", "properties": { "fid": 122739, "Shape_Area": 3.1380709068000002e-05, "area_ha": 38.370965428076474, "tipo": "hidrica", "clas": "terraceo y laminar", "gra": "moderada" }, "geometry": { "type": "MultiPolygon", "coordinates": [ [ [ [ -73.163499085142121, 5.831863500430757 ], [ -73.163843285987127, 5.831518595967509 ], [ -73.164072703802162, 5.831116257505585 ], [ -73.164244720318948, 5.830656468444886 ], [ -73.16447413751041, 5.83025412982505 ], [ -73.164703553476727, 5.829851791115004 ], [ -73.165162570156042, 5.829679254950975 ], [ -73.1656216370896, 5.829679120154765 ], [ -73.16602323631713, 5.829391664776381 ], [ -73.165965718040525, 5.828931942821612 ], [ -73.165678684199008, 5.828529756550836 ], [ -73.16527693409995, 5.828300004636276 ], [ -73.165276799632068, 5.827840265737791 ], [ -73.165678414609715, 5.827610278772511 ], [ -73.166137446061043, 5.827495208203402 ], [ -73.166596477315807, 5.82738013817027 ], [ -73.167055491386748, 5.827207600522456 ], [ -73.167284904309724, 5.826805260805372 ], [ -73.16768651770559, 5.826575271539866 ], [ -73.168145616250115, 5.826690069246865 ], [ -73.168547383431587, 5.826977286370152 ], [ -73.169006448090386, 5.826977148878939 ], [ -73.169408215899807, 5.827264365367171 ], [ -73.169465736758468, 5.827724086921705 ], [ -73.169351108451622, 5.828183860231604 ], [ -73.169179095927234, 5.828643650751928 ], [ -73.168949700851215, 5.829103458432769 ], [ -73.168720287343376, 5.829505798788091 ], [ -73.168490874417841, 5.829908139053032 ], [ -73.168433628234936, 5.830367895006361 ], [ -73.168491148692397, 5.830827616623935 ], [ -73.168319134717592, 5.8312874068817 ], [ -73.16803233736448, 5.831689764114401 ], [ -73.167573320011911, 5.831862302627087 ], [ -73.167401168699996, 5.831862353835049 ], [ -73.167114166319209, 5.831575101977535 ], [ -73.166655097879584, 5.831575238034191 ], [ -73.166196046341383, 5.831632840955592 ], [ -73.16579442877179, 5.83186282923748 ], [ -73.165392827701623, 5.832150284480917 ], [ -73.164991226218547, 5.832437738541671 ], [ -73.164532190519026, 5.832552807371883 ], [ -73.164073137923708, 5.832610409494237 ], [ -73.163671518762499, 5.832840395393021 ], [ -73.163269915887724, 5.833127849162224 ], [ -73.162925712825142, 5.833472752387479 ], [ -73.162524093474019, 5.833702738395687 ], [ -73.162179889602498, 5.834047642085636 ], [ -73.162180021692279, 5.834507380954335 ], [ -73.162294921393084, 5.834967086729478 ], [ -73.162352437444099, 5.835426809027524 ], [ -73.162696840830279, 5.835771513938539 ], [ -73.163041244636986, 5.836116217717858 ], [ -73.163443016167548, 5.836403438270622 ], [ -73.163615301308084, 5.83686312703162 ], [ -73.163558050595725, 5.837322882508886 ], [ -73.163386030730521, 5.837782671323737 ], [ -73.16321401149753, 5.838242460086178 ], [ -73.163208542223458, 5.838291882594035 ], [ -73.163156776971732, 5.838759682746797 ], [ -73.163099525734992, 5.839219438162388 ], [ -73.163042274415204, 5.839679193567179 ], [ -73.162870253459857, 5.840138982217695 ], [ -73.16264083218897, 5.840541320187356 ], [ -73.162181772880672, 5.840598920032278 ], [ -73.161722664020658, 5.840484117803214 ], [ -73.161665147851409, 5.840024395523074 ], [ -73.161706708648524, 5.839690652755962 ], [ -73.161635969038628, 5.83952460905806 ], [ -73.161595357850786, 5.839236576815551 ], [ -73.161595825690597, 5.838948613308617 ], [ -73.161719460878089, 5.838701987190518 ], [ -73.161722151170352, 5.838695729275116 ], [ -73.161722136671813, 5.838645162630883 ], [ -73.161810515357274, 5.838490172039883 ], [ -73.161951557874659, 5.83824282501206 ], [ -73.162180979659411, 5.837840487302913 ], [ -73.162295615584185, 5.83738071538852 ], [ -73.162123331337853, 5.836921026206312 ], [ -73.161778894617726, 5.836461386483961 ], [ -73.161434474903615, 5.836059213771762 ], [ -73.161090072086779, 5.835714508075228 ], [ -73.160860405525227, 5.835254834861416 ], [ -73.160917658279914, 5.834795079569801 ], [ -73.16103229469104, 5.834335307851859 ], [ -73.161261715629621, 5.833932970487581 ], [ -73.161491135343169, 5.833530633938437 ], [ -73.161663155568419, 5.833070845626651 ], [ -73.161433505208379, 5.832668639838346 ], [ -73.161662925211999, 5.832266302313428 ], [ -73.162121944830858, 5.832093767656488 ], [ -73.162580997251382, 5.832036168035245 ], [ -73.163040049568053, 5.831978568042018 ], [ -73.163499085142121, 5.831863500430757 ] ] ] ] } },
{ "type": "Feature", "properties": { "fid": 122792, "Shape_Area": 2.205101917e-05, "area_ha": 26.962251485851528, "tipo": "hidrica", "clas": "terraceo y laminar", "gra": "moderada" }, "geometry": { "type": "MultiPolygon", "coordinates": [ [ [ [ -73.162495813679556, 5.848990657335139 ], [ -73.161964687599891, 5.850008442146578 ], [ -73.161224843441673, 5.851028090123711 ], [ -73.160573735768395, 5.851519848672231 ], [ -73.159782192088969, 5.851905778297469 ], [ -73.159645648886354, 5.851955545232143 ], [ -73.159620172915254, 5.851929949780015 ], [ -73.159455500065519, 5.851681711047661 ], [ -73.159373499647756, 5.851350950291987 ], [ -73.159374040428247, 5.851020323553598 ], [ -73.159374579405892, 5.85068969681214 ], [ -73.159375118388368, 5.85035907097182 ], [ -73.159375658279259, 5.850028445127407 ], [ -73.159376197271058, 5.849697819279299 ], [ -73.159376736267347, 5.849367193427611 ], [ -73.159367163752563, 5.849352764178377 ], [ -73.159472539680905, 5.849232558970471 ], [ -73.159551972946304, 5.848968969071734 ], [ -73.159578779566516, 5.848678921186831 ], [ -73.159500207285191, 5.848415072099385 ], [ -73.159421677318221, 5.8481248514085 ], [ -73.159343105194409, 5.847861003194623 ], [ -73.159211820390908, 5.847623440130121 ], [ -73.159106912745699, 5.84735954775465 ], [ -73.158949295190325, 5.847121942303204 ], [ -73.158818010731295, 5.846884379131097 ], [ -73.158745978636261, 5.84677579275791 ], [ -73.158788969429111, 5.846596016761339 ], [ -73.158455844420132, 5.846120123753849 ], [ -73.157742005746798, 5.845311108115368 ], [ -73.156790222176369, 5.844882804675933 ], [ -73.156371626100338, 5.844542696244559 ], [ -73.156028793649909, 5.844264145094201 ], [ -73.156028793628479, 5.843973591597774 ], [ -73.155983483750788, 5.843946266057685 ], [ -73.155880188959486, 5.843634233989803 ], [ -73.156088223833876, 5.84337468944517 ], [ -73.156347991400537, 5.843219183260373 ], [ -73.156659320935205, 5.843271669587978 ], [ -73.156918662713224, 5.843376050061522 ], [ -73.157229993283522, 5.843428536973761 ], [ -73.157489335232981, 5.843532916273432 ], [ -73.157592715758881, 5.843792972271331 ], [ -73.157618925125632, 5.843858902020827 ], [ -73.157696096382836, 5.844053027340522 ], [ -73.157796610211108, 5.844221414341973 ], [ -73.157974571163152, 5.844400214156394 ], [ -73.158235800448665, 5.844610200154364 ], [ -73.158444714830694, 5.844820100325421 ], [ -73.15865363117598, 5.845030000412578 ], [ -73.158862545869454, 5.8452399004168 ], [ -73.159071461622034, 5.845449799432288 ], [ -73.159227977758121, 5.845712002973471 ], [ -73.159332178840089, 5.84597412085202 ], [ -73.159488695248172, 5.84623632521334 ], [ -73.159697526149898, 5.84649861420246 ], [ -73.159958841578941, 5.84665620911062 ], [ -73.160272557833594, 5.846761501002049 ], [ -73.160586359575518, 5.846814403391932 ], [ -73.160848188394084, 5.846657661942743 ], [ -73.160925200192537, 5.846427544718438 ], [ -73.160949680140277, 5.846476775807162 ], [ -73.161114352955849, 5.846725015075265 ], [ -73.161279025918134, 5.846973254288969 ], [ -73.161443564573347, 5.847304150362731 ], [ -73.161608238757879, 5.847552388560871 ], [ -73.161772912185938, 5.847800627609956 ], [ -73.162020258971552, 5.847966345164309 ], [ -73.162267605900809, 5.848132061699516 ], [ -73.162597626133106, 5.848215255692935 ], [ -73.162927779787196, 5.848215794393752 ], [ -73.162955606688499, 5.848229784608997 ], [ -73.162495813679556, 5.848990657335139 ] ] ] ] } }
]
}
