{
"type": "FeatureCollection",
"name": "Clase IV con limitaciones por erosión y suelo",
"features": [
{ "type": "Feature", "properties": { "OBJECTID": 966, "UCS_CP": "IVes1", "CLASE": "IV", "SUBCLASE": "es", "GRUPO_MANEJO": "1", "UCS": "MMCd1, AMVd1, MMXe1, MMXd1, MMXdp, MMXdp2, MPXd2", "PRINCIPALES_CARACTERÍSTICAS": "Clima frío seco en los paisajes de Montañas y Altiplanicie, con pendientes menores de 25%, afectados por erosión hídrica ligera a moderada", "PRINCIPALES_LIMITANTES": "Heladas, susceptibilidad a la erosión, deﬁciente espesor del suelo, deﬁciencia de agua, niveles tóxicos de aluminio, pendiente, agresividad de las lluvias", "USO_ACTUAL": "Cultivos de papa, arveja, hortalizas, maíz, cebada, trigo; ganadería extensiva", "USOS_RECOMENDADOS": "Cultivos de papa, maíz, hortalizas, arveja, cebada, trigo; ganadería extensiva", "PRACTICAS_MANEJO": "Arar en dirección transversal a la pendiente, encalar y fertilizar, utilizar las escorias Thomas o roca fosfórica para suministrar fósforo, utilizar riego, sembrar en curvas de nivel o fajas en contorno. Evitar sobrepastoreo. Adicionar residuo de las cosechas", "ÁREA_HA_1": 11875.071971962332, "Shape_Length": 150937.90940568774, "Shape_Area": 118750719.71962333 }, "geometry": { "type": "MultiPolygon", "coordinates": [ [ [ [ 4975572.932199999690056, 2190987.953400000929832 ], [ 4975516.874800000339746, 2190930.387499999254942 ], [ 4975460.8076, 2190867.657199999317527 ], [ 4975404.730700000189245, 2190799.762700000777841 ], [ 4975360.710900000296533, 2190735.288200000301003 ], [ 4975309.7889, 2190662.218800000846386 ], [ 4975216.568699999712408, 2190524.67200000025332 ], [ 4975139.178810345008969, 2190414.023332812357694 ], [ 4975128.2807, 2190414.224899999797344 ], [ 4975088.0181, 2190414.790400000289083 ], [ 4975047.787999999709427, 2190416.66469999961555 ], [ 4975008.524299999698997, 2190411.803300000727177 ], [ 4974969.222400000318885, 2190402.575799999758601 ], [ 4974930.644100000150502, 2190390.369699999690056 ], [ 4974894.32660000026226, 2190374.312699999660254 ], [ 4974856.2802, 2190352.734099999070168 ], [ 4974820.690899999812245, 2190325.48589999973774 ], [ 4974806.595599999651313, 2190294.75029999949038 ], [ 4974815.645100000314415, 2190261.722999999299645 ], [ 4974835.71129999961704, 2190226.906500000506639 ], [ 4974861.020999999716878, 2190191.210999999195337 ], [ 4974885.831199999898672, 2190155.526399999856949 ], [ 4974906.00690000038594, 2190120.529899999499321 ], [ 4974917.823434788733721, 2190099.419037838932127 ], [ 4974898.9622, 2190073.367799999192357 ], [ 4974836.8004, 2189973.636199999600649 ], [ 4974797.958200000226498, 2189916.037699999287724 ], [ 4974763.4359, 2189867.039100000634789 ], [ 4974723.73450000025332, 2189810.302999999374151 ], [ 4974689.228400000371039, 2189769.91190000064671 ], [ 4974640.03760000038892, 2189702.003699999302626 ], [ 4974593.419599999673665, 2189628.926300000399351 ], [ 4974548.543999999761581, 2189567.035399999469519 ], [ 4974529.138399999588728, 2189535.040699999779463 ], [ 4974540.075500000268221, 2189515.0077 ], [ 4974532.308199999853969, 2189504.047399999573827 ], [ 4974528.399600000120699, 2189485.333000000566244 ], [ 4974419.7807, 2189398.384099999442697 ], [ 4974363.880699999630451, 2189367.3936 ], [ 4974286.342899999581277, 2189330.5263 ], [ 4974204.475599999539554, 2189279.894600000232458 ], [ 4974189.9068, 2189268.161499999463558 ], [ 4974156.332399999722838, 2189265.6418999992311 ], [ 4974107.254499999806285, 2189257.987099999561906 ], [ 4974065.91370000038296, 2189245.152899999171495 ], [ 4974034.049499999731779, 2189236.605000000447035 ], [ 4973998.737300000153482, 2189225.4814 ], [ 4973960.838000000454485, 2189211.780099999159575 ], [ 4973909.145700000226498, 2189186.914300000295043 ], [ 4973854.866100000217557, 2189159.4715 ], [ 4973813.50760000012815, 2189137.168999999761581 ], [ 4973779.905799999833107, 2189120.0168999992311 ], [ 4973748.908599999733269, 2189114.9101 ], [ 4973720.476099999621511, 2189100.33049999922514 ], [ 4973681.704699999652803, 2189080.605399999767542 ], [ 4973642.927000000141561, 2189057.437300000339746 ], [ 4973601.563699999824166, 2189032.552699999883771 ], [ 4973559.338000000454485, 2189006.808499999344349 ], [ 4973526.601700000464916, 2188992.236700000241399 ], [ 4973493.854100000113249, 2188971.639699999243021 ], [ 4973443.868700000457466, 2188939.024000000208616 ], [ 4973414.5866, 2188930.471200000494719 ], [ 4973377.567300000227988, 2188927.097500000149012 ], [ 4973369.902288212440908, 2188925.46997383562848 ], [ 4973367.3964, 2188929.274599999189377 ], [ 4973349.89919999986887, 2188970.180800000205636 ], [ 4973332.864400000311434, 2189007.299499999731779 ], [ 4973316.697800000198185, 2189043.807199999690056 ], [ 4973301.391099999658763, 2189080.77280000038445 ], [ 4973286.524600000120699, 2189117.977399999275804 ], [ 4973271.698099999688566, 2189155.201899999752641 ], [ 4973256.481499999761581, 2189192.207399999722838 ], [ 4973240.4748, 2189228.794700000435114 ], [ 4973223.247999999672174, 2189264.724899999797344 ], [ 4973203.701100000180304, 2189299.470499999821186 ], [ 4973181.893899999558926, 2189333.001599999144673 ], [ 4973158.836500000208616, 2189365.8256 ], [ 4973135.5888, 2189398.430099999532104 ], [ 4973112.901700000278652, 2189431.593100000172853 ], [ 4973090.165, 2189464.936000000685453 ], [ 4973066.387299999594688, 2189497.2719 ], [ 4973040.5773, 2189527.4035 ], [ 4973010.828599999658763, 2189556.333699999377131 ], [ 4972975.786899999715388, 2189586.502599999308586 ], [ 4972940.190600000321865, 2189608.609999999403954 ], [ 4972908.97580000013113, 2189612.44539999961853 ], [ 4972877.701899999752641, 2189590.234300000593066 ], [ 4972849.993900000117719, 2189551.61119999922812 ], [ 4972836.779299999587238, 2189511.02250000089407 ], [ 4972843.03870000038296, 2189476.561599999666214 ], [ 4972859.598500000312924, 2189441.911499999463558 ], [ 4972882.38219999987632, 2189406.989800000563264 ], [ 4972907.563699999824166, 2189372.003699999302626 ], [ 4972931.3366, 2189337.170199999585748 ], [ 4972952.2231, 2189302.801599999889731 ], [ 4972974.269600000232458, 2189269.020400000736117 ], [ 4972996.456199999898672, 2189235.308800000697374 ], [ 4973017.38300000037998, 2189201.150000000372529 ], [ 4973035.630400000140071, 2189166.017200000584126 ], [ 4973049.618599999696016, 2189129.233799999579787 ], [ 4973058.327200000174344, 2189090.2324 ], [ 4973063.3969, 2189050.048900000751019 ], [ 4973066.728199999779463, 2189009.838700000196695 ], [ 4973067.937400000169873, 2188967.524399999529123 ], [ 4973046.7105, 2188937.841099999845028 ], [ 4973008.579699999652803, 2188919.249600000679493 ], [ 4972969.014999999664724, 2188913.829 ], [ 4972933.213000000454485, 2188927.604100000113249 ], [ 4972897.7171, 2188949.971000000834465 ], [ 4972860.7994, 2188965.486500000581145 ], [ 4972820.893299999646842, 2188969.817900000140071 ], [ 4972780.295, 2188967.286599999293685 ], [ 4972740.904500000178814, 2188958.888399999588728 ], [ 4972703.724600000306964, 2188941.294199999421835 ], [ 4972677.26410000026226, 2188912.459899999201298 ], [ 4972653.759700000286102, 2188877.735400000587106 ], [ 4972636.0751, 2188840.332100000232458 ], [ 4972628.811099999584258, 2188802.919399999082088 ], [ 4972638.021499999798834, 2188765.036000000312924 ], [ 4972655.8827, 2188726.387000000104308 ], [ 4972669.50829999987036, 2188688.015799999237061 ], [ 4972668.734425042755902, 2188671.276442662812769 ], [ 4972666.955900000408292, 2188671.057499999180436 ], [ 4972650.580400000326335, 2188659.898199999704957 ], [ 4972635.9265, 2188648.735600000247359 ], [ 4972616.981599999591708, 2188644.467199999839067 ], [ 4972599.774400000460446, 2188648.803300000727177 ], [ 4972592.0532, 2188662.589999999850988 ], [ 4972596.39740000013262, 2188684.100999999791384 ], [ 4972605.897900000214577, 2188701.298900000751019 ], [ 4972615.401800000108778, 2188720.217700000852346 ], [ 4972608.547799999825656, 2188737.445900000631809 ], [ 4972586.17119999974966, 2188739.209300000220537 ], [ 4972551.734199999831617, 2188735.830900000408292 ], [ 4972513.859000000171363, 2188735.040699999779463 ], [ 4972482.860100000165403, 2188729.073699999600649 ], [ 4972466.471800000406802, 2188711.028200000524521 ], [ 4972452.652900000102818, 2188686.091499999165535 ], [ 4972440.542500000447035, 2188654.265900000929832 ], [ 4972431.884999999776483, 2188627.598099999129772 ], [ 4972420.654799999669194, 2188606.100099999457598 ], [ 4972405.9671, 2188576.86119999922812 ], [ 4972399.428852027282119, 2188566.843561453279108 ], [ 4972388.073645949363708, 2188562.714350772090256 ], [ 4972385.2845, 2188563.988399999216199 ], [ 4972387.025399999693036, 2188574.314300000667572 ], [ 4972388.793600000441074, 2188599.273600000888109 ], [ 4972383.654799999669194, 2188613.05519999936223 ], [ 4972374.18790000025183, 2188613.934000000357628 ], [ 4972362.1179, 2188603.627000000327826 ], [ 4972352.612499999813735, 2188583.847200000658631 ], [ 4972351.714800000190735, 2188564.051100000739098 ], [ 4972344.815700000151992, 2188557.177999999374151 ], [ 4972329.301, 2188546.017100000753999 ], [ 4972319.818099999800324, 2188538.287799999117851 ], [ 4972318.074, 2188526.240399999544024 ], [ 4972320.627399999648333, 2188510.741800000891089 ], [ 4972323.185499999672174, 2188497.825300000607967 ], [ 4972324.870000000111759, 2188478.02449999935925 ], [ 4972316.241399999707937, 2188466.8509 ], [ 4972300.74129999987781, 2188463.436599999666214 ], [ 4972283.524400000460446, 2188462.607999999076128 ], [ 4972270.62569999974221, 2188469.518500000238419 ], [ 4972257.719100000336766, 2188472.124900000169873 ], [ 4972249.972199999727309, 2188472.1392 ], [ 4972236.209300000220537, 2188458.04619999974966 ], [ 4972222.61849999986589, 2188439.995300000533462 ], [ 4972185.754499999806285, 2188404.557399999350309 ], [ 4972155.365299999713898, 2188379.436699999496341 ], [ 4972130.150600000284612, 2188359.471100000664592 ], [ 4972123.0625, 2188366.5855 ], [ 4972103.741100000217557, 2188391.153599999845028 ], [ 4972079.259999999776483, 2188418.3136 ], [ 4972057.340699999593198, 2188434.494100000709295 ], [ 4972034.753999999724329, 2188439.055299999192357 ], [ 4972000.429399999789894, 2188446.814600000157952 ], [ 4971954.828099999576807, 2188457.229100000113249 ], [ 4971940.212799999862909, 2188466.7248 ], [ 4971923.050599999725819, 2188495.1623 ], [ 4971907.62430000025779, 2188531.343599999323487 ], [ 4971889.569199999794364, 2188542.567299999296665 ], [ 4971867.1908, 2188543.469900000840425 ], [ 4971837.064000000245869, 2188543.526200000196695 ], [ 4971814.67119999974966, 2188536.681900000199676 ], [ 4971803.452200000174344, 2188521.209000000730157 ], [ 4971787.910199999809265, 2188495.415400000289083 ], [ 4971770.6562, 2188474.788699999451637 ], [ 4971748.2506, 2188461.058499999344349 ], [ 4971723.28830000013113, 2188461.105100000277162 ], [ 4971703.482599999755621, 2188456.838199999183416 ], [ 4971694.85080000013113, 2188443.943 ], [ 4971693.9594, 2188427.590099999681115 ], [ 4971692.19440000038594, 2188404.352600000798702 ], [ 4971686.123999999836087, 2188380.262399999424815 ], [ 4971671.44440000038594, 2188355.32740000076592 ], [ 4971648.1617, 2188332.99100000038743 ], [ 4971613.706899999640882, 2188320.143699999898672 ], [ 4971584.434399999678135, 2188316.755200000479817 ], [ 4971564.6464, 2188321.9572 ], [ 4971542.279299999587238, 2188328.884800000116229 ], [ 4971517.3235, 2188332.374500000849366 ], [ 4971485.471900000236928, 2188330.7127 ], [ 4971440.713700000196695, 2188331.6570999994874 ], [ 4971397.67850000038743, 2188333.459100000560284 ], [ 4971358.10080000013113, 2188343.001800000667572 ], [ 4971329.730899999849498, 2188361.991399999707937 ], [ 4971304.7928, 2188374.949699999764562 ], [ 4971287.574199999682605, 2188373.260500000789762 ], [ 4971271.2083, 2188367.265699999406934 ], [ 4971245.3531, 2188350.098400000482798 ], [ 4971213.472500000149012, 2188332.942700000479817 ], [ 4971186.769299999810755, 2188322.663200000301003 ], [ 4971163.522199999541044, 2188319.26380000077188 ], [ 4971134.259200000204146, 2188321.039899999275804 ], [ 4971118.7654, 2188321.068800000473857 ], [ 4971102.3915, 2188310.770300000905991 ], [ 4971086.02240000013262, 2188303.053899999707937 ], [ 4971062.772099999710917, 2188297.932700000703335 ], [ 4971042.087899999693036, 2188284.198999999091029 ], [ 4971011.07120000012219, 2188268.763000000268221 ], [ 4970944.7357, 2188238.76039999909699 ], [ 4970904.257000000216067, 2188226.785000000149012 ], [ 4970876.709300000220537, 2188225.114900000393391 ], [ 4970844.870500000193715, 2188230.338899999856949 ], [ 4970813.0493, 2188245.0318 ], [ 4970804.1902, 2188248.848099999129772 ], [ 4970787.0652, 2188249.36849999986589 ], [ 4970767.161600000225008, 2188269.286100000143051 ], [ 4970760.1754, 2188275.1305 ], [ 4970747.9572, 2188292.681900000199676 ], [ 4970723.450400000438094, 2188314.5855 ], [ 4970712.0154, 2188319.48200000077486 ], [ 4970699.038599999621511, 2188325.64640000090003 ], [ 4970682.5565, 2188327.620100000873208 ], [ 4970662.8108, 2188329.169099999591708 ], [ 4970650.715400000102818, 2188336.85950000025332 ], [ 4970647.692499999888241, 2188337.819199999794364 ], [ 4970644.518500000238419, 2188338.879799999296665 ], [ 4970641.092199999839067, 2188339.587899999693036 ], [ 4970637.917600000277162, 2188339.842299999669194 ], [ 4970634.6924, 2188339.895199999213219 ], [ 4970630.963000000454485, 2188339.545399999246001 ], [ 4970624.7637, 2188338.592800000682473 ], [ 4970614.878999999724329, 2188336.497999999672174 ], [ 4970596.336799999698997, 2188332.568299999460578 ], [ 4970593.184600000269711, 2188332.073200000450015 ], [ 4970592.506299999542534, 2188331.966600000858307 ], [ 4970588.726700000464916, 2188331.818399999290705 ], [ 4970584.8969, 2188332.123700000345707 ], [ 4970583.8772, 2188332.321900000795722 ], [ 4970581.773, 2188332.730799999088049 ], [ 4970579.052699999883771, 2188333.992599999532104 ], [ 4970575.627500000409782, 2188336.061200000345707 ], [ 4970571.748999999836087, 2188338.53319999948144 ], [ 4970568.072200000286102, 2188341.055500000715256 ], [ 4970565.604600000195205, 2188343.224099999293685 ], [ 4970562.684000000357628, 2188346.098500000312924 ], [ 4970557.496799999848008, 2188350.58699999935925 ], [ 4970557.324099999852479, 2188350.820800000801682 ], [ 4970551.0532, 2188359.3092 ], [ 4970548.031600000336766, 2188361.982100000604987 ], [ 4970545.059899999760091, 2188364.050300000235438 ], [ 4970542.339800000190735, 2188365.513699999079108 ], [ 4970542.255099999718368, 2188365.5471 ], [ 4970539.0148, 2188366.826400000602007 ], [ 4970535.941800000146031, 2188368.189200000837445 ], [ 4970532.976300000213087, 2188369.350700000301003 ], [ 4970531.558799999766052, 2188369.905799999833107 ], [ 4970528.334699999541044, 2188371.319199999794364 ], [ 4970525.261900000274181, 2188372.934000000357628 ], [ 4970522.239500000141561, 2188374.548800000920892 ], [ 4970518.6124, 2188376.164000000804663 ], [ 4970515.036299999803305, 2188378.535000000149012 ], [ 4970511.762000000104308, 2188380.301200000569224 ], [ 4970508.2357, 2188381.916300000622869 ], [ 4970505.313699999824166, 2188383.027100000530481 ], [ 4970502.341199999675155, 2188383.9868 ], [ 4970499.066599999554455, 2188385.2994 ], [ 4970495.942599999718368, 2188385.956900000572205 ], [ 4970492.465800000354648, 2188386.413100000470877 ], [ 4970488.686099999584258, 2188386.315300000831485 ], [ 4970484.9567, 2188385.965399999171495 ], [ 4970481.579599999822676, 2188385.111500000581145 ], [ 4970478.202399999834597, 2188384.0559 ], [ 4970474.623200000263751, 2188382.4463 ], [ 4970471.598500000312924, 2188381.088199999183416 ], [ 4970467.918399999849498, 2188379.47859999909997 ], [ 4970465.195899999700487, 2188377.868300000205636 ], [ 4970461.313900000415742, 2188375.704600000753999 ], [ 4970458.389999999664724, 2188374.396800000220537 ], [ 4970446.392400000244379, 2188369.518400000408292 ], [ 4970428.5976, 2188362.276399999856949 ], [ 4970425.321000000461936, 2188360.968800000846386 ], [ 4970422.5482, 2188359.610500000417233 ], [ 4970418.968999999575317, 2188358.051200000569224 ], [ 4970415.994599999859929, 2188356.541899999603629 ], [ 4970413.372899999842048, 2188354.981899999082088 ], [ 4970410.297399999573827, 2188353.119899999350309 ], [ 4970407.222, 2188351.35869999974966 ], [ 4970405.946899999864399, 2188350.602 ], [ 4970404.22510000038892, 2188349.5801 ], [ 4970403.491100000217557, 2188349.144500000402331 ], [ 4970399.860999999567866, 2188346.930299999192357 ], [ 4970396.6343, 2188344.967599999159575 ], [ 4970392.903599999845028, 2188343.055800000205636 ], [ 4970388.9211, 2188341.295299999415874 ], [ 4970385.336199999786913, 2188339.60080000013113 ], [ 4970385.089700000360608, 2188339.484300000593066 ], [ 4970381.1075, 2188338.026100000366569 ], [ 4970377.2763, 2188336.4671 ], [ 4970373.293999999761581, 2188334.958499999716878 ], [ 4970371.03249999973923, 2188334.141799999400973 ], [ 4970370.370299999602139, 2188333.902599999681115 ], [ 4970366.287200000137091, 2188332.394099999219179 ], [ 4970362.0532, 2188331.288899999111891 ], [ 4970358.323200000450015, 2188330.2336 ], [ 4970354.5932, 2188329.077600000426173 ], [ 4970351.115199999883771, 2188328.072499999776483 ], [ 4970347.9901, 2188327.218399999663234 ], [ 4970344.109000000171363, 2188326.213600000366569 ], [ 4970340.278300000354648, 2188325.259199999272823 ], [ 4970336.5482, 2188324.052799999713898 ], [ 4970330.348000000230968, 2188321.890900000929832 ], [ 4970306.9073, 2188312.385700000450015 ], [ 4970303.630800000391901, 2188311.229299999773502 ], [ 4970300.656999999657273, 2188310.526200000196695 ], [ 4970296.574500000104308, 2188309.874299999326468 ], [ 4970292.694199999794364, 2188309.927699999883771 ], [ 4970289.670599999837577, 2188309.980499999597669 ], [ 4970285.790699999779463, 2188310.487400000914931 ], [ 4970282.364400000311434, 2188311.195499999448657 ], [ 4970279.492600000463426, 2188312.104699999094009 ], [ 4970276.11780000012368, 2188314.0724 ], [ 4970273.398400000296533, 2188316.543600000441074 ], [ 4970270.8306, 2188319.468100000172853 ], [ 4970268.665900000371039, 2188322.442700000479817 ], [ 4970266.501299999654293, 2188325.51799999922514 ], [ 4970264.639499999582767, 2188329.096999999135733 ], [ 4970263.432199999690056, 2188331.869300000369549 ], [ 4970262.174599999561906, 2188334.691999999806285 ], [ 4970260.514499999582767, 2188338.52280000038445 ], [ 4970259.156899999827147, 2188342.454199999570847 ], [ 4970258.201899999752641, 2188345.6294 ], [ 4970257.2467, 2188348.5526 ], [ 4970256.0915, 2188353.541899999603629 ], [ 4970255.388399999588728, 2188356.716900000348687 ], [ 4970254.283200000412762, 2188361.101600000634789 ], [ 4970253.732300000265241, 2188365.586500000208616 ], [ 4970253.533099999651313, 2188368.660399999469519 ], [ 4970253.505800000391901, 2188369.13120000064373 ], [ 4970253.474899999797344, 2188369.663599999621511 ], [ 4970253.33420000039041, 2188372.086899999529123 ], [ 4970252.883100000210106, 2188375.261700000613928 ], [ 4970252.532800000160933, 2188378.386099999770522 ], [ 4970251.93059999961406, 2188381.661800000816584 ], [ 4970251.32880000025034, 2188385.491800000891089 ], [ 4970250.827399999834597, 2188388.767400000244379 ], [ 4970250.370400000363588, 2188390.725199999287724 ], [ 4970248.215599999763072, 2188399.955600000917912 ], [ 4970244.628700000233948, 2188415.751700000837445 ], [ 4970241.2347, 2188430.697799999266863 ], [ 4970240.079699999652803, 2188435.939099999144673 ], [ 4970239.478500000201166, 2188440.524900000542402 ], [ 4970238.5746, 2188444.556600000709295 ], [ 4970237.972500000149012, 2188447.9835 ], [ 4970237.319899999536574, 2188451.259199999272823 ], [ 4970236.919200000353158, 2188454.383600000292063 ], [ 4970236.5691, 2188457.8103 ], [ 4970236.269100000150502, 2188460.884199999272823 ], [ 4970236.170800000429153, 2188464.008400000631809 ], [ 4970236.087000000290573, 2188464.757099999114871 ], [ 4970235.770399999804795, 2188467.586200000718236 ], [ 4970235.319799999706447, 2188471.41609999909997 ], [ 4970234.969600000418723, 2188474.641200000420213 ], [ 4970234.770600000396371, 2188477.967000000178814 ], [ 4970233.870299999602139, 2188486.785599999129772 ], [ 4970229.60190000012517, 2188506.289200000464916 ], [ 4970227.387400000356138, 2188509.86849999986589 ], [ 4970225.676099999807775, 2188512.590700000524521 ], [ 4970223.108300000429153, 2188515.565600000321865 ], [ 4970220.641099999658763, 2188518.238099999725819 ], [ 4970217.972099999897182, 2188520.759600000455976 ], [ 4970215.555100000463426, 2188523.180099999532104 ], [ 4970212.735000000335276, 2188525.7017 ], [ 4970209.864699999801815, 2188528.525699999183416 ], [ 4970206.64159999974072, 2188531.349899999797344 ], [ 4970203.469100000336766, 2188534.325300000607967 ], [ 4970200.296500000171363, 2188537.199899999424815 ], [ 4970197.375799999572337, 2188540.023900000378489 ], [ 4970194.858, 2188542.444499999284744 ], [ 4970192.189299999736249, 2188545.2179000005126 ], [ 4970189.570899999700487, 2188547.89049999974668 ], [ 4970187.355600000359118, 2188550.56279999949038 ], [ 4970184.7374, 2188553.588199999183416 ], [ 4970182.269899999722838, 2188555.9079 ], [ 4970177.838200000114739, 2188559.740900000557303 ], [ 4970163.573900000192225, 2188569.817299999296665 ], [ 4970161.771300000138581, 2188571.090700000524521 ], [ 4970158.497399999760091, 2188573.3607 ], [ 4970155.122399999760091, 2188575.177300000563264 ], [ 4970151.7473, 2188576.842800000682473 ], [ 4970148.371899999678135, 2188578.105100000277162 ], [ 4970144.189799999818206, 2188578.9649 ], [ 4970140.864099999889731, 2188579.3202 ], [ 4970137.286299999803305, 2188579.574999999254942 ], [ 4970133.95990000013262, 2188579.1744 ], [ 4970130.532700000330806, 2188578.6732 ], [ 4970127.306800000369549, 2188577.718299999833107 ], [ 4970123.980100000277162, 2188576.91469999961555 ], [ 4970120.855100000277162, 2188576.21169999986887 ], [ 4970117.024600000120699, 2188575.509199999272823 ], [ 4970112.99309999961406, 2188575.512399999424815 ], [ 4970109.667500000447035, 2188576.018799999728799 ], [ 4970106.292299999855459, 2188577.583499999716878 ], [ 4970103.8755, 2188580.30629999935627 ], [ 4970102.215099999681115, 2188583.683599999174476 ], [ 4970100.9079, 2188587.665300000458956 ], [ 4970100.356599999591708, 2188591.545700000599027 ], [ 4970100.1584, 2188595.879200000315905 ], [ 4970100.211799999698997, 2188599.809399999678135 ], [ 4970100.870000000111759, 2188603.688799999654293 ], [ 4970101.729799999855459, 2188607.668800000101328 ], [ 4970102.438400000333786, 2188611.648900000378489 ], [ 4970103.0461, 2188615.478000000119209 ], [ 4970103.401200000196695, 2188618.551400000229478 ], [ 4970103.958599999547005, 2188622.430800000205636 ], [ 4970104.465900000184774, 2188626.814200000837445 ], [ 4970104.519000000320375, 2188630.290999999269843 ], [ 4970104.521800000220537, 2188633.818099999800324 ], [ 4970104.776600000448525, 2188637.496300000697374 ], [ 4970104.729000000283122, 2188641.124299999326468 ], [ 4970104.832899999804795, 2188645.104900000616908 ], [ 4970105.2385, 2188648.22859999909997 ], [ 4970105.8459, 2188651.704900000244379 ], [ 4970106.503700000233948, 2188655.130799999460578 ], [ 4970107.715300000272691, 2188657.901200000196695 ], [ 4970109.027800000272691, 2188660.822699999436736 ], [ 4970110.693099999800324, 2188663.693600000813603 ], [ 4970112.458999999798834, 2188666.463500000536442 ], [ 4970114.627899999730289, 2188668.981300000101328 ], [ 4970117.602900000289083, 2188671.196000000461936 ], [ 4970120.477, 2188673.259700000286102 ], [ 4970123.0488, 2188675.4244 ], [ 4970123.94579999987036, 2188676.214600000530481 ], [ 4970125.6206, 2188677.689899999648333 ], [ 4970128.192800000309944, 2188680.3585 ], [ 4970130.86629999987781, 2188683.682 ], [ 4970133.237200000323355, 2188686.753900000825524 ], [ 4970134.853400000371039, 2188691.388299999758601 ], [ 4970135.00760000012815, 2188695.268100000917912 ], [ 4970133.9517, 2188698.342599999159575 ], [ 4970131.787200000137091, 2188701.417999999597669 ], [ 4970128.815600000321865, 2188703.58699999935925 ], [ 4970124.885700000450015, 2188704.648199999704957 ], [ 4970120.551900000311434, 2188704.8531 ], [ 4970116.722099999897182, 2188705.057600000873208 ], [ 4970113.244199999608099, 2188704.915400000289083 ], [ 4970113.09360000025481, 2188704.909299999475479 ], [ 4970104.677000000141561, 2188703.857699999585748 ], [ 4970092.432400000281632, 2188705.479599999263883 ], [ 4970089.989299999549985, 2188705.761900000274181 ], [ 4970089.35869999974966, 2188705.834699999541044 ], [ 4970084.974499999545515, 2188706.03969999961555 ], [ 4970081.29590000025928, 2188706.244100000709295 ], [ 4970077.970099999569356, 2188706.49860000051558 ], [ 4970073.888299999758601, 2188706.703299999237061 ], [ 4970070.814299999736249, 2188706.806500000879169 ], [ 4970067.43790000025183, 2188706.809100000187755 ], [ 4970063.607900000177324, 2188706.660900000482798 ], [ 4970060.534099999815226, 2188707.016000000759959 ], [ 4970057.057300000451505, 2188707.573000000789762 ], [ 4970053.681599999777973, 2188708.482599999755621 ], [ 4970050.9112, 2188710.147600000724196 ], [ 4970048.69550000037998, 2188712.215199999511242 ], [ 4970046.8328, 2188714.635299999266863 ], [ 4970045.222299999557436, 2188717.4583 ], [ 4970043.612700000405312, 2188721.289100000634789 ], [ 4970042.556599999777973, 2188724.111600000411272 ], [ 4970040.9967, 2188727.035399999469519 ], [ 4970036.3142, 2188732.430500000715256 ], [ 4970028.1546, 2188737.878799999132752 ], [ 4970025.38399999961257, 2188739.291799999773502 ], [ 4970021.857200000435114, 2188740.302300000563264 ], [ 4970018.633100000210106, 2188741.766100000590086 ], [ 4970015.257500000298023, 2188742.826899999752641 ], [ 4970011.932199999690056, 2188743.786800000816584 ], [ 4970008.405500000342727, 2188744.89809999987483 ], [ 4970004.47580000013113, 2188746.211300000548363 ], [ 4970001.352300000376999, 2188747.423000000417233 ], [ 4969998.2791, 2188748.634700000286102 ], [ 4969995.156000000424683, 2188750.249600000679493 ], [ 4969991.932199999690056, 2188752.166799999773502 ], [ 4969989.464300000108778, 2188753.932299999520183 ], [ 4969986.4929, 2188756.35329999960959 ], [ 4969983.7736, 2188758.975600000470877 ], [ 4969981.457299999892712, 2188761.295299999415874 ], [ 4969978.8893, 2188764.018200000748038 ], [ 4969977.0269, 2188766.790999999269843 ], [ 4969974.610299999825656, 2188769.765799999237061 ], [ 4969972.294599999673665, 2188772.942099999636412 ], [ 4969970.281000000424683, 2188775.664599999785423 ], [ 4969968.166199999861419, 2188777.933700000867248 ], [ 4969965.799800000153482, 2188780.75730000063777 ], [ 4969962.475599999539554, 2188783.0777000002563 ], [ 4969959.554100000299513, 2188784.843599999323487 ], [ 4969956.5822, 2188786.559100000187755 ], [ 4969953.610100000165403, 2188788.022700000554323 ], [ 4969950.9403, 2188789.435599999502301 ], [ 4969944.492700000293553, 2188793.219799999147654 ], [ 4969931.502899999730289, 2188808.497500000521541 ], [ 4969928.1299, 2188812.934299999848008 ], [ 4969924.856800000183284, 2188816.161699999123812 ], [ 4969921.63300000037998, 2188818.028599999845028 ], [ 4969918.004599999636412, 2188817.981000000610948 ], [ 4969917.948200000450015, 2188817.957399999722838 ], [ 4969914.27419999986887, 2188816.421900000423193 ], [ 4969910.8454, 2188813.854699999094009 ], [ 4969907.970700000412762, 2188810.9847999997437 ], [ 4969905.449, 2188808.467399999499321 ], [ 4969903.583499999716878, 2188807.209100000560284 ], [ 4969900.862200000323355, 2188807.261600000783801 ], [ 4969898.141900000162423, 2188808.473099999129772 ], [ 4969895.926400000229478, 2188810.843000000342727 ], [ 4969893.711799999698997, 2188814.4222999997437 ], [ 4969892.404, 2188817.597799999639392 ], [ 4969890.341300000436604, 2188822.033600000664592 ], [ 4969888.630199999548495, 2188825.007799999788404 ], [ 4969886.61670000012964, 2188827.931900000199676 ], [ 4969884.653300000354648, 2188830.503200000151992 ], [ 4969882.286999999545515, 2188833.276399999856949 ], [ 4969880.437, 2188835.07289999909699 ], [ 4969878.963499999605119, 2188836.503799999132752 ], [ 4969875.991600000299513, 2188838.2697 ], [ 4969872.542299999855459, 2188838.9222999997437 ], [ 4969871.199699999764562, 2188839.6426 ], [ 4969870.865199999883771, 2188838.752800000831485 ], [ 4969868.735000000335276, 2188838.527300000190735 ], [ 4969868.612099999561906, 2188838.4814 ], [ 4969866.315399999730289, 2188837.622199999168515 ], [ 4969865.787899999879301, 2188837.053999999538064 ], [ 4969864.39879999961704, 2188835.557800000533462 ], [ 4969863.338000000454485, 2188832.384099999442697 ], [ 4969862.4781, 2188828.253000000491738 ], [ 4969862.324, 2188824.524399999529123 ], [ 4969862.5735, 2188821.2489 ], [ 4969862.821600000374019, 2188816.361099999397993 ], [ 4969862.718500000424683, 2188813.337899999693036 ], [ 4969862.160899999551475, 2188809.206499999389052 ], [ 4969860.243300000205636, 2188805.781600000336766 ], [ 4969858.024299999698997, 2188803.717399999499321 ], [ 4969855.452600000426173, 2188801.603000000119209 ], [ 4969852.478199999779463, 2188800.144099999219179 ], [ 4969849.504200000315905, 2188799.239399999380112 ], [ 4969846.480499999597669, 2188799.141000000759959 ], [ 4969843.306599999777973, 2188800.302400000393391 ], [ 4969840.939500000327826, 2188802.219000000506639 ], [ 4969838.371600000187755, 2188805.042700000107288 ], [ 4969835.703200000338256, 2188808.2193 ], [ 4969833.7407, 2188811.999900000169873 ], [ 4969831.8794, 2188816.133199999108911 ], [ 4969830.77350000012666, 2188819.762000000104308 ], [ 4969829.566800000146031, 2188823.239700000733137 ], [ 4969828.46059999987483, 2188826.415100000798702 ], [ 4969827.30460000038147, 2188830.396600000560284 ], [ 4969825.9972, 2188834.02559999935329 ], [ 4969823.933299999684095, 2188837.050499999895692 ], [ 4969821.16370000038296, 2188839.622500000521541 ], [ 4969818.453200000338256, 2188841.69539999961853 ], [ 4969818.3936, 2188841.740900000557303 ], [ 4969815.572800000198185, 2188843.30519999936223 ], [ 4969812.3991, 2188844.819299999624491 ], [ 4969808.922600000165403, 2188845.779400000348687 ], [ 4969805.395700000226498, 2188846.588300000876188 ], [ 4969802.170599999837577, 2188846.792400000616908 ], [ 4969798.440999999642372, 2188846.291400000452995 ], [ 4969795.063299999572337, 2188844.63120000064373 ], [ 4969794.1402000002563, 2188843.767200000584126 ], [ 4969791.835699999704957, 2188841.610400000587106 ], [ 4969790.170699999667704, 2188839.041899999603629 ], [ 4969788.958800000138581, 2188835.8684 ], [ 4969788.250799999572337, 2188832.694499999284744 ], [ 4969787.916963732801378, 2188830.164259841665626 ], [ 4969765.490299999713898, 2188842.617599999532104 ], [ 4969729.571399999782443, 2188858.101600000634789 ], [ 4969691.739299999549985, 2188871.051400000229478 ], [ 4969652.52489999961108, 2188882.065400000661612 ], [ 4969612.508500000461936, 2188891.692299999296665 ], [ 4969572.250900000333786, 2188900.530300000682473 ], [ 4969532.28249999973923, 2188909.127900000661612 ], [ 4969493.1239, 2188917.9539 ], [ 4969453.541299999691546, 2188924.432800000533462 ], [ 4969413.264600000344217, 2188928.474999999627471 ], [ 4969372.76630000025034, 2188931.558599999174476 ], [ 4969332.53870000038296, 2188935.151200000196695 ], [ 4969293.064299999736249, 2188940.730599999427795 ], [ 4969254.825199999846518, 2188949.764699999243021 ], [ 4969217.593399999663234, 2188963.142899999395013 ], [ 4969179.5777000002563, 2188979.440099999308586 ], [ 4969142.066999999806285, 2188998.553899999707937 ], [ 4969106.6798, 2189020.551100000739098 ], [ 4969075.0148, 2189045.488700000569224 ], [ 4969048.67090000025928, 2189073.453500000759959 ], [ 4969029.597699999809265, 2189105.261299999430776 ], [ 4969018.067200000397861, 2189142.01039999909699 ], [ 4969011.318599999882281, 2189182.0877 ], [ 4969006.511400000192225, 2189223.739900000393391 ], [ 4969000.824699999764562, 2189265.233899999409914 ], [ 4968991.387699999846518, 2189304.8366 ], [ 4968977.7308, 2189342.528899999335408 ], [ 4968963.44579999987036, 2189380.8619 ], [ 4968948.211400000378489, 2189419.166799999773502 ], [ 4968931.546900000423193, 2189456.644999999552965 ], [ 4968912.990899999625981, 2189492.498199999332428 ], [ 4968892.052500000223517, 2189525.938100000843406 ], [ 4968868.260499999858439, 2189556.146199999377131 ], [ 4968839.885900000110269, 2189582.7862 ], [ 4968806.309299999848008, 2189605.928999999538064 ], [ 4968769.278599999845028, 2189625.331700000911951 ], [ 4968730.552000000141561, 2189640.7511 ], [ 4968691.9073, 2189651.9441 ], [ 4968654.149000000208616, 2189656.321399999782443 ], [ 4968614.978500000201166, 2189648.292400000616908 ], [ 4968575.019500000402331, 2189635.409099999815226 ], [ 4968535.207600000314415, 2189626.362199999392033 ], [ 4968496.257000000216067, 2189628.973300000652671 ], [ 4968457.524799999780953, 2189641.485300000756979 ], [ 4968419.019399999640882, 2189657.663699999451637 ], [ 4968380.8591, 2189671.453400000929832 ], [ 4968343.182400000281632, 2189676.779899999499321 ], [ 4968298.946100000292063, 2189668.610500000417233 ], [ 4968255.129200000315905, 2189649.699899999424815 ], [ 4968231.134600000455976, 2189625.44649999961257 ], [ 4968237.567300000227988, 2189598.038599999621511 ], [ 4968262.435200000181794, 2189566.199799999594688 ], [ 4968295.423100000247359, 2189532.807099999859929 ], [ 4968326.3454, 2189500.787100000306964 ], [ 4968354.975499999709427, 2189471.8487 ], [ 4968386.286100000143051, 2189444.393899999558926 ], [ 4968416.127100000157952, 2189416.442399999126792 ], [ 4968440.348299999721348, 2189386.003499999642372 ], [ 4968455.9885, 2189351.064999999478459 ], [ 4968467.5631, 2189311.138499999418855 ], [ 4968474.97649999987334, 2189268.71199999935925 ], [ 4968476.935200000181794, 2189226.505599999800324 ], [ 4968472.135499999858439, 2189187.229399999603629 ], [ 4968459.092000000178814, 2189152.784399999305606 ], [ 4968436.148, 2189118.64780000038445 ], [ 4968405.88329999987036, 2189086.033700000494719 ], [ 4968371.560600000433624, 2189057.893300000578165 ], [ 4968336.442599999718368, 2189037.177699999883771 ], [ 4968303.652599999681115, 2189027.098400000482798 ], [ 4968270.722, 2189037.890900000929832 ], [ 4968236.602699999697506, 2189064.7116 ], [ 4968202.810700000263751, 2189095.568 ], [ 4968170.356499999761581, 2189120.58699999935925 ], [ 4968137.749699999578297, 2189144.137599999085069 ], [ 4968105.1031, 2189167.818199999630451 ], [ 4968072.8871, 2189191.977700000628829 ], [ 4968041.591799999587238, 2189216.934699999168515 ], [ 4968011.677299999631941, 2189243.037900000810623 ], [ 4967983.614400000311434, 2189270.756400000303984 ], [ 4967958.768299999646842, 2189303.634199999272823 ], [ 4967940.913800000213087, 2189340.625199999660254 ], [ 4967933.841699999757111, 2189378.66499999910593 ], [ 4967935.214300000108778, 2189417.817900000140071 ], [ 4967941.474399999715388, 2189457.890699999406934 ], [ 4967949.8827, 2189498.069399999454618 ], [ 4967958.169800000265241, 2189537.559000000357628 ], [ 4967973.188299999572337, 2189575.58699999935925 ], [ 4967977.088600000366569, 2189614.645199999213219 ], [ 4967969.413599999621511, 2189656.16300000064075 ], [ 4967946.971, 2189686.698400000110269 ], [ 4967915.402200000360608, 2189709.687699999660254 ], [ 4967879.7012, 2189729.547499999403954 ], [ 4967842.628200000151992, 2189747.711400000378489 ], [ 4967806.493599999696016, 2189765.483899999409914 ], [ 4967769.64740000013262, 2189782.098799999803305 ], [ 4967731.8459, 2189795.398399999365211 ], [ 4967693.093500000424683, 2189802.575099999085069 ], [ 4967652.623599999584258, 2189799.574100000783801 ], [ 4967614.098500000312924, 2189789.515599999576807 ], [ 4967576.724499999545515, 2189775.188799999654293 ], [ 4967539.478799999691546, 2189760.062400000169873 ], [ 4967501.528800000436604, 2189747.644999999552965 ], [ 4967462.168100000359118, 2189739.486300000920892 ], [ 4967422.320000000298023, 2189737.802999999374151 ], [ 4967382.052799999713898, 2189741.655600000172853 ], [ 4967341.5795, 2189747.546800000593066 ], [ 4967301.4337, 2189752.28830000013113 ], [ 4967262.13910000026226, 2189752.682 ], [ 4967223.9199, 2189745.850199999287724 ], [ 4967186.017400000244379, 2189732.153699999675155 ], [ 4967149.493800000287592, 2189713.209300000220537 ], [ 4967115.6409, 2189690.583100000396371 ], [ 4967086.0773, 2189664.242000000551343 ], [ 4967061.7834, 2189629.67820000089705 ], [ 4967039.623800000175834, 2189593.002299999818206 ], [ 4967016.05559999961406, 2189561.754300000146031 ], [ 4966984.861100000329316, 2189544.837999999523163 ], [ 4966937.402900000102818, 2189555.4781 ], [ 4966918.81180000025779, 2189583.338600000366569 ], [ 4966922.36600000038743, 2189619.020500000566244 ], [ 4966933.471800000406802, 2189659.0844 ], [ 4966949.275500000454485, 2189700.248400000855327 ], [ 4966966.883500000461936, 2189739.230900000780821 ], [ 4966984.844700000248849, 2189774.705800000578165 ], [ 4967004.712600000202656, 2189809.347799999639392 ], [ 4967026.237599999643862, 2189843.237400000914931 ], [ 4967049.059999999590218, 2189876.385199999436736 ], [ 4967072.8602, 2189908.7818 ], [ 4967097.308400000445545, 2189940.4178 ], [ 4967125.599899999797344, 2189970.328099999576807 ], [ 4967158.434000000357628, 2189998.3914 ], [ 4967191.656499999575317, 2190025.80460000038147 ], [ 4967221.113400000147521, 2190053.814400000497699 ], [ 4967242.660799999721348, 2190083.637399999424815 ], [ 4967252.3465, 2190117.699200000613928 ], [ 4967249.761, 2190161.295700000599027 ], [ 4967237.0789, 2190207.169199999421835 ], [ 4967216.560499999672174, 2190246.163699999451637 ], [ 4967190.426900000311434, 2190269.1327 ], [ 4967158.806200000457466, 2190275.2171 ], [ 4967121.6222, 2190271.650499999523163 ], [ 4967080.719499999657273, 2190261.756400000303984 ], [ 4967037.9527000002563, 2190248.848500000312924 ], [ 4966995.166600000113249, 2190236.25029999949038 ], [ 4966954.1957, 2190227.265599999576807 ], [ 4966914.351300000213087, 2190222.2752 ], [ 4966874.0899, 2190218.6744 ], [ 4966833.85869999974966, 2190215.183299999684095 ], [ 4966794.08490000013262, 2190210.512599999085069 ], [ 4966755.2056, 2190203.382200000807643 ], [ 4966717.7665, 2190191.783099999651313 ], [ 4966682.779500000178814, 2190171.756699999794364 ], [ 4966650.759700000286102, 2190146.399399999529123 ], [ 4966622.532100000418723, 2190118.577199999243021 ], [ 4966598.59250000026077, 2190086.490499999374151 ], [ 4966575.280799999833107, 2190053.583499999716878 ], [ 4966549.953200000338256, 2190021.839099999517202 ], [ 4966524.711400000378489, 2189987.936599999666214 ], [ 4966498.67339999973774, 2189955.653999999165535 ], [ 4966470.588499999605119, 2189929.400100000202656 ], [ 4966435.6025, 2189915.218499999493361 ], [ 4966389.485600000247359, 2189921.9695999994874 ], [ 4966364.492999999783933, 2189946.005699999630451 ], [ 4966360.395499999634922, 2189982.531400000676513 ], [ 4966364.2133, 2190025.586400000378489 ], [ 4966368.291400000452995, 2190068.840800000354648 ], [ 4966368.486999999731779, 2190108.935200000181794 ], [ 4966368.46239999961108, 2190148.9101 ], [ 4966368.4079, 2190188.875099999830127 ], [ 4966368.38329999987036, 2190228.840099999681115 ], [ 4966368.438799999654293, 2190268.804999999701977 ], [ 4966368.604000000283122, 2190308.769500000402331 ], [ 4966368.95920000039041, 2190348.723799999803305 ], [ 4966368.835, 2190388.818800000473857 ], [ 4966368.431300000287592, 2190429.0143 ], [ 4966369.346, 2190469.027499999850988 ], [ 4966373.1573, 2190508.565500000491738 ], [ 4966379.0685, 2190548.9989 ], [ 4966386.789200000464916, 2190590.03830000013113 ], [ 4966399.699900000356138, 2190628.160399999469519 ], [ 4966421.03139999974519, 2190659.982200000435114 ], [ 4966448.0998, 2190687.636700000613928 ], [ 4966478.151999999769032, 2190713.377499999478459 ], [ 4966510.389600000344217, 2190737.625199999660254 ], [ 4966544.023699999786913, 2190760.771299999207258 ], [ 4966578.266099999658763, 2190783.22690000012517 ], [ 4966612.3081, 2190805.413100000470877 ], [ 4966646.149000000208616, 2190826.910299999639392 ], [ 4966683.597500000149012, 2190843.5449 ], [ 4966721.104899999685585, 2190859.609899999573827 ], [ 4966753.587000000290573, 2190881.099600000306964 ], [ 4966778.740799999795854, 2190910.646099999547005 ], [ 4966800.145100000314415, 2190944.086300000548363 ], [ 4966819.55530000012368, 2190979.668299999088049 ], [ 4966838.646599999628961, 2191015.720499999821186 ], [ 4966859.104600000195205, 2191050.57120000012219 ], [ 4966882.604600000195205, 2191082.678600000217557 ], [ 4966910.396499999798834, 2191112.479800000786781 ], [ 4966941.777800000272691, 2191138.347799999639392 ], [ 4966975.824300000444055, 2191157.586500000208616 ], [ 4967014.2895, 2191167.704900000244379 ], [ 4967055.209699999541044, 2191170.974700000137091 ], [ 4967095.16330000013113, 2191170.319599999114871 ], [ 4967134.849100000225008, 2191165.409 ], [ 4967174.5921, 2191159.0395 ], [ 4967214.3586, 2191154.5482 ], [ 4967254.163099999539554, 2191154.313200000673532 ], [ 4967294.111399999819696, 2191156.176000000908971 ], [ 4967334.072700000368059, 2191159.577500000596046 ], [ 4967373.886599999852479, 2191164.308000000193715 ], [ 4967413.4128, 2191170.15819999948144 ], [ 4967452.54839999973774, 2191180.754799999296665 ], [ 4967491.2314, 2191195.049000000581145 ], [ 4967529.3043, 2191203.779400000348687 ], [ 4967569.029299999587238, 2191198.489 ], [ 4967606.5587, 2191178.615499999374151 ], [ 4967627.272199999541044, 2191147.843499999493361 ], [ 4967637.391099999658763, 2191109.667999999597669 ], [ 4967643.817300000227988, 2191068.362299999222159 ], [ 4967652.293999999761581, 2191028.221699999645352 ], [ 4967661.187, 2190986.321699999272823 ], [ 4967668.02489999961108, 2190940.768999999389052 ], [ 4967674.88219999987632, 2190894.94649999961257 ], [ 4967683.803600000217557, 2190852.237199999392033 ], [ 4967696.873700000345707, 2190816.02449999935925 ], [ 4967716.127000000327826, 2190789.691299999132752 ], [ 4967743.2363, 2190775.532500000670552 ], [ 4967776.905899999663234, 2190769.913899999111891 ], [ 4967815.443900000303984, 2190770.920199999585748 ], [ 4967857.2988, 2190777.135600000619888 ], [ 4967900.8991, 2190787.114399999380112 ], [ 4967944.6837, 2190799.4408 ], [ 4967987.1014, 2190812.688999999314547 ], [ 4968026.5806, 2190825.403100000694394 ], [ 4968058.4699, 2190845.285399999469519 ], [ 4968082.174700000323355, 2190880.019899999722838 ], [ 4968109.527200000360608, 2190909.971799999475479 ], [ 4968140.32799999974668, 2190935.411100000143051 ], [ 4968171.906700000166893, 2190960.029699999839067 ], [ 4968204.19440000038594, 2190984.486999999731779 ], [ 4968236.791799999773502, 2191008.973799999803305 ], [ 4968250.097400000318885, 2191044.587200000882149 ], [ 4968257.2652000002563, 2191083.809000000357628 ], [ 4968261.888000000268221, 2191124.4244 ], [ 4968266.5302, 2191164.819900000467896 ], [ 4968270.3032, 2191205.197200000286102 ], [ 4968272.199099999852479, 2191246.237299999222159 ], [ 4968277.329199999570847, 2191285.692700000479817 ], [ 4968291.653, 2191320.814600000157952 ], [ 4968320.8597, 2191348.604800000786781 ], [ 4968350.985999999567866, 2191376.583100000396371 ], [ 4968370.05559999961406, 2191411.725999999791384 ], [ 4968383.987499999813735, 2191450.945000000298023 ], [ 4968397.629300000146031, 2191489.994699999690056 ], [ 4968415.569199999794364, 2191524.710100000724196 ], [ 4968441.876400000415742, 2191551.436699999496341 ], [ 4968475.205199999734759, 2191571.635800000280142 ], [ 4968512.792100000195205, 2191587.580600000917912 ], [ 4968552.163099999539554, 2191601.204 ], [ 4968590.8339, 2191614.45920000039041 ], [ 4968630.806599999777973, 2191623.965199999511242 ], [ 4968672.630400000140071, 2191629.710899999365211 ], [ 4968710.167600000277162, 2191640.430500000715256 ], [ 4968738.387000000104308, 2191663.906300000846386 ], [ 4968759.114099999889731, 2191698.496400000527501 ], [ 4968774.205799999646842, 2191738.1129 ], [ 4968784.949900000356138, 2191777.038100000470877 ], [ 4968789.8799, 2191816.3739 ], [ 4968790.80559999961406, 2191856.7664 ], [ 4968791.001799999736249, 2191897.150399999693036 ], [ 4968791.177500000223517, 2191937.174599999561906 ], [ 4968789.964499999769032, 2191977.301300000399351 ], [ 4968789.171, 2192017.337400000542402 ], [ 4968790.634999999776483, 2192057.109400000423193 ], [ 4968794.310499999672174, 2192098.715700000524521 ], [ 4968799.997700000181794, 2192142.126499999314547 ], [ 4968813.324300000444055, 2192178.299200000241399 ], [ 4968840.189500000327826, 2192198.880200000479817 ], [ 4968880.087299999780953, 2192205.7785 ], [ 4968924.111399999819696, 2192207.363700000569224 ], [ 4968965.176699999719858, 2192208.2752 ], [ 4969005.815499999560416, 2192205.47069999948144 ], [ 4969040.9386, 2192223.558199999853969 ], [ 4969072.673600000329316, 2192256.898499999195337 ], [ 4969103.683899999596179, 2192271.586799999698997 ], [ 4969136.389999999664724, 2192258.4265 ], [ 4969169.934899999760091, 2192234.4342 ], [ 4969201.779400000348687, 2192204.160700000822544 ], [ 4969229.364400000311434, 2192172.176899999380112 ], [ 4969249.143899999558926, 2192138.978800000622869 ], [ 4969261.090400000102818, 2192100.460400000214577 ], [ 4969276.0696, 2192043.6623 ], [ 4969288.143899999558926, 2192004.04450000077486 ], [ 4969296.942699999548495, 2191965.252299999818206 ], [ 4969281.221599999815226, 2191930.912499999627471 ], [ 4969245.081600000150502, 2191913.98589999973774 ], [ 4969204.765599999576807, 2191907.817700000479817 ], [ 4969164.124699999578297, 2191904.107899999246001 ], [ 4969136.011400000192225, 2191878.703600000590086 ], [ 4969123.389600000344217, 2191840.141699999570847 ], [ 4969135.6826, 2191799.924100000411272 ], [ 4969154.876000000163913, 2191763.1403 ], [ 4969185.191700000315905, 2191748.625800000503659 ], [ 4969227.649500000290573, 2191756.758199999108911 ], [ 4969267.187199999578297, 2191768.812699999660254 ], [ 4969304.569500000216067, 2191782.250099999830127 ], [ 4969341.458999999798834, 2191767.533299999311566 ], [ 4969374.840400000102818, 2191741.6831 ], [ 4969397.631400000303984, 2191710.567500000819564 ], [ 4969400.307300000451505, 2191672.646099999547005 ], [ 4969393.635099999606609, 2191631.415300000458956 ], [ 4969386.795199999585748, 2191591.233799999579787 ], [ 4969378.418499999679625, 2191552.064400000497699 ], [ 4969370.2418, 2191512.914599999785423 ], [ 4969365.610600000247359, 2191473.168600000441074 ], [ 4969365.334699999541044, 2191432.894799999892712 ], [ 4969372.23340000025928, 2191393.137000000104308 ], [ 4969386.177400000393391, 2191354.23509999923408 ], [ 4969412.941399999894202, 2191326.529100000858307 ], [ 4969451.7626, 2191308.371799999848008 ], [ 4969489.249200000427663, 2191308.330900000408292 ], [ 4969524.154, 2191327.198200000450015 ], [ 4969558.549800000153482, 2191351.711400000378489 ], [ 4969594.5159, 2191371.845499999821186 ], [ 4969613.051799999549985, 2191404.771299999207258 ], [ 4969621.779699999839067, 2191444.749299999326468 ], [ 4969629.610299999825656, 2191485.78800000064075 ], [ 4969638.238699999637902, 2191525.966 ], [ 4969665.067599999718368, 2191548.525299999862909 ], [ 4969705.8684, 2191557.560100000351667 ], [ 4969746.655899999663234, 2191564.786499999463558 ], [ 4969786.400700000114739, 2191570.106599999591708 ], [ 4969826.512699999846518, 2191568.8618 ], [ 4969867.23450000025332, 2191562.540400000289083 ], [ 4969906.744900000281632, 2191560.137800000607967 ], [ 4969942.5756, 2191572.029400000348687 ], [ 4969974.745500000193715, 2191597.675799999386072 ], [ 4970009.036899999715388, 2191619.751299999654293 ], [ 4970046.19539999961853, 2191641.711400000378489 ], [ 4970083.4989, 2191661.073699999600649 ], [ 4970118.436499999836087, 2191670.948699999600649 ], [ 4970149.002299999818206, 2191651.348300000652671 ], [ 4970165.53110000025481, 2191610.943 ], [ 4970163.838499999605119, 2191571.731100000441074 ], [ 4970155.94440000038594, 2191523.598799999803305 ], [ 4970122.788599999621511, 2191499.662799999117851 ], [ 4970095.768899999558926, 2191471.249199999496341 ], [ 4970077.049499999731779, 2191436.385600000619888 ], [ 4970059.596599999815226, 2191400.22069999948144 ], [ 4970043.6206, 2191363.093900000676513 ], [ 4970029.3119, 2191325.334499999880791 ], [ 4970016.871000000275671, 2191287.291899999603629 ], [ 4970007.556800000369549, 2191248.943499999120831 ], [ 4970004.544300000183284, 2191209.1645 ], [ 4970003.47719999961555, 2191136.1415 ], [ 4970009.196700000204146, 2191069.809599999338388 ], [ 4970012.398299999535084, 2191029.839099999517202 ], [ 4970016.389499999582767, 2190990.056800000369549 ], [ 4970021.930100000463426, 2190950.63150000013411 ], [ 4970031.648900000378489, 2190912.22719999961555 ], [ 4970047.504999999888241, 2190875.300000000745058 ], [ 4970062.080799999646842, 2190837.575999999418855 ], [ 4970079.419099999591708, 2190797.209100000560284 ], [ 4970091.874200000427663, 2190758.190300000831485 ], [ 4970086.287700000219047, 2190725.629799999296665 ], [ 4970054.440700000151992, 2190701.64130000025034 ], [ 4970014.320299999788404, 2190682.573999999091029 ], [ 4969978.2999, 2190665.407299999147654 ], [ 4969941.3536, 2190649.980799999088049 ], [ 4969903.780500000342727, 2190635.984200000762939 ], [ 4969865.959800000302494, 2190623.087200000882149 ], [ 4969827.682199999690056, 2190611.689500000327826 ], [ 4969788.9874, 2190601.511700000613928 ], [ 4969750.1338, 2190591.963500000536442 ], [ 4969711.002500000409782, 2190583.484999999403954 ], [ 4969671.245699999853969, 2190577.0757 ], [ 4969632.353699999861419, 2190568.326999999582767 ], [ 4969595.279699999839067, 2190554.1096 ], [ 4969558.71129999961704, 2190537.743300000205636 ], [ 4969522.7094, 2190519.817099999636412 ], [ 4969487.464200000278652, 2190500.54079999960959 ], [ 4969453.216, 2190480.093599999323487 ], [ 4969423.570899999700487, 2190452.893799999728799 ], [ 4969396.916600000113249, 2190422.211200000718236 ], [ 4969361.161999999545515, 2190408.341099999845028 ], [ 4969322.050599999725819, 2190399.782500000670552 ], [ 4969281.5466, 2190394.583599999547005 ], [ 4969240.977900000289083, 2190392.072499999776483 ], [ 4969201.336199999786913, 2190393.765799999237061 ], [ 4969161.832600000314415, 2190405.080399999395013 ], [ 4969122.6732, 2190413.466900000348687 ], [ 4969084.128100000321865, 2190408.614 ], [ 4969045.84360000025481, 2190398.834899999201298 ], [ 4969007.723899999633431, 2190386.437899999320507 ], [ 4968969.681599999777973, 2190372.66190000064671 ], [ 4968931.638899999670684, 2190358.736099999397993 ], [ 4968893.548499999567866, 2190345.889399999752641 ], [ 4968853.7818, 2190339.590099999681115 ], [ 4968814.233900000341237, 2190332.750800000503659 ], [ 4968776.823300000280142, 2190320.252499999478459 ], [ 4968741.957700000144541, 2190300.895400000736117 ], [ 4968708.255599999800324, 2190278.728700000792742 ], [ 4968671.318900000303984, 2190257.856899999082088 ], [ 4968629.897199999541044, 2190237.533099999651313 ], [ 4968606.900899999774992, 2190212.858300000429153 ], [ 4968612.1402000002563, 2190177.859300000593066 ], [ 4968632.786000000312924, 2190137.645999999716878 ], [ 4968662.4282, 2190104.9989 ], [ 4968695.8975, 2190088.530300000682473 ], [ 4968733.277599999681115, 2190079.5877 ], [ 4968773.443099999800324, 2190074.815999999642372 ], [ 4968814.990500000305474, 2190071.8103 ], [ 4968856.536899999715388, 2190068.185100000351667 ], [ 4968896.6689, 2190061.5153 ], [ 4968934.953700000420213, 2190050.253000000491738 ], [ 4968972.482300000265241, 2190035.3454 ], [ 4969008.466099999845028, 2190017.1535 ], [ 4969042.026399999856949, 2189995.959000000730157 ], [ 4969072.651600000448525, 2189970.693600000813603 ], [ 4969101.102699999697506, 2189942.225099999457598 ], [ 4969128.372399999760091, 2189912.509999999776483 ], [ 4969154.399400000460446, 2189880.719000000506639 ], [ 4969177.858, 2189843.25789999961853 ], [ 4969201.6206, 2189808.154200000688434 ], [ 4969228.901200000196695, 2189784.153999999165535 ], [ 4969262.688299999572337, 2189777.32630000077188 ], [ 4969302.23340000025928, 2189782.707000000402331 ], [ 4969343.602800000458956, 2189796.486700000241399 ], [ 4969382.773199999704957, 2189815.11629999987781 ], [ 4969415.98340000025928, 2189836.134999999776483 ], [ 4969443.451999999582767, 2189864.168299999088049 ], [ 4969467.932, 2189896.883099999278784 ], [ 4969492.163200000301003, 2189930.117900000885129 ], [ 4969517.769399999640882, 2189961.371899999678135 ], [ 4969544.442499999888241, 2189991.44480000063777 ], [ 4969577.683799999766052, 2190013.013000000268221 ], [ 4969613.767400000244379, 2190031.908099999651313 ], [ 4969651.292299999855459, 2190046.834000000730157 ], [ 4969689.404500000178814, 2190055.334599999710917 ], [ 4969729.145499999634922, 2190053.4013 ], [ 4969769.507299999706447, 2190046.780999999493361 ], [ 4969809.6381, 2190039.6316 ], [ 4969850.0236, 2190029.784099999815226 ], [ 4969887.9665, 2190027.984099999070168 ], [ 4969919.1733, 2190051.564300000667572 ], [ 4969944.882399999536574, 2190084.396500000730157 ], [ 4969966.812, 2190120.982699999585748 ], [ 4969989.745000000111759, 2190154.559599999338388 ], [ 4970019.5554, 2190174.0559 ], [ 4970060.82010000012815, 2190169.5121 ], [ 4970103.687400000169873, 2190161.748099999502301 ], [ 4970136.374900000169873, 2190175.83390000090003 ], [ 4970161.349000000394881, 2190205.670199999585748 ], [ 4970183.487200000323355, 2190241.62639999948442 ], [ 4970206.393799999728799, 2190277.081700000911951 ], [ 4970233.683000000193715, 2190305.404999999329448 ], [ 4970268.4298, 2190325.39159999974072 ], [ 4970308.309899999760091, 2190338.904200000688434 ], [ 4970348.843399999663234, 2190343.943299999460578 ], [ 4970386.600200000219047, 2190338.876499999314547 ], [ 4970423.4424, 2190325.60869999974966 ], [ 4970459.995799999684095, 2190307.585699999704957 ], [ 4970496.526700000278652, 2190288.233899999409914 ], [ 4970533.3015, 2190270.979800000786781 ], [ 4970570.444299999624491, 2190252.925899999216199 ], [ 4970608.169200000353158, 2190241.534800000488758 ], [ 4970648.477300000376999, 2190243.686699999496341 ], [ 4970691.020999999716878, 2190249.770999999716878 ], [ 4970730.657800000160933, 2190261.465700000524521 ], [ 4970762.1859, 2190280.669199999421835 ], [ 4970782.246899999678135, 2190311.843499999493361 ], [ 4970793.783099999651313, 2190352.3257 ], [ 4970801.086500000208616, 2190394.6941 ], [ 4970806.266900000162423, 2190434.369000000879169 ], [ 4970807.3821, 2190474.730900000780821 ], [ 4970807.1491, 2190515.345200000330806 ], [ 4970808.55350000038743, 2190555.46680000051856 ], [ 4970814.591699999757111, 2190594.3607 ], [ 4970829.789900000207126, 2190632.348200000822544 ], [ 4970853.6902, 2190670.259199999272823 ], [ 4970879.057199999690056, 2190707.128499999642372 ], [ 4970898.595700000412762, 2190741.940500000491738 ], [ 4970905.019899999722838, 2190773.710100000724196 ], [ 4970889.756299999542534, 2190801.684000000357628 ], [ 4970855.102300000376999, 2190825.508199999108911 ], [ 4970812.2166, 2190844.622300000861287 ], [ 4970772.0384, 2190858.405899999663234 ], [ 4970732.494, 2190863.855699999257922 ], [ 4970690.981100000441074, 2190863.964099999517202 ], [ 4970649.948800000362098, 2190864.551200000569224 ], [ 4970611.805800000205636, 2190871.447100000455976 ], [ 4970576.9413, 2190889.656700000166893 ], [ 4970545.38260000012815, 2190917.851299999281764 ], [ 4970522.0472999997437, 2190951.635299999266863 ], [ 4970509.956199999898672, 2190987.736099999397993 ], [ 4970504.564500000327826, 2191026.651599999517202 ], [ 4970503.012900000438094, 2191067.358300000429153 ], [ 4970502.71129999961704, 2191108.642100000753999 ], [ 4970500.835, 2191152.067099999636412 ], [ 4970505.605999999679625, 2191191.862600000575185 ], [ 4970514.831600000150502, 2191230.940400000661612 ], [ 4970531.465099999681115, 2191267.036800000816584 ], [ 4970561.847900000400841, 2191293.415899999439716 ], [ 4970599.209800000302494, 2191311.938699999824166 ], [ 4970637.6222, 2191320.738199999555945 ], [ 4970663.746299999766052, 2191292.923599999397993 ], [ 4970680.795, 2191252.667199999094009 ], [ 4970710.552500000223517, 2191238.943099999800324 ], [ 4970750.644100000150502, 2191253.354599999263883 ], [ 4970776.697100000455976, 2191283.07880000025034 ], [ 4970802.236200000159442, 2191315.8213 ], [ 4970830.142300000414252, 2191348.039899999275804 ], [ 4970864.955400000326335, 2191350.202099999412894 ], [ 4970901.506699999794364, 2191325.834599999710917 ], [ 4970909.642699999734759, 2191290.550699999555945 ], [ 4970905.415900000371039, 2191247.946699999272823 ], [ 4970921.025600000284612, 2191212.828400000929832 ], [ 4970955.982800000347197, 2191190.801999999210238 ], [ 4970993.546500000171363, 2191189.302300000563264 ], [ 4971024.558299999684095, 2191215.440300000831485 ], [ 4971043.747399999760091, 2191250.442900000140071 ], [ 4971059.303399999625981, 2191287.400499999523163 ], [ 4971074.282599999569356, 2191325.737999999895692 ], [ 4971088.99309999961406, 2191364.685399999842048 ], [ 4971117.464800000190735, 2191384.27419999986887 ], [ 4971159.622999999672174, 2191376.81110000051558 ], [ 4971198.518199999816716, 2191360.911699999123812 ], [ 4971225.742999999783933, 2191333.944199999794364 ], [ 4971241.10120000038296, 2191297.997199999168515 ], [ 4971251.4369, 2191258.213199999183416 ], [ 4971258.894000000320375, 2191217.915100000798702 ], [ 4971263.135200000368059, 2191178.302400000393391 ], [ 4971263.778599999845028, 2191138.0471 ], [ 4971264.761900000274181, 2191097.931099999696016 ], [ 4971270.262699999846518, 2191058.61570000089705 ], [ 4971286.067900000140071, 2191021.249199999496341 ], [ 4971311.307799999602139, 2190990.778699999675155 ], [ 4971341.710199999623001, 2190964.055099999532104 ], [ 4971374.887799999676645, 2190941.3925 ], [ 4971410.7637, 2190919.184599999338388 ], [ 4971447.951500000432134, 2190903.798100000247359 ], [ 4971484.679399999789894, 2190904.188300000503659 ], [ 4971521.576100000180304, 2190919.894500000402331 ], [ 4971558.1332, 2190940.9167 ], [ 4971594.685600000433624, 2190959.440999999642372 ], [ 4971623.219700000248849, 2190985.693600000813603 ], [ 4971638.68680000025779, 2191023.160900000482798 ], [ 4971645.465900000184774, 2191062.962500000372529 ], [ 4971645.654900000430644, 2191104.844799999147654 ], [ 4971648.4183, 2191144.953700000420213 ], [ 4971663.389999999664724, 2191179.37470000050962 ], [ 4971692.5121, 2191210.132099999114871 ], [ 4971728.0027, 2191232.545 ], [ 4971763.852, 2191238.5219 ], [ 4971803.378499999642372, 2191223.620400000363588 ], [ 4971837.3443, 2191200.377000000327826 ], [ 4971860.693799999542534, 2191163.585699999704957 ], [ 4971894.7911, 2191151.871799999848008 ], [ 4971941.8202, 2191157.707599999383092 ], [ 4971974.5756, 2191176.129200000315905 ], [ 4971977.112300000153482, 2191207.2665 ], [ 4971964.2396, 2191247.394999999552965 ], [ 4971948.004700000397861, 2191290.027599999681115 ], [ 4971937.7494, 2191329.95130000077188 ], [ 4971926.944899999536574, 2191370.005899999290705 ], [ 4971915.7812, 2191410.370899999514222 ], [ 4971906.285299999639392, 2191450.363099999725819 ], [ 4971900.5241, 2191489.269200000911951 ], [ 4971900.544300000183284, 2191526.395999999716878 ], [ 4971918.557400000281632, 2191557.7039 ], [ 4971953.106599999591708, 2191584.164899999275804 ], [ 4971980.099999999627471, 2191614.616599999368191 ], [ 4971993.208999999798834, 2191651.978399999439716 ], [ 4972002.505699999630451, 2191691.605399999767542 ], [ 4972015.146499999798834, 2191729.717299999669194 ], [ 4972029.5548, 2191767.316400000825524 ], [ 4972040.207600000314415, 2191805.5320999994874 ], [ 4972042.79009999986738, 2191845.081800000742078 ], [ 4972040.5828, 2191903.563699999824166 ], [ 4972050.582499999552965, 2191945.137499999254942 ], [ 4972069.0494, 2191978.622600000351667 ], [ 4972102.4858, 2191997.81220000050962 ], [ 4972137.2188, 2192015.76039999909699 ], [ 4972172.988800000399351, 2192032.697499999776483 ], [ 4972209.5866, 2192048.843699999153614 ], [ 4972246.782800000160933, 2192064.419399999082088 ], [ 4972284.358, 2192079.6546 ], [ 4972322.0729, 2192094.7697 ], [ 4972359.717899999581277, 2192109.9748 ], [ 4972397.063900000415742, 2192125.490199999883771 ], [ 4972433.881299999542534, 2192141.5461 ], [ 4972470.160799999721348, 2192158.482200000435114 ], [ 4972506.1722, 2192176.26799999922514 ], [ 4972542.064600000157952, 2192194.443800000473857 ], [ 4972577.976599999703467, 2192212.5296 ], [ 4972614.037499999627471, 2192230.065600000321865 ], [ 4972650.386300000362098, 2192246.582000000402331 ], [ 4972687.151600000448525, 2192261.598799999803305 ], [ 4972724.482800000347197, 2192274.606499999761581 ], [ 4972763.27240000013262, 2192282.19620000012219 ], [ 4972803.371799999848008, 2192285.0077 ], [ 4972843.86849999986589, 2192286.589600000530481 ], [ 4972883.840099999681115, 2192290.500399999320507 ], [ 4972922.5724, 2192299.539000000804663 ], [ 4972960.621399999596179, 2192311.73589999973774 ], [ 4972998.303899999707937, 2192325.622099999338388 ], [ 4973035.8575, 2192340.058000000193715 ], [ 4973073.5099, 2192353.90430000051856 ], [ 4973111.518799999728799, 2192366.02140000090003 ], [ 4973150.0916, 2192375.230100000277162 ], [ 4973189.4561, 2192380.410800000652671 ], [ 4973229.404299999587238, 2192382.593100000172853 ], [ 4973269.6097999997437, 2192383.426300000399351 ], [ 4973309.795800000429153, 2192384.529100000858307 ], [ 4973349.7347999997437, 2192387.11119999922812 ], [ 4973389.793100000359118, 2192389.373199999332428 ], [ 4973429.92090000025928, 2192391.415500000119209 ], [ 4973469.969600000418723, 2192393.8574 ], [ 4973509.790300000458956, 2192397.3487 ], [ 4973549.224600000306964, 2192402.499500000849366 ], [ 4973587.995000000111759, 2192410.528699999675155 ], [ 4973625.29839999973774, 2192424.755300000309944 ], [ 4973661.987499999813735, 2192441.700500000268221 ], [ 4973699.232200000435114, 2192456.5767 ], [ 4973738.144000000320375, 2192465.394999999552965 ], [ 4973778.815600000321865, 2192469.764000000432134 ], [ 4973820.193, 2192472.1535 ], [ 4973861.151200000196695, 2192474.863399999216199 ], [ 4973900.585699999704957, 2192480.164000000804663 ], [ 4973937.391900000162423, 2192490.345000000670552 ], [ 4973969.110100000165403, 2192509.72749999910593 ], [ 4973994.016699999570847, 2192540.912200000137091 ], [ 4974016.5044, 2192576.707399999722838 ], [ 4974041.194299999624491, 2192609.551000000908971 ], [ 4974067.818799999542534, 2192640.372899999842048 ], [ 4974094.514499999582767, 2192671.913799999281764 ], [ 4974122.325799999758601, 2192701.604399999603629 ], [ 4974152.266699999570847, 2192726.874800000339746 ], [ 4974185.630599999800324, 2192744.805500000715256 ], [ 4974224.110600000247359, 2192752.555600000545382 ], [ 4974265.466300000436604, 2192754.125800000503659 ], [ 4974306.8098, 2192754.506999999284744 ], [ 4974346.963899999856949, 2192754.6908 ], [ 4974387.432, 2192751.8366 ], [ 4974427.563, 2192750.341900000348687 ], [ 4974466.646200000308454, 2192754.783800000324845 ], [ 4974504.5724, 2192765.562300000339746 ], [ 4974541.865199999883771, 2192779.498999999836087 ], [ 4974578.8317, 2192795.254699999466538 ], [ 4974615.759200000204146, 2192811.519999999552965 ], [ 4974652.945000000298023, 2192826.955600000917912 ], [ 4974690.686200000345707, 2192840.281999999657273 ], [ 4974728.715300000272691, 2192852.598899999633431 ], [ 4974766.794200000353158, 2192864.925499999895692 ], [ 4974804.923100000247359, 2192877.202099999412894 ], [ 4974843.091799999587238, 2192889.398800000548363 ], [ 4974881.32010000012815, 2192901.455399999395013 ], [ 4974919.588100000284612, 2192913.3322 ], [ 4974957.905500000342727, 2192924.978900000452995 ], [ 4974996.262500000186265, 2192936.356000000610948 ], [ 4975034.6787, 2192947.413100000470877 ], [ 4975073.1442, 2192958.090500000864267 ], [ 4975111.658900000154972, 2192968.368300000205636 ], [ 4975150.222699999809265, 2192978.176200000569224 ], [ 4975188.974999999627471, 2192987.334499999880791 ], [ 4975229.658300000242889, 2192992.612600000575185 ], [ 4975270.429100000299513, 2192991.396299999207258 ], [ 4975308.337000000290573, 2192982.012900000438094 ], [ 4975344.183299999684095, 2192965.549900000914931 ], [ 4975378.751799999736249, 2192944.283600000664592 ], [ 4975411.575899999588728, 2192919.903400000184774 ], [ 4975442.249099999666214, 2192894.058599999174476 ], [ 4975471.761599999852479, 2192867.246899999678135 ], [ 4975500.582700000144541, 2192839.397399999201298 ], [ 4975528.592799999751151, 2192810.590500000864267 ], [ 4975555.722, 2192780.955800000578165 ], [ 4975581.8608, 2192750.583799999207258 ], [ 4975606.9194, 2192719.604399999603629 ], [ 4975631.176799999549985, 2192687.597400000318885 ], [ 4975654.1425, 2192654.074200000613928 ], [ 4975674.407800000160933, 2192619.087400000542402 ], [ 4975690.574199999682605, 2192582.679700000211596 ], [ 4975701.99239999987185, 2192544.972200000658631 ], [ 4975711.221, 2192506.419600000604987 ], [ 4975718.879800000227988, 2192467.220599999651313 ], [ 4975725.178999999538064, 2192427.564600000157952 ], [ 4975730.378499999642372, 2192387.590900000184774 ], [ 4975734.698599999770522, 2192347.489099999889731 ], [ 4975738.3794, 2192307.418400000780821 ], [ 4975741.660899999551475, 2192267.53830000013113 ], [ 4975743.014000000432134, 2192227.561899999156594 ], [ 4975741.658800000324845, 2192187.231000000610948 ], [ 4975738.994599999859929, 2192146.762700000777841 ], [ 4975736.410500000230968, 2192106.394099999219179 ], [ 4975735.315700000151992, 2192066.362400000914931 ], [ 4975737.089300000108778, 2192026.8849 ], [ 4975743.060600000433624, 2191988.118699999526143 ], [ 4975752.5773, 2191948.726299999281764 ], [ 4975765.020999999716878, 2191909.06870000064373 ], [ 4975780.353799999691546, 2191870.354699999094009 ], [ 4975798.498200000263751, 2191833.813500000163913 ], [ 4975819.406499999575317, 2191800.643899999558926 ], [ 4975844.38219999987632, 2191773.371400000527501 ], [ 4975882.654199999757111, 2191761.030099999159575 ], [ 4975925.951399999670684, 2191753.874600000679493 ], [ 4975961.888899999670684, 2191738.011 ], [ 4975988.770200000144541, 2191709.326199999079108 ], [ 4976015.034300000406802, 2191676.486099999397993 ], [ 4976038.925200000405312, 2191640.863199999555945 ], [ 4976058.587299999780953, 2191603.7697 ], [ 4976072.19440000038594, 2191566.517699999734759 ], [ 4976077.840800000354648, 2191530.31980000063777 ], [ 4976073.244099999777973, 2191492.822599999606609 ], [ 4976059.742999999783933, 2191454.073200000450015 ], [ 4976039.829, 2191415.985400000587106 ], [ 4976016.013399999588728, 2191380.4726 ], [ 4975990.677400000393391, 2191349.3388 ], [ 4975963.488800000399351, 2191321.145700000226498 ], [ 4975934.185100000351667, 2191294.585200000554323 ], [ 4975903.285199999809265, 2191269.226600000634789 ], [ 4975871.3377, 2191244.659299999475479 ], [ 4975838.841400000266731, 2191220.482699999585748 ], [ 4975806.34499999973923, 2191196.266100000590086 ], [ 4975774.357300000265241, 2191171.608899999409914 ], [ 4975743.417100000195205, 2191146.08049999922514 ], [ 4975713.085199999623001, 2191119.981499999761581 ], [ 4975682.9824, 2191093.522299999371171 ], [ 4975653.707399999722838, 2191066.272399999201298 ], [ 4975625.818699999712408, 2191037.740800000727177 ], [ 4975603.666425074450672, 2191012.59571050805971 ], [ 4975572.932199999690056, 2190987.953400000929832 ] ] ] ] } },
{ "type": "Feature", "properties": { "OBJECTID": 967, "UCS_CP": "IVes1", "CLASE": "IV", "SUBCLASE": "es", "GRUPO_MANEJO": "1", "UCS": "MMCd1, AMVd1, MMXe1, MMXd1, MMXdp, MMXdp2, MPXd2", "PRINCIPALES_CARACTERÍSTICAS": "Clima frío seco en los paisajes de Montañas y Altiplanicie, con pendientes menores de 25%, afectados por erosión hídrica ligera a moderada", "PRINCIPALES_LIMITANTES": "Heladas, susceptibilidad a la erosión, deﬁciente espesor del suelo, deﬁciencia de agua, niveles tóxicos de aluminio, pendiente, agresividad de las lluvias", "USO_ACTUAL": "Cultivos de papa, arveja, hortalizas, maíz, cebada, trigo; ganadería extensiva", "USOS_RECOMENDADOS": "Cultivos de papa, maíz, hortalizas, arveja, cebada, trigo; ganadería extensiva", "PRACTICAS_MANEJO": "Arar en dirección transversal a la pendiente, encalar y fertilizar, utilizar las escorias Thomas o roca fosfórica para suministrar fósforo, utilizar riego, sembrar en curvas de nivel o fajas en contorno. Evitar sobrepastoreo. Adicionar residuo de las cosechas", "ÁREA_HA_1": 2855.5999755639664, "Shape_Length": 61193.710192862032, "Shape_Area": 28555999.755639665 }, "geometry": { "type": "MultiPolygon", "coordinates": [ [ [ [ 4980716.88289999961853, 2194683.338199999183416 ], [ 4980708.672799999825656, 2194600.797399999573827 ], [ 4980703.490600000135601, 2194522.277799999341369 ], [ 4980707.398, 2194458.843000000342727 ], [ 4980719.389999999664724, 2194411.501800000667572 ], [ 4980744.502600000239909, 2194381.250600000843406 ], [ 4980807.846199999563396, 2194336.832599999383092 ], [ 4980816.838740784674883, 2194330.551736711524427 ], [ 4980832.6365, 2194309.465800000354648 ], [ 4980867.884984705597162, 2194287.115171640645713 ], [ 4980885.23340000025928, 2194265.204900000244379 ], [ 4980928.407200000248849, 2194202.7027000002563 ], [ 4980986.731999999843538, 2194166.348400000482798 ], [ 4981024.89670000039041, 2194116.9441 ], [ 4981044.9468, 2194071.6009 ], [ 4981072.010200000368059, 2194008.1228 ], [ 4981102.114900000393391, 2193955.71309999935329 ], [ 4981131.205199999734759, 2193899.278599999845028 ], [ 4981140.197800000198185, 2193863.017100000753999 ], [ 4981159.182300000451505, 2193786.465800000354648 ], [ 4981194.321000000461936, 2193734.046800000593066 ], [ 4981198.754517923109233, 2193726.394774673040956 ], [ 4981188.953200000338256, 2193696.044099999591708 ], [ 4981174.476300000213087, 2193659.055700000375509 ], [ 4981156.606700000353158, 2193624.251599999144673 ], [ 4981133.5779, 2193592.61460000090301 ], [ 4981105.549599999561906, 2193564.114 ], [ 4981074.418499999679625, 2193537.857200000435114 ], [ 4981042.060999999754131, 2193512.9517 ], [ 4981010.164300000295043, 2193488.634600000455976 ], [ 4980977.441100000403821, 2193465.8277000002563 ], [ 4980943.721300000324845, 2193444.3015 ], [ 4980909.622700000181794, 2193423.235500000417233 ], [ 4980875.763299999758601, 2193401.849500000476837 ], [ 4980842.741100000217557, 2193379.352900000289083 ], [ 4980811.0143, 2193355.165300000458956 ], [ 4980780.154699999839067, 2193329.837200000882149 ], [ 4980749.853199999779463, 2193303.778699999675155 ], [ 4980719.820600000210106, 2193277.339999999850988 ], [ 4980689.798100000247359, 2193250.89130000025034 ], [ 4980659.506400000303984, 2193224.77280000038445 ], [ 4980628.6765, 2193199.354599999263883 ], [ 4980596.610500000417233, 2193175.377499999478459 ], [ 4980563.697100000455976, 2193152.361099999397993 ], [ 4980530.92339999973774, 2193129.244599999859929 ], [ 4980499.296400000341237, 2193104.946900000795722 ], [ 4980469.81319999974221, 2193078.3673 ], [ 4980443.191599999554455, 2193048.834899999201298 ], [ 4980418.4347, 2193017.35080000013113 ], [ 4980394.176300000399351, 2192985.306199999526143 ], [ 4980369.060100000351667, 2192954.082599999383092 ], [ 4980342.237999999895692, 2192924.120899999514222 ], [ 4980314.994300000369549, 2192893.131100000813603 ], [ 4980286.893199999816716, 2192863.142000000923872 ], [ 4980257.25040000025183, 2192836.7324 ], [ 4980225.201899999752641, 2192816.741599999368191 ], [ 4980186.361100000329316, 2192813.348300000652671 ], [ 4980144.3301, 2192818.802999999374151 ], [ 4980103.369699999690056, 2192819.799599999561906 ], [ 4980061.246399999596179, 2192818.750499999150634 ], [ 4980021.300200000405312, 2192822.552799999713898 ], [ 4979986.920400000177324, 2192837.653999999165535 ], [ 4979955.283200000412762, 2192860.672900000587106 ], [ 4979925.082600000314415, 2192888.005000000819564 ], [ 4979897.036299999803305, 2192918.550200000405312 ], [ 4979871.831399999558926, 2192951.218000000342727 ], [ 4979850.19510000012815, 2192984.908099999651313 ], [ 4979832.497499999590218, 2193019.809599999338388 ], [ 4979818.1913, 2193057.012599999085069 ], [ 4979806.695299999788404, 2193095.818900000303984 ], [ 4979797.459099999628961, 2193135.519999999552965 ], [ 4979789.891800000332296, 2193175.397700000554323 ], [ 4979783.5822, 2193214.80350000038743 ], [ 4979780.240500000305474, 2193254.413499999791384 ], [ 4979779.486999999731779, 2193294.428300000727177 ], [ 4979779.903, 2193334.640599999576807 ], [ 4979780.07909999974072, 2193374.8333 ], [ 4979778.6162, 2193414.7994 ], [ 4979774.535699999891222, 2193454.6706000007689 ], [ 4979768.18790000025183, 2193494.975700000301003 ], [ 4979757.901100000366569, 2193533.829500000923872 ], [ 4979741.654, 2193569.587600000202656 ], [ 4979717.011900000274181, 2193604.052799999713898 ], [ 4979685.879099999554455, 2193629.698400000110269 ], [ 4979650.0592, 2193638.787900000810623 ], [ 4979609.8218, 2193636.486500000581145 ], [ 4979568.14989999961108, 2193631.170399999246001 ], [ 4979527.764700000174344, 2193629.978199999779463 ], [ 4979487.7517, 2193630.13399999961257 ], [ 4979447.739799999631941, 2193630.919299999251962 ], [ 4979407.850200000219047, 2193632.96309999935329 ], [ 4979368.115399999544024, 2193637.584300000220537 ], [ 4979328.39919999986887, 2193646.721300000324845 ], [ 4979288.833200000226498, 2193656.147700000554323 ], [ 4979249.588399999774992, 2193660.9679000005126 ], [ 4979210.7472, 2193657.414799999445677 ], [ 4979172.028300000354648, 2193649.825300000607967 ], [ 4979133.394600000232458, 2193639.807700000703335 ], [ 4979094.89740000013262, 2193627.971699999645352 ], [ 4979056.5777000002563, 2193614.926300000399351 ], [ 4979018.4967, 2193601.271099999547005 ], [ 4978980.6853, 2193587.605399999767542 ], [ 4978943.1935, 2193573.849099999293685 ], [ 4978906.0789, 2193558.803400000557303 ], [ 4978869.471400000154972, 2193542.457800000905991 ], [ 4978833.510900000110269, 2193524.882099999114871 ], [ 4978798.28760000038892, 2193506.156099999323487 ], [ 4978762.942699999548495, 2193486.531099999323487 ], [ 4978728.473600000143051, 2193465.136099999770522 ], [ 4978696.955900000408292, 2193440.638299999758601 ], [ 4978669.986200000159442, 2193411.975600000470877 ], [ 4978645.449400000274181, 2193380.7708 ], [ 4978622.4781, 2193347.904400000348687 ], [ 4978600.783300000242889, 2193313.896600000560284 ], [ 4978580.086500000208616, 2193279.22749999910593 ], [ 4978560.0987, 2193244.427300000563264 ], [ 4978544.0948, 2193208.250700000673532 ], [ 4978535.907100000418723, 2193168.672399999573827 ], [ 4978513.87459999974817, 2193135.624399999156594 ], [ 4978489.36629999987781, 2193103.600099999457598 ], [ 4978463.650000000372529, 2193072.097699999809265 ], [ 4978437.724299999885261, 2193040.7654 ], [ 4978412.557500000111759, 2193009.242000000551343 ], [ 4978389.148, 2192977.185599999502301 ], [ 4978368.464499999769032, 2192944.224999999627471 ], [ 4978356.511099999770522, 2192905.063400000333786 ], [ 4978364.08559999987483, 2192863.596899999305606 ], [ 4978390.473199999891222, 2192838.080199999734759 ], [ 4978429.5153, 2192821.101700000464916 ], [ 4978469.793999999761581, 2192813.452299999073148 ], [ 4978509.263500000350177, 2192811.139599999412894 ], [ 4978549.427699999883771, 2192811.622999999672174 ], [ 4978589.816100000403821, 2192814.393999999389052 ], [ 4978629.957999999634922, 2192818.92369999922812 ], [ 4978669.482699999585748, 2192824.693499999120831 ], [ 4978709.039099999703467, 2192831.27250000089407 ], [ 4978748.587500000372529, 2192838.940500000491738 ], [ 4978787.779, 2192848.097799999639392 ], [ 4978826.294800000265241, 2192859.174699999392033 ], [ 4978863.79590000025928, 2192872.561300000175834 ], [ 4978900.133600000292063, 2192888.917500000447035 ], [ 4978935.7083, 2192908.551999999210238 ], [ 4978970.737599999643862, 2192930.385700000450015 ], [ 4979005.379300000146031, 2192953.259099999442697 ], [ 4979039.8109, 2192976.022900000214577 ], [ 4979074.21030000038445, 2192997.528000000864267 ], [ 4979108.754800000227988, 2193016.625099999830127 ], [ 4979143.6223, 2193032.16469999961555 ], [ 4979179.20920000039041, 2193042.377800000831485 ], [ 4979218.361999999731779, 2193036.409099999815226 ], [ 4979257.398699999786913, 2193016.643200000748038 ], [ 4979290.42989999987185, 2192990.983999999240041 ], [ 4979316.531000000424683, 2192961.981100000441074 ], [ 4979338.8153, 2192927.580299999564886 ], [ 4979356.3081, 2192890.041600000113249 ], [ 4979368.014499999582767, 2192851.624500000849366 ], [ 4979375.464499999769032, 2192812.9858 ], [ 4979380.6551, 2192773.662100000306964 ], [ 4979384.22649999987334, 2192733.851800000295043 ], [ 4979386.808000000193715, 2192693.713600000366569 ], [ 4979389.0296, 2192653.426300000399351 ], [ 4979391.531000000424683, 2192613.168500000610948 ], [ 4979394.932, 2192573.108799999579787 ], [ 4979399.882299999706447, 2192533.415699999779463 ], [ 4979406.691399999894202, 2192494.068900000303984 ], [ 4979415.0795, 2192454.9189 ], [ 4979424.887000000104308, 2192416.0559 ], [ 4979435.943900000303984, 2192377.5702 ], [ 4979448.090800000354648, 2192339.55210000090301 ], [ 4979461.106499999761581, 2192301.372400000691414 ], [ 4979475.451399999670684, 2192263.410000000149012 ], [ 4979491.866899999789894, 2192226.732599999755621 ], [ 4979511.104299999773502, 2192192.397600000724196 ], [ 4979538.1365, 2192164.412100000306964 ], [ 4979572.692900000140071, 2192142.28690000064671 ], [ 4979604.867700000293553, 2192118.187999999150634 ], [ 4979636.1113, 2192092.941999999806285 ], [ 4979668.567499999888241, 2192069.721899999305606 ], [ 4979703.329, 2192050.31389999948442 ], [ 4979738.6913, 2192031.713999999687076 ], [ 4979774.404299999587238, 2192013.622899999842048 ], [ 4979810.4781, 2191996.15059999935329 ], [ 4979846.8931, 2191979.42710000090301 ], [ 4979883.629300000146031, 2191963.562100000679493 ], [ 4979920.697100000455976, 2191948.6656 ], [ 4979958.076299999840558, 2191934.727600000798702 ], [ 4979995.716400000266731, 2191921.288699999451637 ], [ 4980033.607099999673665, 2191908.3289 ], [ 4980071.718500000424683, 2191895.90819999948144 ], [ 4980110.010900000110269, 2191884.056600000709295 ], [ 4980148.474299999885261, 2191872.824100000783801 ], [ 4980187.068799999542534, 2191862.24070000089705 ], [ 4980225.764499999582767, 2191852.3465 ], [ 4980264.541600000113249, 2191843.191600000485778 ], [ 4980303.6902, 2191835.064999999478459 ], [ 4980343.581500000320375, 2191828.6853 ], [ 4980383.8065, 2191824.453099999576807 ], [ 4980423.926400000229478, 2191822.738600000739098 ], [ 4980463.532200000248849, 2191823.942600000649691 ], [ 4980502.120000000111759, 2191830.9831000007689 ], [ 4980539.832100000232458, 2191845.098799999803305 ], [ 4980577.50650000013411, 2191860.4233 ], [ 4980615.961199999786913, 2191871.040699999779463 ], [ 4980655.4243, 2191876.021500000730157 ], [ 4980695.441700000315905, 2191878.213700000196695 ], [ 4980735.635599999688566, 2191878.7072 ], [ 4980775.6585, 2191878.57149999961257 ], [ 4980815.538200000301003, 2191876.6678 ], [ 4980855.4051, 2191873.275399999693036 ], [ 4980895.2621, 2191869.96309999935329 ], [ 4980899.697300000116229, 2191806.23340000025928 ], [ 4980899.491899999789894, 2191766.270500000566244 ], [ 4980899.066599999554455, 2191726.298100000247359 ], [ 4980899.051099999807775, 2191686.324999999254942 ], [ 4980899.954599999822676, 2191646.380100000649691 ], [ 4980901.527599999681115, 2191606.443800000473857 ], [ 4980903.1206, 2191566.50760000012815 ], [ 4980911.902900000102818, 2191492.768899999558926 ], [ 4980916.032200000248849, 2191452.098500000312924 ], [ 4980922.291400000452995, 2191412.413200000301003 ], [ 4980932.7204, 2191374.648299999535084 ], [ 4980949.018899999558926, 2191339.519799999892712 ], [ 4980969.796500000171363, 2191306.0713 ], [ 4980993.84360000025481, 2191273.965399999171495 ], [ 4981020.3109, 2191243.093699999153614 ], [ 4981048.308799999766052, 2191213.348300000652671 ], [ 4981076.968100000172853, 2191184.620500000193715 ], [ 4981105.659300000406802, 2191156.971699999645352 ], [ 4981136.693900000303984, 2191132.175899999216199 ], [ 4981169.840800000354648, 2191109.643999999389052 ], [ 4981203.798499999567866, 2191087.989800000563264 ], [ 4981237.255699999630451, 2191065.796900000423193 ], [ 4981270.522699999623001, 2191043.3947 ], [ 4981304.530500000342727, 2191021.7804000005126 ], [ 4981338.358099999837577, 2190999.966499999165535 ], [ 4981371.014399999752641, 2190976.956000000238419 ], [ 4981401.558600000105798, 2190951.751499999314547 ], [ 4981429.769799999892712, 2190923.803899999707937 ], [ 4981456.538200000301003, 2190893.731100000441074 ], [ 4981481.415, 2190861.833499999716878 ], [ 4981503.911000000312924, 2190828.371899999678135 ], [ 4981523.50719999987632, 2190793.606899999082088 ], [ 4981540.513899999670684, 2190757.8278 ], [ 4981556.060399999842048, 2190721.252100000157952 ], [ 4981563.54191295709461, 2190701.913507607765496 ], [ 4981465.558400000445545, 2190698.098099999129772 ], [ 4981383.893799999728799, 2190669.68720000050962 ], [ 4981281.8377, 2190647.435599999502301 ], [ 4981171.61670000012964, 2190623.159199999645352 ], [ 4980961.387500000186265, 2190580.707399999722838 ], [ 4980859.323599999770522, 2190554.375 ], [ 4980704.189500000327826, 2190515.900800000876188 ], [ 4980565.400600000284612, 2190489.637399999424815 ], [ 4980514.333499999716878, 2190485.996899999678135 ], [ 4980489.728500000201166, 2190486.522700000554323 ], [ 4980424.918499999679625, 2190491.001900000497699 ], [ 4980325.0, 2190508.346999999135733 ], [ 4980281.854600000195205, 2190518.733300000429153 ], [ 4980181.534400000236928, 2190540.753100000321865 ], [ 4980139.8881, 2190552.814500000327826 ], [ 4980093.621100000105798, 2190569.78690000064671 ], [ 4980053.615399999544024, 2190585.38539999909699 ], [ 4980039.716300000436604, 2190591.02309999987483 ], [ 4980014.783900000154972, 2190629.4101 ], [ 4980000.45990000013262, 2190606.993699999526143 ], [ 4980002.419700000435114, 2190564.144099999219179 ], [ 4980014.58490000013262, 2190523.315199999138713 ], [ 4980049.143500000238419, 2190455.9206000007689 ], [ 4980079.67119999974966, 2190415.057499999180436 ], [ 4980130.61710000038147, 2190382.317199999466538 ], [ 4980216.244099999777973, 2190347.471599999815226 ], [ 4980269.211199999786913, 2190304.526200000196695 ], [ 4980297.660400000400841, 2190243.2643 ], [ 4980322.0022, 2190167.727800000458956 ], [ 4980006.815600000321865, 2189643.96309999935329 ], [ 4979935.264253268018365, 2189689.796785399317741 ], [ 4979946.603699999861419, 2189721.241399999707937 ], [ 4979955.028099999763072, 2189759.460400000214577 ], [ 4979957.312300000339746, 2189799.879000000655651 ], [ 4979953.628100000321865, 2189843.585699999704957 ], [ 4979943.645600000396371, 2189885.056600000709295 ], [ 4979927.0143, 2189918.717000000178814 ], [ 4979899.3076, 2189938.770899999886751 ], [ 4979857.358, 2189945.084300000220537 ], [ 4979812.755400000140071, 2189943.190199999138713 ], [ 4979773.864299999549985, 2189934.311699999496341 ], [ 4979736.112099999561906, 2189914.830900000408292 ], [ 4979699.384600000455976, 2189898.275299999862909 ], [ 4979665.334015944972634, 2189900.245579656213522 ], [ 4979631.941700000315905, 2189932.347100000828505 ], [ 4979623.584193560294807, 2189939.673137701582164 ], [ 4979618.609899999573827, 2189962.478900000452995 ], [ 4979631.809000000357628, 2190005.494599999859929 ], [ 4979654.905600000172853, 2190036.142799999564886 ], [ 4979695.232900000177324, 2190027.804400000721216 ], [ 4979733.3054, 2190031.748800000175834 ], [ 4979768.17, 2190056.39049999974668 ], [ 4979802.244800000451505, 2190086.148900000378489 ], [ 4979829.220200000330806, 2190118.018699999898672 ], [ 4979842.726300000213087, 2190148.9847999997437 ], [ 4979829.51410000026226, 2190178.502699999138713 ], [ 4979796.351700000464916, 2190208.7675 ], [ 4979765.271499999798834, 2190241.1864 ], [ 4979746.524799999780953, 2190276.2195999994874 ], [ 4979730.1585, 2190312.597200000658631 ], [ 4979714.9825, 2190349.711799999698997 ], [ 4979699.976700000464916, 2190386.966 ], [ 4979684.100700000301003, 2190423.762199999764562 ], [ 4979666.3947, 2190459.602700000628829 ], [ 4979647.078599999658763, 2190494.697100000455976 ], [ 4979627.372600000351667, 2190529.612199999392033 ], [ 4979608.5165, 2190564.855599999427795 ], [ 4979591.7801, 2190600.994000000879169 ], [ 4979577.643400000408292, 2190638.216600000858307 ], [ 4979565.19649999961257, 2190676.155300000682473 ], [ 4979553.849399999715388, 2190714.541600000113249 ], [ 4979543.012199999764562, 2190753.116699999198318 ], [ 4979532.0751, 2190791.652100000530481 ], [ 4979520.148400000296533, 2190829.949400000274181 ], [ 4979506.27350000012666, 2190868.240599999204278 ], [ 4979491.759200000204146, 2190906.552899999544024 ], [ 4979478.064299999736249, 2190944.893699999898672 ], [ 4979466.647300000302494, 2190983.28999999910593 ], [ 4979458.986999999731779, 2191021.749199999496341 ], [ 4979456.622000000439584, 2191060.2884 ], [ 4979461.740299999713898, 2191098.91330000013113 ], [ 4979472.6436, 2191137.617200000211596 ], [ 4979486.444199999794364, 2191176.375600000843406 ], [ 4979500.2549, 2191215.184000000357628 ], [ 4979511.178299999795854, 2191254.017699999734759 ], [ 4979516.377100000157952, 2191292.9221 ], [ 4979515.626299999654293, 2191334.425499999895692 ], [ 4979508.932, 2191376.479599999263883 ], [ 4979495.246500000357628, 2191414.510700000450015 ], [ 4979473.362700000405312, 2191444.2248 ], [ 4979442.0532, 2191466.26380000077188 ], [ 4979404.550099999643862, 2191483.518999999389052 ], [ 4979364.945000000298023, 2191498.590099999681115 ], [ 4979326.9282, 2191513.6382 ], [ 4979285.533599999733269, 2191522.878100000321865 ], [ 4979246.389399999752641, 2191533.382500000298023 ], [ 4979220.869300000369549, 2191558.028200000524521 ], [ 4979211.244300000369549, 2191598.289599999785423 ], [ 4979201.411299999803305, 2191639.450500000268221 ], [ 4979177.279299999587238, 2191669.019099999219179 ], [ 4979146.854799999855459, 2191694.213600000366569 ], [ 4979113.268799999728799, 2191717.04619999974966 ], [ 4979077.860600000247359, 2191737.83420000039041 ], [ 4979041.979399999603629, 2191756.854699999094009 ], [ 4979005.855200000107288, 2191774.18720000050962 ], [ 4978966.9863, 2191787.598600000143051 ], [ 4978927.3142, 2191793.757999999448657 ], [ 4978888.3646, 2191790.964199999347329 ], [ 4978848.8558, 2191783.076199999079108 ], [ 4978809.639600000344217, 2191771.461100000888109 ], [ 4978771.767199999652803, 2191757.1458 ], [ 4978735.786799999885261, 2191739.560000000521541 ], [ 4978707.0044, 2191708.562899999320507 ], [ 4978702.177799999713898, 2191670.996300000697374 ], [ 4978708.282599999569356, 2191628.9232 ], [ 4978725.206600000150502, 2191591.6853 ], [ 4978751.229100000113249, 2191563.262000000104308 ], [ 4978780.892900000326335, 2191537.329600000753999 ], [ 4978812.9074, 2191512.911399999633431 ], [ 4978846.082100000232458, 2191489.1403 ], [ 4978879.186499999836087, 2191465.159700000658631 ], [ 4978911.019899999722838, 2191440.102399999275804 ], [ 4978940.372000000439584, 2191413.111500000581145 ], [ 4978966.991399999707937, 2191383.378399999812245 ], [ 4978991.967199999839067, 2191350.9309 ], [ 4979014.10149999987334, 2191316.350700000301003 ], [ 4979032.056800000369549, 2191280.239700000733137 ], [ 4979044.505300000309944, 2191243.210100000724196 ], [ 4979050.4375, 2191204.913899999111891 ], [ 4979051.21169999986887, 2191165.188799999654293 ], [ 4979048.93709999974817, 2191124.610300000756979 ], [ 4979045.7028, 2191083.773800000548363 ], [ 4979043.61809999961406, 2191043.254799999296665 ], [ 4979043.402700000442564, 2191003.261800000444055 ], [ 4979043.127500000409782, 2190963.298900000751019 ], [ 4979042.762199999764562, 2190923.326199999079108 ], [ 4979042.3969, 2190883.353399999439716 ], [ 4979042.0817, 2190843.380599999800324 ], [ 4979041.9063, 2190803.417500000447035 ], [ 4979041.9408, 2190763.45409999974072 ], [ 4979042.245000000111759, 2190723.510099999606609 ], [ 4979042.889000000432134, 2190683.565300000831485 ], [ 4979042.6628, 2190643.152799999341369 ], [ 4979041.746500000357628, 2190602.301899999380112 ], [ 4979041.989500000141561, 2190561.668700000271201 ], [ 4979045.2714, 2190521.918800000101328 ], [ 4979053.4518, 2190483.698300000280142 ], [ 4979067.950000000186265, 2190447.45409999974072 ], [ 4979087.616499999538064, 2190412.7588 ], [ 4979103.026324256323278, 2190389.851626395713538 ], [ 4979051.8942, 2190415.908800000324845 ], [ 4979013.1864, 2190429.753499999642372 ], [ 4978983.9452, 2190442.719799999147654 ], [ 4978944.395899999886751, 2190466.894799999892712 ], [ 4978830.862599999643862, 2190512.727800000458956 ], [ 4978749.144799999892712, 2190541.285800000652671 ], [ 4978694.959599999710917, 2190563.7668999992311 ], [ 4978738.975700000301003, 2190626.519400000572205 ], [ 4978772.64989999961108, 2190682.404999999329448 ], [ 4978786.478400000371039, 2190712.505300000309944 ], [ 4978814.114400000311434, 2190761.51630000025034 ], [ 4978839.210199999623001, 2190832.91190000064671 ], [ 4978851.369, 2190890.559499999508262 ], [ 4978848.903, 2190952.538100000470877 ], [ 4978848.1102, 2190988.690999999642372 ], [ 4978830.942099999636412, 2191013.685200000181794 ], [ 4978785.3498, 2191028.403400000184774 ], [ 4978779.3278, 2191030.136399999260902 ], [ 4978713.105100000277162, 2191059.526100000366569 ], [ 4978693.333700000308454, 2191073.33530000038445 ], [ 4978667.5548, 2191096.624099999666214 ], [ 4978630.612099999561906, 2191133.705700000748038 ], [ 4978597.9731, 2191170.779500000178814 ], [ 4978555.865899999625981, 2191207.870999999344349 ], [ 4978507.7335, 2191244.973600000143051 ], [ 4978475.940700000151992, 2191274.299000000581145 ], [ 4978442.394100000150502, 2191286.412399999797344 ], [ 4978406.253899999894202, 2191292.505799999460578 ], [ 4978370.118599999696016, 2191301.181199999526143 ], [ 4978342.585900000296533, 2191307.258099999278784 ], [ 4978315.046699999831617, 2191309.892200000584126 ], [ 4978266.0033, 2191320.313400000333786 ], [ 4978211.813299999572337, 2191340.212099999189377 ], [ 4978179.128999999724329, 2191353.184800000861287 ], [ 4978158.482200000435114, 2191359.2489 ], [ 4978130.083999999798834, 2191362.745400000363588 ], [ 4978098.260499999858439, 2191375.716499999165535 ], [ 4978058.7177, 2191403.334899999201298 ], [ 4978010.58669999986887, 2191441.29839999973774 ], [ 4977984.822499999776483, 2191472.33390000090003 ], [ 4977978.84250000026077, 2191496.4463 ], [ 4977966.832399999722838, 2191517.987700000405312 ], [ 4977947.060999999754131, 2191531.796900000423193 ], [ 4977917.811599999666214, 2191540.459499999880791 ], [ 4977890.295099999755621, 2191555.143899999558926 ], [ 4977861.945299999788404, 2191584.4627 ], [ 4977851.669599999673665, 2191612.886900000274181 ], [ 4977847.166626468300819, 2191626.480984615162015 ], [ 4977870.504700000397861, 2191659.130999999120831 ], [ 4977886.3202, 2191696.107300000265241 ], [ 4977886.855499999597669, 2191736.139699999243021 ], [ 4977882.624699999578297, 2191775.9814 ], [ 4977877.884200000204146, 2191815.664300000295043 ], [ 4977872.554100000299513, 2191855.298100000247359 ], [ 4977866.714300000108778, 2191894.8531 ], [ 4977860.544700000435114, 2191934.3388 ], [ 4977854.235100000165403, 2191973.834799999371171 ], [ 4977847.495900000445545, 2192013.251599999144673 ], [ 4977840.037100000306964, 2192052.519899999722838 ], [ 4977831.53870000038296, 2192091.540400000289083 ], [ 4977821.341300000436604, 2192130.23450000025332 ], [ 4977809.634700000286102, 2192168.671599999070168 ], [ 4977809.095027664676309, 2192170.356105501297861 ], [ 4977819.462100000120699, 2192173.980699999257922 ], [ 4977883.2483, 2192222.06279999949038 ], [ 4977937.5258, 2192248.644200000911951 ], [ 4977971.663800000213087, 2192256.5055 ], [ 4977979.4397, 2192271.9847999997437 ], [ 4977970.044300000183284, 2192310.73619999922812 ], [ 4977955.521599999628961, 2192369.294700000435114 ], [ 4977943.531000000424683, 2192401.165100000798702 ], [ 4977925.519999999552965, 2192435.629300000146031 ], [ 4977878.1074, 2192397.845300000160933 ], [ 4977812.606100000441074, 2192353.20920000039041 ], [ 4977792.765100000426173, 2192330.006400000303984 ], [ 4977770.897713830694556, 2192303.124623489100486 ], [ 4977766.775500000454485, 2192322.632400000467896 ], [ 4977762.833599999547005, 2192362.014000000432134 ], [ 4977764.927899999544024, 2192402.23340000025928 ], [ 4977769.430499999783933, 2192442.7379 ], [ 4977772.38399999961257, 2192482.925699999555945 ], [ 4977769.830699999816716, 2192522.204800000414252 ], [ 4977760.981599999591708, 2192560.606499999761581 ], [ 4977748.924700000323355, 2192598.674599999561906 ], [ 4977734.379200000315905, 2192636.287900000810623 ], [ 4977718.024299999698997, 2192673.325099999085069 ], [ 4977700.579199999570847, 2192709.685100000351667 ], [ 4977682.4929, 2192745.207000000402331 ], [ 4977662.0565, 2192779.444599999114871 ], [ 4977639.5099, 2192812.58699999935925 ], [ 4977615.722900000400841, 2192844.972699999809265 ], [ 4977591.5954, 2192876.909299999475479 ], [ 4977567.247899999842048, 2192908.716499999165535 ], [ 4977542.0301, 2192939.935900000855327 ], [ 4977515.480999999679625, 2192969.878900000825524 ], [ 4977487.139899999834597, 2192997.857200000435114 ], [ 4977457.479000000283122, 2193025.298499999567866 ], [ 4977426.7176, 2193052.02250000089407 ], [ 4977394.6233, 2193076.471100000664592 ], [ 4977360.9731, 2193097.136 ], [ 4977325.004200000315905, 2193112.1206 ], [ 4977285.675699999555945, 2193120.36769999936223 ], [ 4977244.849299999885261, 2193123.781999999657273 ], [ 4977204.576999999582767, 2193124.377900000661612 ], [ 4977164.786000000312924, 2193120.566800000146031 ], [ 4977124.8986, 2193113.358999999240041 ], [ 4977085.101599999703467, 2193106.390799999237061 ], [ 4977045.621600000187755, 2193103.2686 ], [ 4977006.765599999576807, 2193107.83809999935329 ], [ 4976968.643400000408292, 2193120.039300000295043 ], [ 4976930.645399999804795, 2193134.498199999332428 ], [ 4976892.121600000187755, 2193145.651200000196695 ], [ 4976852.231100000441074, 2193152.710400000214577 ], [ 4976811.517799999564886, 2193157.792899999767542 ], [ 4976771.604399999603629, 2193157.928600000217557 ], [ 4976734.112700000405312, 2193149.667099999263883 ], [ 4976699.3481, 2193130.58049999922514 ], [ 4976665.55420000012964, 2193107.075899999588728 ], [ 4976630.91579999960959, 2193086.050699999555945 ], [ 4976595.895700000226498, 2193063.987199999392033 ], [ 4976559.737599999643862, 2193047.680500000715256 ], [ 4976521.306599999777973, 2193044.546299999579787 ], [ 4976481.488300000317395, 2193047.439099999144673 ], [ 4976441.237300000153482, 2193054.079500000923872 ], [ 4976401.46999999973923, 2193062.796900000423193 ], [ 4976363.50650000013411, 2193074.448400000110269 ], [ 4976327.94579999987036, 2193093.968100000172853 ], [ 4976290.584300000220537, 2193106.9572 ], [ 4976251.382299999706447, 2193113.4956 ], [ 4976211.647099999710917, 2193118.126700000837445 ], [ 4976171.620000000111759, 2193121.60950000025332 ], [ 4976131.592199999839067, 2193124.712600000202656 ], [ 4976090.680499999783933, 2193125.379599999636412 ], [ 4976052.660699999891222, 2193128.338999999687076 ], [ 4976029.703700000420213, 2193161.172800000756979 ], [ 4976015.749200000427663, 2193199.614399999380112 ], [ 4976009.03110000025481, 2193239.540999999269843 ], [ 4976012.662100000306964, 2193278.74860000051558 ], [ 4976023.326299999840558, 2193317.6031 ], [ 4976034.1798, 2193356.2675 ], [ 4976044.8432, 2193394.802300000563264 ], [ 4976056.704800000414252, 2193432.955299999564886 ], [ 4976068.926099999807775, 2193471.087400000542402 ], [ 4976080.788099999539554, 2193509.450200000777841 ], [ 4976092.630300000309944, 2193547.852900000289083 ], [ 4976104.801799999549985, 2193586.105100000277162 ], [ 4976117.642099999822676, 2193624.0164 ], [ 4976131.510499999858439, 2193661.386099999770522 ], [ 4976146.756299999542534, 2193698.043999999761581 ], [ 4976164.25789999961853, 2193733.578500000759959 ], [ 4976185.802199999801815, 2193767.197100000455976 ], [ 4976210.230899999849498, 2193799.27170000039041 ], [ 4976236.086199999786913, 2193830.224500000476837 ], [ 4976262.259800000116229, 2193860.39750000089407 ], [ 4976290.0493, 2193889.208599999547005 ], [ 4976319.5642, 2193916.387900000438094 ], [ 4976350.454300000332296, 2193941.75620000064373 ], [ 4976383.358300000429153, 2193964.862800000235438 ], [ 4976417.8679, 2193986.367799999192357 ], [ 4976452.5466, 2194007.542600000277162 ], [ 4976485.978199999779463, 2194029.6491 ], [ 4976516.756400000303984, 2194053.958499999716878 ], [ 4976541.918700000271201, 2194082.974500000476837 ], [ 4976556.896099999547005, 2194120.342000000178814 ], [ 4976568.860399999655783, 2194159.903400000184774 ], [ 4976580.424200000241399, 2194199.025900000706315 ], [ 4976590.9698, 2194238.550000000745058 ], [ 4976611.8021, 2194270.781099999323487 ], [ 4976640.177400000393391, 2194297.692800000309944 ], [ 4976671.456199999898672, 2194322.530799999833107 ], [ 4976704.361399999819696, 2194346.226800000295043 ], [ 4976737.585799999535084, 2194369.682299999520183 ], [ 4976769.832399999722838, 2194393.838999999687076 ], [ 4976827.5779, 2194434.912000000476837 ], [ 4976859.904799999669194, 2194459.278400000184774 ], [ 4976892.2517, 2194483.574899999424815 ], [ 4976924.916799999773502, 2194507.1414 ], [ 4976958.178600000217557, 2194529.3279 ], [ 4976992.315899999812245, 2194549.464800000190735 ], [ 4977027.616899999789894, 2194566.8918999992311 ], [ 4977064.3004, 2194581.019200000911951 ], [ 4977102.257000000216067, 2194592.067099999636412 ], [ 4977141.168100000359118, 2194600.795099999755621 ], [ 4977180.7358, 2194607.973500000312924 ], [ 4977220.6716, 2194614.361700000241399 ], [ 4977260.667299999855459, 2194620.719799999147654 ], [ 4977300.414599999785423, 2194627.797900000587106 ], [ 4977339.625199999660254, 2194636.385500000789762 ], [ 4977377.990799999795854, 2194647.2127 ], [ 4977415.82079999987036, 2194660.059100000187755 ], [ 4977454.061200000345707, 2194673.274299999698997 ], [ 4977492.412499999627471, 2194687.068900000303984 ], [ 4977530.525600000284612, 2194701.71309999935329 ], [ 4977568.051400000229478, 2194717.457399999722838 ], [ 4977604.650600000284612, 2194734.5822 ], [ 4977639.964100000448525, 2194753.347999999299645 ], [ 4977673.652700000442564, 2194774.005100000649691 ], [ 4977705.367200000211596, 2194796.823999999091029 ], [ 4977734.918399999849498, 2194822.134700000286102 ], [ 4977762.58600000012666, 2194849.916799999773502 ], [ 4977788.668999999761581, 2194879.759999999776483 ], [ 4977813.456299999728799, 2194911.244200000539422 ], [ 4977837.2368, 2194943.959100000560284 ], [ 4977860.309500000439584, 2194977.4846 ], [ 4977882.9534, 2195011.390699999406934 ], [ 4977905.467299999669194, 2195045.287000000476837 ], [ 4977928.130300000309944, 2195078.733300000429153 ], [ 4977950.7226, 2195111.800200000405312 ], [ 4977969.075400000438094, 2195148.311899999156594 ], [ 4977985.96129999961704, 2195185.785700000822544 ], [ 4978006.048000000417233, 2195219.996300000697374 ], [ 4978033.444899999536574, 2195247.259199999272823 ], [ 4978064.5022, 2195271.258199999108911 ], [ 4978097.2253, 2195293.805400000885129 ], [ 4978131.284599999897182, 2195315.0811 ], [ 4978166.341099999845028, 2195335.266000000759959 ], [ 4978202.065100000239909, 2195354.510500000789762 ], [ 4978238.117499999701977, 2195373.01490000076592 ], [ 4978274.158699999563396, 2195390.949999999254942 ], [ 4978310.10869999974966, 2195408.245699999853969 ], [ 4978346.7155, 2195424.1316 ], [ 4978383.879700000397861, 2195438.887299999594688 ], [ 4978421.4221, 2195452.903100000694394 ], [ 4978459.143699999898672, 2195466.568800000473857 ], [ 4978496.83530000038445, 2195480.274599999189377 ], [ 4978534.308000000193715, 2195494.410299999639392 ], [ 4978571.362599999643862, 2195509.366100000217557 ], [ 4978607.810100000351667, 2195525.541899999603629 ], [ 4978643.471199999563396, 2195543.267899999395013 ], [ 4978678.605000000447035, 2195562.093699999153614 ], [ 4978713.340699999593198, 2195581.769600000232458 ], [ 4978747.708100000396371, 2195602.1656 ], [ 4978781.7769, 2195623.151399999856949 ], [ 4978815.596800000406802, 2195644.61739999987185 ], [ 4978849.197700000368059, 2195666.443499999120831 ], [ 4978882.6491, 2195688.489700000733137 ], [ 4978915.990799999795854, 2195710.6458 ], [ 4978949.2725, 2195732.792199999094009 ], [ 4978982.295, 2195755.238800000399351 ], [ 4979014.839300000108778, 2195778.395700000226498 ], [ 4979047.0449, 2195802.072699999436736 ], [ 4979079.03139999974519, 2195826.059800000861287 ], [ 4979110.928100000135601, 2195850.186899999156594 ], [ 4979142.864699999801815, 2195874.254000000655651 ], [ 4979174.960699999704957, 2195898.071100000292063 ], [ 4979236.692499999888241, 2195865.703199999406934 ], [ 4979272.325000000186265, 2195847.382099999114871 ], [ 4979307.7971, 2195828.841499999165535 ], [ 4979342.8986, 2195809.752100000157952 ], [ 4979377.38910000026226, 2195789.784700000658631 ], [ 4979410.464200000278652, 2195766.423100000247359 ], [ 4979440.1661, 2195734.415899999439716 ], [ 4979469.943, 2195710.371200000867248 ], [ 4979502.99100000038743, 2195714.754200000315905 ], [ 4979538.42850000038743, 2195740.962799999862909 ], [ 4979575.219100000336766, 2195758.98619999922812 ], [ 4979612.954, 2195774.500099999830127 ], [ 4979651.329699999652803, 2195785.437000000849366 ], [ 4979690.176, 2195786.482100000604987 ], [ 4979729.791299999691546, 2195776.855399999767542 ], [ 4979769.346900000236928, 2195767.308800000697374 ], [ 4979807.954900000244379, 2195769.113700000569224 ], [ 4979845.467799999751151, 2195783.459000000730157 ], [ 4979882.8147, 2195799.782999999821186 ], [ 4979846.138000000268221, 2195736.640699999406934 ], [ 4979825.870799999684095, 2195702.04109999909997 ], [ 4979806.222400000318885, 2195667.220499999821186 ], [ 4979787.752299999818206, 2195631.978000000119209 ], [ 4979776.081399999558926, 2195594.404699999839067 ], [ 4979768.683299999684095, 2195555.034800000488758 ], [ 4979754.504999999888241, 2195517.596200000494719 ], [ 4979743.552000000141561, 2195479.212300000712276 ], [ 4979735.5148, 2195440.043400000780821 ], [ 4979717.612499999813735, 2195403.920700000599027 ], [ 4979697.253899999894202, 2195368.601800000295043 ], [ 4979683.7665, 2195331.961100000888109 ], [ 4979678.562599999830127, 2195290.579 ], [ 4979679.6903, 2195247.86600000038743 ], [ 4979691.0411, 2195211.757500000298023 ], [ 4979718.159300000406802, 2195187.088600000366569 ], [ 4979757.381699999794364, 2195170.469100000336766 ], [ 4979797.451299999840558, 2195158.024299999698997 ], [ 4979836.1771, 2195148.269600000232458 ], [ 4979875.928299999795854, 2195141.719900000840425 ], [ 4979915.895100000314415, 2195138.326999999582767 ], [ 4979955.757299999706447, 2195137.651799999177456 ], [ 4979995.9128, 2195138.9342 ], [ 4980035.9825, 2195142.334799999371171 ], [ 4980075.546900000423193, 2195148.024399999529123 ], [ 4980115.973299999721348, 2195155.091 ], [ 4980158.918800000101328, 2195162.96199999935925 ], [ 4980197.1206, 2195177.086300000548363 ], [ 4980223.105999999679625, 2195202.963199999183416 ], [ 4980241.232599999755621, 2195236.208100000396371 ], [ 4980256.238099999725819, 2195272.606200000271201 ], [ 4980269.049800000153482, 2195311.216199999675155 ], [ 4980280.605000000447035, 2195351.117599999532104 ], [ 4980291.8514, 2195391.379200000315905 ], [ 4980303.725999999791384, 2195431.0801 ], [ 4980317.15639999974519, 2195469.2994 ], [ 4980333.089999999850988, 2195505.106200000271201 ], [ 4980356.150999999605119, 2195537.822200000286102 ], [ 4980396.729899999685585, 2195562.082699999213219 ], [ 4980434.0274, 2195562.990800000727177 ], [ 4980461.590599999763072, 2195541.228399999439716 ], [ 4980488.867600000463426, 2195510.794399999082088 ], [ 4980513.6562, 2195474.7303 ], [ 4980533.774000000208616, 2195436.057700000703335 ], [ 4980547.029, 2195397.817600000649691 ], [ 4980552.27280000038445, 2195360.30210000090301 ], [ 4980551.289099999703467, 2195321.070000000298023 ], [ 4980545.887299999594688, 2195280.757400000467896 ], [ 4980537.847199999727309, 2195240.020199999213219 ], [ 4980528.968299999833107, 2195199.534299999475479 ], [ 4980521.0203, 2195159.925899999216199 ], [ 4980513.331000000238419, 2195119.837300000712276 ], [ 4980503.334699999541044, 2195080.142799999564886 ], [ 4980488.8377, 2195043.194399999454618 ], [ 4980466.259100000374019, 2195011.986099999397993 ], [ 4980431.835799999535084, 2194988.343299999833107 ], [ 4980396.55489999987185, 2194965.581299999728799 ], [ 4980372.970700000412762, 2194936.183199999853969 ], [ 4980359.083599999547005, 2194899.463300000876188 ], [ 4980348.3975, 2194859.5304000005126 ], [ 4980341.624900000169873, 2194818.0614 ], [ 4980339.4983, 2194776.773399999365211 ], [ 4980342.7204, 2194737.383400000631809 ], [ 4980352.101300000213087, 2194700.28969999961555 ], [ 4980367.4073, 2194663.544399999082088 ], [ 4980387.330799999646842, 2194627.6096 ], [ 4980410.523699999786913, 2194593.067199999466538 ], [ 4980435.60869999974966, 2194560.479399999603629 ], [ 4980461.3679, 2194530.428099999204278 ], [ 4980492.9972, 2194503.212999999523163 ], [ 4980530.0828, 2194482.051999999210238 ], [ 4980567.208200000226498, 2194471.301300000399351 ], [ 4980604.7473, 2194478.42339999973774 ], [ 4980641.0411, 2194503.281600000336766 ], [ 4980662.582700000144541, 2194535.6009 ], [ 4980670.8915, 2194575.847999999299645 ], [ 4980675.458700000308454, 2194618.640000000596046 ], [ 4980685.241399999707937, 2194656.366699999198318 ], [ 4980715.914900000207126, 2194683.543400000780821 ], [ 4980716.908844484947622, 2194683.68216887768358 ], [ 4980716.88289999961853, 2194683.338199999183416 ] ] ] ] } },
{ "type": "Feature", "properties": { "OBJECTID": 123, "UCS_CP": "IVes1", "CLASE": "IV", "SUBCLASE": "es", "GRUPO_MANEJO": "1", "UCS": "MMCd1, AMVd1, MMXe1, MMXd1, MMXdp, MMXdp2, MPXd2", "PRINCIPALES_CARACTERÍSTICAS": "Clima frío seco en los paisajes de Montañas y Altiplanicie, con pendientes menores de 25%, afectados por erosión hídrica ligera a moderada", "PRINCIPALES_LIMITANTES": "Heladas, susceptibilidad a la erosión, deﬁciente espesor del suelo, deﬁciencia de agua, niveles tóxicos de aluminio, pendiente, agresividad de las lluvias", "USO_ACTUAL": "Cultivos de papa, arveja, hortalizas, maíz, cebada, trigo; ganadería extensiva", "USOS_RECOMENDADOS": "Cultivos de papa, maíz, hortalizas, arveja, cebada, trigo; ganadería extensiva", "PRACTICAS_MANEJO": "Arar en dirección transversal a la pendiente, encalar y fertilizar, utilizar las escorias Thomas o roca fosfórica para suministrar fósforo, utilizar riego, sembrar en curvas de nivel o fajas en contorno. Evitar sobrepastoreo. Adicionar residuo de las cosechas", "ÁREA_HA_1": 331.71508188489128, "Shape_Length": 15158.165953367949, "Shape_Area": 3317150.8188489126 }, "geometry": { "type": "MultiPolygon", "coordinates": [ [ [ [ 4972064.758399999700487, 2195694.556600000709295 ], [ 4972067.559100000187755, 2195654.267300000414252 ], [ 4972067.383899999782443, 2195614.673000000417233 ], [ 4972047.877100000157952, 2195575.675100000575185 ], [ 4972015.078300000168383, 2195560.900699999183416 ], [ 4971973.65610000025481, 2195561.25929999910295 ], [ 4971932.329, 2195569.660399999469519 ], [ 4971896.481999999843538, 2195585.924100000411272 ], [ 4971862.385200000368059, 2195608.349099999293685 ], [ 4971827.0828, 2195627.2993 ], [ 4971788.619300000369549, 2195638.902100000530481 ], [ 4971748.374699999578297, 2195649.1097 ], [ 4971707.794099999591708, 2195656.050699999555945 ], [ 4971668.332299999892712, 2195657.584499999880791 ], [ 4971630.793700000271201, 2195651.21169999986887 ], [ 4971593.094499999657273, 2195633.948899999260902 ], [ 4971558.876899999566376, 2195608.646600000560284 ], [ 4971532.9737, 2195579.052300000563264 ], [ 4971516.209300000220537, 2195542.646800000220537 ], [ 4971507.9062, 2195500.270400000736117 ], [ 4971510.257299999706447, 2195459.951899999752641 ], [ 4971526.559899999760091, 2195426.940400000661612 ], [ 4971554.858900000341237, 2195397.652599999681115 ], [ 4971585.846099999733269, 2195368.699500000104308 ], [ 4971610.113699999637902, 2195336.82179999910295 ], [ 4971623.361200000159442, 2195299.63990000076592 ], [ 4971630.3585, 2195259.472400000318885 ], [ 4971636.655399999581277, 2195218.766799999400973 ], [ 4971645.012199999764562, 2195173.731100000441074 ], [ 4971637.055700000375509, 2195140.316099999472499 ], [ 4971605.681900000199676, 2195123.54079999960959 ], [ 4971563.433000000193715, 2195114.808900000527501 ], [ 4971519.866499999538064, 2195111.934399999678135 ], [ 4971480.438299999572337, 2195115.416300000622869 ], [ 4971440.993900000117719, 2195126.131799999624491 ], [ 4971401.660199999809265, 2195137.276699999347329 ], [ 4971362.763500000350177, 2195141.796599999070168 ], [ 4971323.0587, 2195136.426999999210238 ], [ 4971282.901600000448525, 2195124.334100000560284 ], [ 4971246.2111, 2195106.889499999582767 ], [ 4971218.099600000306964, 2195082.404799999669194 ], [ 4971207.809899999760091, 2195040.8914 ], [ 4971214.131099999882281, 2195002.4737 ], [ 4971230.904900000430644, 2194965.005100000649691 ], [ 4971239.843000000342727, 2194926.1228 ], [ 4971244.713399999774992, 2194886.57880000025034 ], [ 4971248.434399999678135, 2194846.777300000190735 ], [ 4971251.465699999593198, 2194806.837200000882149 ], [ 4971254.25719999987632, 2194766.8476 ], [ 4971257.248700000345707, 2194726.937400000169873 ], [ 4971261.3492, 2194687.0152000002563 ], [ 4971266.68819999974221, 2194646.9309 ], [ 4971271.8673, 2194606.836799999698997 ], [ 4971275.408300000242889, 2194566.915699999779463 ], [ 4971275.872600000351667, 2194527.340099999681115 ], [ 4971271.941800000146031, 2194488.212500000372529 ], [ 4971264.045, 2194449.3322 ], [ 4971253.191100000403821, 2194410.687300000339746 ], [ 4971240.239900000393391, 2194372.396099999547005 ], [ 4971226.060600000433624, 2194334.526799999177456 ], [ 4971211.542600000277162, 2194297.187699999660254 ], [ 4971192.802799999713898, 2194262.1645 ], [ 4971170.119900000281632, 2194228.86739999987185 ], [ 4971151.818799999542534, 2194193.42369999922812 ], [ 4971135.524000000208616, 2194156.93720000050962 ], [ 4971120.0976, 2194120.019400000572205 ], [ 4971105.509800000116229, 2194082.750399999320507 ], [ 4971091.7308, 2194045.220000000670552 ], [ 4971077.991600000299513, 2194007.549699999392033 ], [ 4971063.8525, 2193969.790200000628829 ], [ 4971049.703200000338256, 2193931.9408 ], [ 4971035.9035, 2193894.000800000503659 ], [ 4971022.8229, 2193855.9695999994874 ], [ 4971010.85120000038296, 2193817.846300000324845 ], [ 4971000.3481, 2193779.6404 ], [ 4970991.693099999800324, 2193741.340800000354648 ], [ 4970987.687800000421703, 2193699.845499999821186 ], [ 4970993.0395, 2193655.8246 ], [ 4971007.760099999606609, 2193620.89780000038445 ], [ 4971040.220499999821186, 2193604.71059999987483 ], [ 4971086.047799999825656, 2193609.059699999168515 ], [ 4971117.322499999776483, 2193631.450400000438094 ], [ 4971144.81940000038594, 2193658.51410000026226 ], [ 4971171.161999999545515, 2193688.147600000724196 ], [ 4971196.659, 2193719.581199999898672 ], [ 4971221.6683, 2193752.044800000265241 ], [ 4971246.50829999987036, 2193784.7884 ], [ 4971271.527200000360608, 2193817.022099999710917 ], [ 4971297.023400000296533, 2193848.076099999248981 ], [ 4971322.519100000150502, 2193878.850099999457598 ], [ 4971347.855100000277162, 2193909.754499999806285 ], [ 4971373.0915, 2193940.7489 ], [ 4971398.287899999879301, 2193971.763399999588728 ], [ 4971423.534199999645352, 2194002.747700000181794 ], [ 4971448.96999999973923, 2194033.581900000572205 ], [ 4971474.515599999576807, 2194064.335999999195337 ], [ 4971499.941499999724329, 2194095.180099999532104 ], [ 4971525.038200000301003, 2194126.274700000882149 ], [ 4971549.5861, 2194157.789899999275804 ], [ 4971573.017, 2194190.316400000825524 ], [ 4971595.5203, 2194223.683800000697374 ], [ 4971617.804100000299513, 2194257.221599999815226 ], [ 4971640.5565, 2194290.238800000399351 ], [ 4971664.495500000193715, 2194322.0449 ], [ 4971690.319299999624491, 2194351.969200000166893 ], [ 4971719.782999999821186, 2194378.289599999785423 ], [ 4971752.906499999575317, 2194400.926400000229478 ], [ 4971787.475499999709427, 2194421.981899999082088 ], [ 4971822.021200000308454, 2194441.169099999591708 ], [ 4971862.042700000107288, 2194439.7643 ], [ 4971901.770499999634922, 2194436.21199999935925 ], [ 4971940.960900000296533, 2194428.574400000274181 ], [ 4971979.888299999758601, 2194419.218699999153614 ], [ 4972036.896099999547005, 2194402.824999999254942 ], [ 4972050.808600000105798, 2194347.508099999278784 ], [ 4972063.085199999623001, 2194309.438799999654293 ], [ 4972074.440899999812245, 2194270.352299999445677 ], [ 4972062.441999999806285, 2194233.737800000235438 ], [ 4972030.4786, 2194211.598300000652671 ], [ 4971990.161799999885261, 2194204.831000000238419 ], [ 4971937.5049, 2194192.2423 ], [ 4971899.983799999579787, 2194179.255100000649691 ], [ 4971866.294700000435114, 2194158.587600000202656 ], [ 4971833.5203, 2194135.60050000064075 ], [ 4971801.691800000146031, 2194110.903000000864267 ], [ 4971770.949900000356138, 2194084.86460000090301 ], [ 4971741.4649, 2194057.854699999094009 ], [ 4971714.004700000397861, 2194029.062599999830127 ], [ 4971689.4962, 2193997.227700000628829 ], [ 4971667.511900000274181, 2193963.529500000178814 ], [ 4971647.563900000415742, 2193928.928300000727177 ], [ 4971629.093000000342727, 2193893.3651 ], [ 4971611.5499, 2193857.170700000599027 ], [ 4971594.386, 2193820.73589999973774 ], [ 4971577.0526, 2193784.441199999302626 ], [ 4971559.000900000333786, 2193748.687400000169873 ], [ 4971539.681900000199676, 2193713.845200000330806 ], [ 4971518.537200000137091, 2193680.315300000831485 ], [ 4971495.1974, 2193648.328099999576807 ], [ 4971470.18099999986589, 2193617.4232 ], [ 4971443.787700000219047, 2193587.429999999701977 ], [ 4971416.266800000332296, 2193558.258300000801682 ], [ 4971387.838200000114739, 2193529.787699999287724 ], [ 4971358.761300000362098, 2193501.93779999949038 ], [ 4971329.255699999630451, 2193474.6081000007689 ], [ 4971299.561200000345707, 2193447.688400000333786 ], [ 4971269.777499999850988, 2193421.198599999770522 ], [ 4971238.597900000400841, 2193396.230000000447035 ], [ 4971205.942900000140071, 2193372.9527000002563 ], [ 4971172.191700000315905, 2193351.186300000175834 ], [ 4971137.73369999974966, 2193330.739800000563264 ], [ 4971102.808199999853969, 2193311.433299999684095 ], [ 4971067.305100000463426, 2193293.097100000828505 ], [ 4971031.373599999584258, 2193275.440899999812245 ], [ 4970995.193199999630451, 2193258.2248 ], [ 4970958.903199999593198, 2193241.178899999707937 ], [ 4970922.683000000193715, 2193224.052899999544024 ], [ 4970886.701999999582767, 2193206.5767 ], [ 4970851.099299999885261, 2193188.490299999713898 ], [ 4970816.064600000157952, 2193169.523700000718236 ], [ 4970782.095700000412762, 2193148.876599999144673 ], [ 4970751.4835, 2193122.797800000756979 ], [ 4970722.3756, 2193094.448200000450015 ], [ 4970691.953700000420213, 2193068.559000000357628 ], [ 4970657.677899999544024, 2193049.441099999472499 ], [ 4970620.225999999791384, 2193036.1239 ], [ 4970581.18099999986589, 2193025.697200000286102 ], [ 4970541.946700000204146, 2193015.550599999725819 ], [ 4970503.886800000444055, 2193003.053899999707937 ], [ 4970467.93680000025779, 2192986.127100000157952 ], [ 4970431.732599999755621, 2192966.932900000363588 ], [ 4970396.233900000341237, 2192945.709100000560284 ], [ 4970363.278099999763072, 2192921.872700000181794 ], [ 4970334.6722, 2192894.850999999791384 ], [ 4970312.542700000107288, 2192863.620699999853969 ], [ 4970298.204800000414252, 2192826.3311 ], [ 4970288.336400000378489, 2192785.585999999195337 ], [ 4970279.136699999682605, 2192744.529999999329448 ], [ 4970266.795199999585748, 2192706.317299999296665 ], [ 4970247.471300000324845, 2192674.032700000330806 ], [ 4970217.066999999806285, 2192646.9543999992311 ], [ 4970178.851800000295043, 2192626.30519999936223 ], [ 4970138.65749999973923, 2192615.700799999758601 ], [ 4970101.284400000236928, 2192617.659800000488758 ], [ 4970064.355899999849498, 2192627.491100000217557 ], [ 4970027.247100000269711, 2192642.418199999257922 ], [ 4969990.064299999736249, 2192660.412599999457598 ], [ 4969952.9134, 2192679.475999999791384 ], [ 4969915.9106, 2192697.600099999457598 ], [ 4969879.20380000025034, 2192713.735300000756979 ], [ 4969842.847699999809265, 2192730.439400000497699 ], [ 4969806.642199999652803, 2192747.492799999192357 ], [ 4969770.336199999786913, 2192764.256799999624491 ], [ 4969733.688699999824166, 2192780.092199999839067 ], [ 4969696.438900000415742, 2192794.350199999287724 ], [ 4969658.485999999567866, 2192806.721100000664592 ], [ 4969620.081199999898672, 2192817.88399999961257 ], [ 4969581.5258, 2192828.617599999532104 ], [ 4969543.090900000184774, 2192839.720499999821186 ], [ 4969703.455799999646842, 2192948.999600000679493 ], [ 4969768.239500000141561, 2192975.972799999639392 ], [ 4969806.298499999567866, 2192988.069900000467896 ], [ 4969845.154500000178814, 2192998.83669999986887 ], [ 4969884.463600000366569, 2193006.225600000470877 ], [ 4969925.017799999564886, 2193006.368599999696016 ], [ 4969969.470800000242889, 2192997.10249999910593 ], [ 4970013.651499999687076, 2192986.548100000247359 ], [ 4970052.6415, 2192983.706700000911951 ], [ 4970081.591799999587238, 2192997.459699999541044 ], [ 4970103.1733, 2193024.185000000521541 ], [ 4970121.339599999599159, 2193057.101199999451637 ], [ 4970136.687199999578297, 2193094.658700000494719 ], [ 4970149.84250000026077, 2193135.277699999511242 ], [ 4970161.412100000306964, 2193177.398299999535084 ], [ 4970172.012400000356138, 2193219.450799999758601 ], [ 4970182.260099999606609, 2193259.875399999320507 ], [ 4970191.555200000293553, 2193298.593399999663234 ], [ 4970198.0641, 2193337.985999999567866 ], [ 4970202.755599999800324, 2193377.8816 ], [ 4970206.698200000450015, 2193417.958499999716878 ], [ 4970210.930200000293553, 2193457.91499999910593 ], [ 4970216.540300000458956, 2193497.45920000039041 ], [ 4970224.567099999636412, 2193536.409299999475479 ], [ 4970237.3229, 2193577.108999999240041 ], [ 4970259.6551, 2193609.817500000819564 ], [ 4970293.527700000442564, 2193626.9879 ], [ 4970333.062800000421703, 2193637.693399999290705 ], [ 4970374.671299999579787, 2193645.8871 ], [ 4970414.8734, 2193655.282400000840425 ], [ 4970450.209099999628961, 2193669.582599999383092 ], [ 4970467.004099999554455, 2193701.17259999923408 ], [ 4970473.6996, 2193744.101800000295043 ], [ 4970497.846800000406802, 2193774.988399999216199 ], [ 4970525.2971, 2193803.830700000748038 ], [ 4970554.2944, 2193831.800699999555945 ], [ 4970583.4117, 2193859.840399999171495 ], [ 4970611.192099999636412, 2193888.881799999624491 ], [ 4970636.747700000181794, 2193919.596000000834465 ], [ 4970661.984899999573827, 2193951.029999999329448 ], [ 4970686.494099999777973, 2193983.184900000691414 ], [ 4970709.356700000353158, 2194016.271999999880791 ], [ 4970729.66370000038296, 2194050.552899999544024 ], [ 4970746.486499999649823, 2194086.269099999219179 ], [ 4970759.1266, 2194123.821699999272823 ], [ 4970768.731999999843538, 2194162.778699999675155 ], [ 4970776.840099999681115, 2194202.428099999204278 ], [ 4970784.998200000263751, 2194242.067199999466538 ], [ 4970794.723500000312924, 2194281.014000000432134 ], [ 4970807.553399999625981, 2194318.546299999579787 ], [ 4970825.344700000248849, 2194353.92090000025928 ], [ 4970847.987999999895692, 2194387.268200000748038 ], [ 4970872.897199999541044, 2194419.612099999561906 ], [ 4970897.466799999587238, 2194451.976500000804663 ], [ 4970919.100999999791384, 2194485.395600000396371 ], [ 4970935.284199999645352, 2194520.943199999630451 ], [ 4970948.017300000414252, 2194560.13399999961257 ], [ 4970957.637799999676645, 2194601.708699999377131 ], [ 4970962.232699999585748, 2194643.312899999320507 ], [ 4970959.869599999859929, 2194682.612400000914931 ], [ 4970948.33600000012666, 2194717.383300000801682 ], [ 4970925.274000000208616, 2194747.620200000703335 ], [ 4970894.663800000213087, 2194775.24379999935627 ], [ 4970861.55449999962002, 2194802.2127 ], [ 4970830.985600000247359, 2194830.505599999800324 ], [ 4970807.97620000038296, 2194862.11119999922812 ], [ 4970795.178999999538064, 2194899.622099999338388 ], [ 4970790.331399999558926, 2194940.704800000414252 ], [ 4970790.598399999551475, 2194981.318099999800324 ], [ 4970793.362099999561906, 2195021.4070999994874 ], [ 4970798.335, 2195062.02140000090003 ], [ 4970806.054100000299513, 2195101.9912 ], [ 4970817.056900000199676, 2195140.156300000846386 ], [ 4970833.667600000277162, 2195174.543999999761581 ], [ 4970863.721800000406802, 2195201.38289999961853 ], [ 4970896.301300000399351, 2195226.838199999183416 ], [ 4970980.812199999578297, 2195340.476099999621511 ], [ 4970968.299700000323355, 2195412.146099999547005 ], [ 4970965.2714, 2195453.614900000393391 ], [ 4970957.222199999727309, 2195492.34569999948144 ], [ 4970940.486999999731779, 2195529.014799999073148 ], [ 4970917.899799999780953, 2195561.92850000038743 ], [ 4970886.104600000195205, 2195586.347300000488758 ], [ 4970848.093500000424683, 2195599.468000000342727 ], [ 4970808.3761, 2195603.260199999436736 ], [ 4970768.5131, 2195604.045399999246001 ], [ 4970728.477900000289083, 2195603.631999999284744 ], [ 4970688.3821, 2195602.809000000357628 ], [ 4970648.356999999843538, 2195602.4156 ], [ 4970605.466099999845028, 2195608.182199999690056 ], [ 4970565.0313, 2195612.9649 ], [ 4970525.679100000299513, 2195619.7237 ], [ 4970489.3246, 2195631.902100000530481 ], [ 4970463.8882, 2195663.912100000306964 ], [ 4970435.369199999608099, 2195693.130400000140071 ], [ 4970405.469700000248849, 2195721.402200000360608 ], [ 4970383.629999999888241, 2195753.385299999266863 ], [ 4970372.4408, 2195790.563500000163913 ], [ 4970366.291899999603629, 2195830.309900000691414 ], [ 4970363.502299999818206, 2195871.18889999948442 ], [ 4970362.420400000177324, 2195911.744799999520183 ], [ 4970362.296500000171363, 2195951.589600000530481 ], [ 4970363.581399999558926, 2195991.52170000039041 ], [ 4970365.975399999879301, 2196031.481599999591708 ], [ 4970369.158599999733269, 2196071.42989999987185 ], [ 4970372.821399999782443, 2196111.307499999180436 ], [ 4970376.434299999848008, 2196151.265100000426173 ], [ 4970378.2922, 2196193.0044 ], [ 4970383.085400000214577, 2196233.669199999421835 ], [ 4970397.00069999974221, 2196269.200999999418855 ], [ 4970420.7769, 2196299.268899999558926 ], [ 4970449.803299999795854, 2196326.6392 ], [ 4970481.983199999667704, 2196352.115199999883771 ], [ 4970515.25, 2196376.480200000107288 ], [ 4970547.656899999827147, 2196400.457100000232458 ], [ 4970580.600399999879301, 2196422.944299999624491 ], [ 4970614.6003, 2196444.010600000619888 ], [ 4970648.998800000175834, 2196464.546800000593066 ], [ 4970683.108300000429153, 2196485.463199999183416 ], [ 4970716.889000000432134, 2196506.81980000063777 ], [ 4970750.6398, 2196528.236300000920892 ], [ 4970784.43030000012368, 2196549.582900000736117 ], [ 4970818.3405, 2196570.729399999603629 ], [ 4970852.449799999594688, 2196591.54590000025928 ], [ 4970886.619300000369549, 2196612.551899999380112 ], [ 4970920.491499999538064, 2196634.777499999850988 ], [ 4970954.30449999962002, 2196657.372999999672174 ], [ 4970988.336199999786913, 2196679.408399999141693 ], [ 4971022.824699999764562, 2196699.954299999400973 ], [ 4971058.057799999602139, 2196718.081000000238419 ], [ 4971094.283699999563396, 2196732.868699999526143 ], [ 4971132.752000000327826, 2196744.714800000190735 ], [ 4971174.4847, 2196755.145899999886751 ], [ 4971217.5609, 2196762.806900000199676 ], [ 4971259.9797, 2196766.262900000438094 ], [ 4971299.730000000447035, 2196764.0691 ], [ 4971334.821000000461936, 2196754.82039999961853 ], [ 4971363.919599999673665, 2196736.2215 ], [ 4971388.193099999800324, 2196707.440899999812245 ], [ 4971408.846300000324845, 2196671.603399999439716 ], [ 4971427.0943, 2196631.9441 ], [ 4971444.1223, 2196591.667600000277162 ], [ 4971461.085400000214577, 2196553.978900000452995 ], [ 4971475.801099999807775, 2196516.674100000411272 ], [ 4971487.746399999596179, 2196477.835999999195337 ], [ 4971498.941800000146031, 2196438.6996 ], [ 4971511.377899999730289, 2196400.529999999329448 ], [ 4971527.095300000160933, 2196364.572100000455976 ], [ 4971548.875199999660254, 2196332.719000000506639 ], [ 4971578.918800000101328, 2196306.705 ], [ 4971612.503700000233948, 2196283.072100000455976 ], [ 4971644.347299999557436, 2196257.903899999335408 ], [ 4971673.499200000427663, 2196230.592800000682473 ], [ 4971702.4808, 2196203.062100000679493 ], [ 4971731.252299999818206, 2196175.292099999263883 ], [ 4971759.763399999588728, 2196147.262800000607967 ], [ 4971787.984199999831617, 2196118.954299999400973 ], [ 4971815.864699999801815, 2196090.3268 ], [ 4971843.815000000409782, 2196061.579299999400973 ], [ 4971872.924999999813735, 2196033.229100000113249 ], [ 4971902.474700000137091, 2196004.968100000172853 ], [ 4971931.624200000427663, 2195976.418099999427795 ], [ 4971959.553600000217557, 2195947.200999999418855 ], [ 4971985.422899999655783, 2195916.938799999654293 ], [ 4972008.392, 2195885.263399999588728 ], [ 4972027.61089999973774, 2195851.726800000295043 ], [ 4972042.278099999763072, 2195815.161499999463558 ], [ 4972052.864199999719858, 2195776.076400000602007 ], [ 4972060.110600000247359, 2195735.518899999558926 ], [ 4972064.758399999700487, 2195694.556600000709295 ] ] ] ] } },
{ "type": "Feature", "properties": { "OBJECTID": 119, "UCS_CP": "IVes1", "CLASE": "IV", "SUBCLASE": "es", "GRUPO_MANEJO": "1", "UCS": "MMCd1, AMVd1, MMXe1, MMXd1, MMXdp, MMXdp2, MPXd2", "PRINCIPALES_CARACTERÍSTICAS": "Clima frío seco en los paisajes de Montañas y Altiplanicie, con pendientes menores de 25%, afectados por erosión hídrica ligera a moderada", "PRINCIPALES_LIMITANTES": "Heladas, susceptibilidad a la erosión, deﬁciente espesor del suelo, deﬁciencia de agua, niveles tóxicos de aluminio, pendiente, agresividad de las lluvias", "USO_ACTUAL": "Cultivos de papa, arveja, hortalizas, maíz, cebada, trigo; ganadería extensiva", "USOS_RECOMENDADOS": "Cultivos de papa, maíz, hortalizas, arveja, cebada, trigo; ganadería extensiva", "PRACTICAS_MANEJO": "Arar en dirección transversal a la pendiente, encalar y fertilizar, utilizar las escorias Thomas o roca fosfórica para suministrar fósforo, utilizar riego, sembrar en curvas de nivel o fajas en contorno. Evitar sobrepastoreo. Adicionar residuo de las cosechas", "ÁREA_HA_1": 243.5694592913176, "Shape_Length": 11130.966997813193, "Shape_Area": 2435694.5929131759 }, "geometry": { "type": "MultiPolygon", "coordinates": [ [ [ [ 4969950.0384, 2195035.098999999463558 ], [ 4969962.322999999858439, 2194995.940400000661612 ], [ 4969971.111499999649823, 2194957.198200000450015 ], [ 4969975.0905, 2194916.466700000688434 ], [ 4969973.943900000303984, 2194875.665200000628829 ], [ 4969967.335900000296533, 2194836.802300000563264 ], [ 4969952.5104, 2194800.692500000819564 ], [ 4969931.583100000396371, 2194766.033099999651313 ], [ 4969909.8267, 2194731.4452 ], [ 4969891.7347, 2194695.681399999186397 ], [ 4969875.7193, 2194659.034299999475479 ], [ 4969859.8536, 2194622.307099999859929 ], [ 4969842.620400000363588, 2194586.291899999603629 ], [ 4969822.661799999885261, 2194551.420800000429153 ], [ 4969800.606499999761581, 2194517.273 ], [ 4969778.042100000195205, 2194483.36600000038743 ], [ 4969756.5663, 2194449.2171 ], [ 4969737.766699999570847, 2194414.363800000399351 ], [ 4969723.221199999563396, 2194378.313400000333786 ], [ 4969714.975599999539554, 2194339.963199999183416 ], [ 4969713.0504, 2194299.472799999639392 ], [ 4969715.849899999797344, 2194258.423800000920892 ], [ 4969721.798600000329316, 2194218.368100000545382 ], [ 4969731.227400000207126, 2194180.08420000039041 ], [ 4969745.104100000113249, 2194142.671 ], [ 4969760.949500000104308, 2194105.56389999948442 ], [ 4969776.22510000038892, 2194068.237999999895692 ], [ 4969788.631799999624491, 2194030.198100000619888 ], [ 4969800.358, 2193991.600199999287724 ], [ 4969812.033900000154972, 2193952.702500000596046 ], [ 4969822.770100000314415, 2193913.656899999827147 ], [ 4969831.6881, 2193874.5945999994874 ], [ 4969837.908599999733269, 2193835.637399999424815 ], [ 4969840.32120000012219, 2193795.978000000119209 ], [ 4969835.3914, 2193751.626800000667572 ], [ 4969820.101800000295043, 2193713.089999999850988 ], [ 4969792.284699999727309, 2193691.102399999275804 ], [ 4969755.0274, 2193675.057299999520183 ], [ 4969712.682500000111759, 2193663.238099999725819 ], [ 4969669.260200000368059, 2193657.5456000007689 ], [ 4969628.7505, 2193659.83049999922514 ], [ 4969594.373599999584258, 2193671.73509999923408 ], [ 4969562.259999999776483, 2193691.728399999439716 ], [ 4969531.47690000012517, 2193717.823699999600649 ], [ 4969502.43059999961406, 2193748.331700000911951 ], [ 4969475.5176, 2193781.593399999663234 ], [ 4969451.154299999587238, 2193815.919199999421835 ], [ 4969429.7774, 2193849.639799999073148 ], [ 4969415.068300000391901, 2193885.436000000685453 ], [ 4969406.7802, 2193924.666999999433756 ], [ 4969400.9326, 2193965.371899999678135 ], [ 4969393.55559999961406, 2194005.580299999564886 ], [ 4969381.058899999596179, 2194043.600299999117851 ], [ 4969366.964700000360608, 2194082.262800000607967 ], [ 4969352.7028, 2194121.94480000063777 ], [ 4969337.6212, 2194161.428400000557303 ], [ 4969321.0581, 2194199.486099999397993 ], [ 4969302.372000000439584, 2194234.920199999585748 ], [ 4969280.921, 2194266.482999999076128 ], [ 4969255.963399999774992, 2194292.97690000012517 ], [ 4969222.091099999845028, 2194312.793700000271201 ], [ 4969180.13219999987632, 2194325.4222 ], [ 4969135.60219999961555, 2194330.9419 ], [ 4969094.026100000366569, 2194329.402300000190735 ], [ 4969060.927299999631941, 2194319.853700000792742 ], [ 4969038.860600000247359, 2194290.241800000891089 ], [ 4969023.364, 2194247.968699999153614 ], [ 4969009.008899999782443, 2194207.042199999094009 ], [ 4968992.942699999548495, 2194169.985500000417233 ], [ 4968976.65610000025481, 2194132.579600000753999 ], [ 4968961.777599999681115, 2194094.831199999898672 ], [ 4968949.94579999987036, 2194056.7675 ], [ 4968942.8092, 2194018.394999999552965 ], [ 4968940.775500000454485, 2193978.594100000336766 ], [ 4968943.105000000447035, 2193937.286299999803305 ], [ 4968950.021200000308454, 2193896.409299999475479 ], [ 4968961.727699999697506, 2193857.891100000590086 ], [ 4968978.897699999623001, 2193823.728800000622869 ], [ 4969005.1102, 2193795.15430000051856 ], [ 4969037.1535, 2193769.706000000238419 ], [ 4969070.0663, 2193744.36600000038743 ], [ 4969098.897099999710917, 2193716.136199999600649 ], [ 4969124.1858, 2193685.075799999758601 ], [ 4969148.6831, 2193652.947799999266863 ], [ 4969171.709800000302494, 2193619.773399999365211 ], [ 4969192.576399999670684, 2193585.564099999144673 ], [ 4969210.603500000201166, 2193550.351099999621511 ], [ 4969225.819199999794364, 2193512.995400000363588 ], [ 4969237.793100000359118, 2193473.257799999788404 ], [ 4969244.790500000119209, 2193433.010199999436736 ], [ 4969245.0866, 2193394.144099999219179 ], [ 4969235.832899999804795, 2193356.245300000533462 ], [ 4969217.4984, 2193318.953099999576807 ], [ 4969193.83490000013262, 2193284.948100000619888 ], [ 4969166.3755, 2193256.665300000458956 ], [ 4969128.9019, 2193237.2335 ], [ 4969090.108, 2193232.870999999344349 ], [ 4969049.655399999581277, 2193239.022299999371171 ], [ 4969009.94620000012219, 2193252.475700000301003 ], [ 4968976.5044, 2193272.8311 ], [ 4968951.6721, 2193302.272199999541044 ], [ 4968932.128200000151992, 2193338.487099999561906 ], [ 4968914.284699999727309, 2193375.798000000417233 ], [ 4968898.231800000183284, 2193414.184499999508262 ], [ 4968885.463000000454485, 2193456.281400000676513 ], [ 4968871.029799999669194, 2193495.294299999251962 ], [ 4968849.883500000461936, 2193524.278699999675155 ], [ 4968817.99100000038743, 2193539.675599999725819 ], [ 4968777.768199999816716, 2193545.82660000026226 ], [ 4968734.094200000166893, 2193544.400699999183416 ], [ 4968691.847400000318885, 2193536.957499999552965 ], [ 4968653.918800000101328, 2193525.309699999168515 ], [ 4968615.176799999549985, 2193511.465500000864267 ], [ 4968575.941399999894202, 2193495.604000000283122 ], [ 4968537.361600000411272, 2193477.732899999246001 ], [ 4968500.5965, 2193457.8903 ], [ 4968466.775000000372529, 2193436.073699999600649 ], [ 4968437.066200000233948, 2193412.301100000739098 ], [ 4968413.297500000335276, 2193386.129300000146031 ], [ 4968405.946600000374019, 2193350.624600000679493 ], [ 4968410.651399999856949, 2193307.913499999791384 ], [ 4968417.4616, 2193263.749600000679493 ], [ 4968418.363099999725819, 2193222.724199999123812 ], [ 4968418.993599999696016, 2193181.139599999412894 ], [ 4968420.3618, 2193138.6546 ], [ 4968421.729799999855459, 2193096.079700000584126 ], [ 4968422.349899999797344, 2193054.20549999922514 ], [ 4968421.474100000225008, 2193013.842800000682473 ], [ 4968418.364799999631941, 2192975.802300000563264 ], [ 4968412.274000000208616, 2192940.894799999892712 ], [ 4968391.1913, 2192919.123999999836087 ], [ 4968343.187300000339746, 2192926.268699999898672 ], [ 4968304.877500000409782, 2192940.159 ], [ 4968269.12459999974817, 2192958.900299999862909 ], [ 4968235.457499999552965, 2192981.664000000804663 ], [ 4968204.632799999788404, 2193006.980100000277162 ], [ 4968174.6793, 2193033.443499999120831 ], [ 4968145.3673, 2193060.884800000116229 ], [ 4968116.9062, 2193089.263699999079108 ], [ 4968089.4759, 2193118.559900000691414 ], [ 4968063.286299999803305, 2193148.732899999246001 ], [ 4968038.8372, 2193180.031600000336766 ], [ 4968017.269799999892712, 2193213.552999999374151 ], [ 4967997.463600000366569, 2193248.449699999764562 ], [ 4967978.007500000298023, 2193283.655600000172853 ], [ 4967957.490799999795854, 2193318.064200000837445 ], [ 4967934.6431, 2193350.748700000345707 ], [ 4967910.3153, 2193382.76659999974072 ], [ 4967884.807099999859929, 2193414.0274 ], [ 4967857.917399999685585, 2193443.852 ], [ 4967829.445000000298023, 2193471.561599999666214 ], [ 4967796.756, 2193499.029400000348687 ], [ 4967757.820899999700487, 2193525.6798 ], [ 4967722.752100000157952, 2193536.33699999935925 ], [ 4967699.03110000025481, 2193519.526799999177456 ], [ 4967681.788800000213087, 2193484.000800000503659 ], [ 4967667.2193, 2193440.556800000369549 ], [ 4967651.785299999639392, 2193399.642100000753999 ], [ 4967588.855100000277162, 2193444.132400000467896 ], [ 4967556.348500000312924, 2193467.703199999406934 ], [ 4967523.661299999803305, 2193490.914799999445677 ], [ 4967490.522900000214577, 2193513.257999999448657 ], [ 4967456.692499999888241, 2193534.2138 ], [ 4967421.798999999649823, 2193553.093299999833107 ], [ 4967384.469200000166893, 2193567.421499999240041 ], [ 4967345.625, 2193578.80519999936223 ], [ 4967306.840599999763072, 2193590.118899999186397 ], [ 4967269.71999999973923, 2193604.22690000012517 ], [ 4967235.9677, 2193624.23340000025928 ], [ 4967206.064600000157952, 2193650.906600000336766 ], [ 4967178.095200000330806, 2193680.373700000345707 ], [ 4967150.83629999961704, 2193710.498999999836087 ], [ 4967142.967199999839067, 2193749.399700000882149 ], [ 4967145.890800000168383, 2193789.5888 ], [ 4967159.7889, 2193826.619899999350309 ], [ 4967177.991600000299513, 2193862.803400000557303 ], [ 4967199.407599999569356, 2193896.972699999809265 ], [ 4967225.9803, 2193926.526200000196695 ], [ 4967258.6091, 2193951.552200000733137 ], [ 4967283.893199999816716, 2193981.2281 ], [ 4967299.487800000235438, 2194017.186799999326468 ], [ 4967311.310200000181794, 2194055.550599999725819 ], [ 4967321.665699999779463, 2194094.836300000548363 ], [ 4967332.869400000199676, 2194133.590900000184774 ], [ 4967458.939799999818206, 2193939.4825 ], [ 4967511.815499999560416, 2193940.700999999418855 ], [ 4967552.031700000166893, 2193941.563799999654293 ], [ 4967591.633500000461936, 2193945.0756 ], [ 4967630.0707, 2193956.142799999564886 ], [ 4967667.1875, 2193977.004000000655651 ], [ 4967703.289599999785423, 2193989.564300000667572 ], [ 4967738.197499999776483, 2193978.347999999299645 ], [ 4967772.049100000411272, 2193952.816099999472499 ], [ 4967806.649600000120699, 2193926.973300000652671 ], [ 4967840.974100000225008, 2193908.41440000012517 ], [ 4967869.851099999621511, 2193930.789899999275804 ], [ 4967897.508600000292063, 2193958.10329999960959 ], [ 4967924.592299999669194, 2193988.455 ], [ 4967951.748499999754131, 2194020.105599999427795 ], [ 4967979.623100000433624, 2194051.265100000426173 ], [ 4968008.852099999785423, 2194080.1941 ], [ 4968040.0619, 2194105.102800000458956 ], [ 4968073.730000000447035, 2194125.021299999207258 ], [ 4968109.439899999648333, 2194141.558900000527501 ], [ 4968146.6837, 2194155.61570000089705 ], [ 4968184.9835, 2194168.0121 ], [ 4968223.850999999791384, 2194179.548000000417233 ], [ 4968262.798499999567866, 2194191.033800000324845 ], [ 4968301.3377, 2194203.289899999275804 ], [ 4968339.00069999974221, 2194217.116100000217557 ], [ 4968377.972299999557436, 2194230.839999999850988 ], [ 4968418.57120000012219, 2194243.861300000920892 ], [ 4968458.651800000108778, 2194257.552999999374151 ], [ 4968496.0587, 2194273.298000000417233 ], [ 4968528.636300000362098, 2194292.499099999666214 ], [ 4968553.2215, 2194317.220599999651313 ], [ 4968558.449500000104308, 2194355.387000000104308 ], [ 4968554.418499999679625, 2194400.374800000339746 ], [ 4968557.413599999621511, 2194441.32289999909699 ], [ 4968579.573699999600649, 2194472.743000000715256 ], [ 4968614.589800000190735, 2194497.464700000360608 ], [ 4968652.21239999961108, 2194511.110999999567866 ], [ 4968690.721400000154972, 2194507.441099999472499 ], [ 4968731.194500000216067, 2194496.324100000783801 ], [ 4968771.054999999701977, 2194494.100199999287724 ], [ 4968811.028300000354648, 2194498.6403 ], [ 4968851.285400000400841, 2194505.347799999639392 ], [ 4968890.8081, 2194514.66440000012517 ], [ 4968928.618200000375509, 2194527.061599999666214 ], [ 4968963.619300000369549, 2194543.93019999936223 ], [ 4968994.38219999987632, 2194570.348300000652671 ], [ 4969020.020999999716878, 2194602.651000000536442 ], [ 4969041.476599999703467, 2194636.679999999701977 ], [ 4969062.9265, 2194672.867200000211596 ], [ 4969081.421500000171363, 2194710.42879999987781 ], [ 4969093.332899999804795, 2194748.292600000277162 ], [ 4969094.932199999690056, 2194785.466600000858307 ], [ 4969083.442200000397861, 2194822.206000000238419 ], [ 4969063.739500000141561, 2194858.92090000025928 ], [ 4969042.2884, 2194895.739099999889731 ], [ 4969025.533800000324845, 2194932.788100000470877 ], [ 4969019.4715, 2194970.856000000610948 ], [ 4969023.311200000345707, 2195014.519999999552965 ], [ 4969035.611499999649823, 2195057.188799999654293 ], [ 4969055.895200000144541, 2195089.63150000013411 ], [ 4969085.328300000168383, 2195104.961899999529123 ], [ 4969125.0176, 2195107.364199999719858 ], [ 4969169.1892, 2195102.424699999392033 ], [ 4969211.768400000408292, 2195095.569700000807643 ], [ 4969250.768899999558926, 2195087.722500000149012 ], [ 4969289.323400000110269, 2195076.509099999442697 ], [ 4969327.73589999973774, 2195064.166899999603629 ], [ 4969366.280399999581277, 2195052.943600000813603 ], [ 4969405.230899999849498, 2195045.1064 ], [ 4969445.257000000216067, 2195040.684299999848008 ], [ 4969486.683199999853969, 2195036.938699999824166 ], [ 4969528.432, 2195034.781199999153614 ], [ 4969569.426599999889731, 2195035.242900000885129 ], [ 4969608.5696, 2195039.364700000733137 ], [ 4969644.774299999698997, 2195048.178099999204278 ], [ 4969672.854000000283122, 2195071.6338 ], [ 4969693.965699999593198, 2195108.640799999237061 ], [ 4969716.0548, 2195144.786699999123812 ], [ 4969742.754999999888241, 2195178.366100000217557 ], [ 4969779.459699999541044, 2195182.192900000140071 ], [ 4969821.8317, 2195176.727099999785423 ], [ 4969861.791600000113249, 2195163.762599999085069 ], [ 4969891.99210000038147, 2195141.384999999776483 ], [ 4969915.2928, 2195110.5581 ], [ 4969934.5066, 2195074.2138 ], [ 4969950.0384, 2195035.098999999463558 ] ] ] ] } }
]
}
